release_cluster_id,release_program,vintage_date,series,n_events,event_ids,proposed_rules,earliest_revised_obs,max_depth_months,any_depth_censored,sources,evidence_locator,evidence_quote,agency_issue_date,automated_check,recommended_cause,recommended_secondary_cause,confidence,recommendation_basis,decision,final_cause,final_secondary_cause,verified_by,verified_date,notes
FDC-CPI-19510302,CPI,1951-03-02,CPIAUCNS,1,FD-CPIAUCNS-19510302,R90_UNCLASSIFIED,1950-01-01,14.0,False,"SRC-E7691C66C4: U.S. Bureau of Labor Statistics (via FRASER, Federal Reserve Bank of St. Louis), ""Interim Adjustment of Consumers' Price Index: Correction of New Unit Bias in Rent Component of Consumers' Price Index and Relative Importance of Items (BLS Bulletin No. 1039)"" (1951-06-29) https://fraser.stlouisfed.org/title/interim-adjustment-consumers-price-index-correction-new-unit-bias-rent-component-consumers-price-index-relative-importance-items-4427/fulltext",Bulletin 1039 text (FRASER OCR full text; excerpt capture),"The announce­ ment explained that indexes already published would be revised back to an early month of 1950, to provide a pre-Korean comparison. After extensive consideration of three alterna­ tive link dates for the new index series— January 1950, June 1950, and January 1951— January 1950 was finally chosen and published indexes back to January 1950 were recalculated. The new unit bias correction was applicable to January 1950, and the adjusted quantity weights were more appropriate to this date than to June 1950 or January 1951. The ultimate incor­ poration of this rent correction into the index had the effect of raising the national rent index by January 1950 by 6.8 index points, and the national “ all items” index by January 1950 by 1.3 index points.",,"stated: published indexes back to January 1950 recalculated; all-items index for January 1950 raised by 1.3 points. Observed CPIAUCNS 1950-01 166.9 -> 168.2 (+1.3) and revisions over 1950-01..1950-12 -> MATCH. Bulletin dated June 29, 1951 (after this vintage); release date of the first adjusted index not stated",methodology_change,,strong,release-specific source (see quote),,,,,,
FDC-CPI-19530227,CPI,1953-02-27,CPIAUCNS,1,FD-CPIAUCNS-19530227,R90_UNCLASSIFIED,1947-01-01,73.0,True,"SRC-D10CAAE239: U.S. Bureau of Labor Statistics (via FRASER, Federal Reserve Bank of St. Louis), ""The Consumer Price Index: A Layman's Guide (BLS Bulletin No. 1140)"" (1953) https://fraser.stlouisfed.org/files/docs/publications/bls/bls_1140_1953.pdf",Bulletin 1140 text,"the Bureau in 1949 began a comprehensive program for revising the index, and the January 1953 index figures were the first to appear on the revised basis. from the average for the years 1947, 1948, and 1949— the base period of the index, which is always equal to 100.",,"stated: the January 1953 index was the first on the revised basis, with 1947-49 = 100; observed: this vintage (January 1953 data) rescales all 1947-1952 values by about -40%, the size of a 1935-39 -> 1947-49 base change",methodology_change,rebase_or_definition,strong,release-specific source (see quote),,,,,,
FDC-CPI-19620228,CPI,1962-02-28,CPIAUCNS,1,FD-CPIAUCNS-19620228,R02_REBASE,1947-01-01,181.0,True,,,,,,rebase_or_definition,,moderate,constant-ratio rescaling of the whole shared history (data signature); release-specific source not located,,,,,,
FDC-CPI-19710219,CPI,1971-02-19,CPIAUCNS,1,FD-CPIAUCNS-19710219,R02_REBASE,1947-01-01,289.0,True,"SRC-64C0BA8426: U.S. Bureau of Labor Statistics (via FRASER, Federal Reserve Bank of St. Louis), ""The Consumer Price Index, January 1971 (BLS release)"" (1971-02) https://fraser.stlouisfed.org/files/docs/publications/cpi/1970s/cpi_011971.pdf","release text, 'New base period for Consumer Price Index'","Beginning with the release of data for January 1971, the reference base for the Consumer Price Index is 1967=100.",,stated: reference base 1967=100 beginning with January 1971 data; observed: this vintage (January 1971 data) rescales the whole history by a constant ratio (-14%) -> MATCH,rebase_or_definition,,strong,release-specific source (see quote),,,,,,
FDC-CPI-19720121,CPI,1972-01-21,CPIAUCNS,1,FD-CPIAUCNS-19720121,R90_UNCLASSIFIED,1971-08-01,5.0,False,,,,,,unknown,,none,no agency source located,,,,,,
FDC-CPI-19730522,CPI,1973-05-22,CPIAUCSL,1,FD-CPIAUCSL-19730522,R90_UNCLASSIFIED,1971-10-01,19.0,True,,,,,,unknown,,none,no agency source located,,,,,,
FDC-CPI-19740521,CPI,1974-05-21,CPIAUCSL,1,FD-CPIAUCSL-19740521,R90_UNCLASSIFIED,1972-11-01,18.0,True,,,,,,unknown,,none,no agency source located,,,,,,
FDC-CPI-19741022,CPI,1974-10-22,CPIAUCSL,1,FD-CPIAUCSL-19741022,R90_UNCLASSIFIED,1974-08-01,2.0,False,,,,,,unknown,,none,no agency source located,,,,,,
FDC-CPI-19741220,CPI,1974-12-20,CPIAUCNS;CPIAUCSL,2,FD-CPIAUCNS-19741220;FD-CPIAUCSL-19741220,R90_UNCLASSIFIED,1974-04-01,8.0,False,,,,,,unknown,,none,no agency source located,,,,,,
FDC-CPI-19750521,CPI,1975-05-21,CPIAUCSL,1,FD-CPIAUCSL-19750521,R90_UNCLASSIFIED,1973-10-01,19.0,True,,,,,,unknown,,none,no agency source located,,,,,,
FDC-CPI-19760220,CPI,1976-02-20,CPIAUCSL,1,FD-CPIAUCSL-19760220,R10_BLS_SA_FEB,1974-07-01,19.0,True,,,,,no archived BLS news release within 10 days after this vintage (archive starts June 2002),unknown,,none,"the BLS 5-year annual replacement policy was announced at the end of 1977, after this vintage; no source covers this February revision",,,,,,
FDC-CPI-19770218,CPI,1977-02-18,CPIAUCSL,1,FD-CPIAUCSL-19770218,R10_BLS_SA_FEB,1975-08-01,18.0,True,,,,,no archived BLS news release within 10 days after this vintage (archive starts June 2002),unknown,,none,"the BLS 5-year annual replacement policy was announced at the end of 1977, after this vintage; no source covers this February revision",,,,,,
FDC-CPI-19780227,CPI,1978-02-27,CPIAUCSL,1,FD-CPIAUCSL-19780227,R10_BLS_SA_FEB,1976-07-01,19.0,True,"SRC-3D0A9034D7: U.S. Bureau of Labor Statistics, ""Timeline of Seasonal Adjustment Methodological Changes (CPI)"" (date n/a) https://www.bls.gov/cpi/seasonal-adjustment/timeline-seasonal-adjustment-methodology-changes.htm","timeline entry 1977 (program-level, retrospective)",The updated seasonal data at the end of 1977 replaced data from 1967 to 1977. BLS announced that subsequent annual updates would replace 5 years of seasonal data.,,no archived BLS news release within 10 days after this vintage (archive starts June 2002) | program-level: annual February replacement of 5 years of seasonal data announced by BLS at the end of 1977; no release-specific document,seasonal_factor_recompute,,moderate,program-level BLS policy (5-year replacement since 1977); depth censored by the ALFRED vintage window,,,,,,
FDC-CPI-19790223,CPI,1979-02-23,CPIAUCSL,1,FD-CPIAUCSL-19790223,R10_BLS_SA_FEB,1977-07-01,19.0,True,"SRC-3D0A9034D7: U.S. Bureau of Labor Statistics, ""Timeline of Seasonal Adjustment Methodological Changes (CPI)"" (date n/a) https://www.bls.gov/cpi/seasonal-adjustment/timeline-seasonal-adjustment-methodology-changes.htm","timeline entry 1977 (program-level, retrospective)",The updated seasonal data at the end of 1977 replaced data from 1967 to 1977. BLS announced that subsequent annual updates would replace 5 years of seasonal data.,,no archived BLS news release within 10 days after this vintage (archive starts June 2002) | program-level: annual February replacement of 5 years of seasonal data announced by BLS at the end of 1977; no release-specific document,seasonal_factor_recompute,,moderate,program-level BLS policy (5-year replacement since 1977); depth censored by the ALFRED vintage window,,,,,,
FDC-CPI-19800222,CPI,1980-02-22,CPIAUCSL,1,FD-CPIAUCSL-19800222,R10_BLS_SA_FEB,1978-07-01,19.0,True,"SRC-3D0A9034D7: U.S. Bureau of Labor Statistics, ""Timeline of Seasonal Adjustment Methodological Changes (CPI)"" (date n/a) https://www.bls.gov/cpi/seasonal-adjustment/timeline-seasonal-adjustment-methodology-changes.htm","timeline entry 1977 (program-level, retrospective)",The updated seasonal data at the end of 1977 replaced data from 1967 to 1977. BLS announced that subsequent annual updates would replace 5 years of seasonal data.,,no archived BLS news release within 10 days after this vintage (archive starts June 2002) | program-level: annual February replacement of 5 years of seasonal data announced by BLS at the end of 1977; no release-specific document,seasonal_factor_recompute,,moderate,program-level BLS policy (5-year replacement since 1977); depth censored by the ALFRED vintage window,,,,,,
FDC-CPI-19810225,CPI,1981-02-25,CPIAUCSL,1,FD-CPIAUCSL-19810225,R10_BLS_SA_FEB,1979-07-01,19.0,True,"SRC-3D0A9034D7: U.S. Bureau of Labor Statistics, ""Timeline of Seasonal Adjustment Methodological Changes (CPI)"" (date n/a) https://www.bls.gov/cpi/seasonal-adjustment/timeline-seasonal-adjustment-methodology-changes.htm","timeline entry 1977 (program-level, retrospective)",The updated seasonal data at the end of 1977 replaced data from 1967 to 1977. BLS announced that subsequent annual updates would replace 5 years of seasonal data.,,no archived BLS news release within 10 days after this vintage (archive starts June 2002) | program-level: annual February replacement of 5 years of seasonal data announced by BLS at the end of 1977; no release-specific document,seasonal_factor_recompute,,moderate,program-level BLS policy (5-year replacement since 1977); depth censored by the ALFRED vintage window,,,,,,
FDC-CPI-19820225,CPI,1982-02-25,CPIAUCSL,1,FD-CPIAUCSL-19820225,R10_BLS_SA_FEB,1980-07-01,19.0,True,"SRC-3D0A9034D7: U.S. Bureau of Labor Statistics, ""Timeline of Seasonal Adjustment Methodological Changes (CPI)"" (date n/a) https://www.bls.gov/cpi/seasonal-adjustment/timeline-seasonal-adjustment-methodology-changes.htm","timeline entry 1977 (program-level, retrospective)",The updated seasonal data at the end of 1977 replaced data from 1967 to 1977. BLS announced that subsequent annual updates would replace 5 years of seasonal data.,,no archived BLS news release within 10 days after this vintage (archive starts June 2002) | program-level: annual February replacement of 5 years of seasonal data announced by BLS at the end of 1977; no release-specific document,seasonal_factor_recompute,,moderate,program-level BLS policy (5-year replacement since 1977); depth censored by the ALFRED vintage window,,,,,,
FDC-CPI-19830225,CPI,1983-02-25,CPIAUCSL,1,FD-CPIAUCSL-19830225,R10_BLS_SA_FEB,1981-07-01,19.0,True,"SRC-3D0A9034D7: U.S. Bureau of Labor Statistics, ""Timeline of Seasonal Adjustment Methodological Changes (CPI)"" (date n/a) https://www.bls.gov/cpi/seasonal-adjustment/timeline-seasonal-adjustment-methodology-changes.htm","timeline entry 1977 (program-level, retrospective)",The updated seasonal data at the end of 1977 replaced data from 1967 to 1977. BLS announced that subsequent annual updates would replace 5 years of seasonal data.,,no archived BLS news release within 10 days after this vintage (archive starts June 2002) | program-level: annual February replacement of 5 years of seasonal data announced by BLS at the end of 1977; no release-specific document,seasonal_factor_recompute,,moderate,program-level BLS policy (5-year replacement since 1977); depth censored by the ALFRED vintage window,,,,,,
FDC-CPI-19840224,CPI,1984-02-24,CPIAUCSL,1,FD-CPIAUCSL-19840224,R10_BLS_SA_FEB,1982-08-01,18.0,True,"SRC-3D0A9034D7: U.S. Bureau of Labor Statistics, ""Timeline of Seasonal Adjustment Methodological Changes (CPI)"" (date n/a) https://www.bls.gov/cpi/seasonal-adjustment/timeline-seasonal-adjustment-methodology-changes.htm","timeline entry 1977 (program-level, retrospective)",The updated seasonal data at the end of 1977 replaced data from 1967 to 1977. BLS announced that subsequent annual updates would replace 5 years of seasonal data.,,no archived BLS news release within 10 days after this vintage (archive starts June 2002) | program-level: annual February replacement of 5 years of seasonal data announced by BLS at the end of 1977; no release-specific document,seasonal_factor_recompute,,moderate,program-level BLS policy (5-year replacement since 1977); depth censored by the ALFRED vintage window,,,,,,
FDC-CPI-19850226,CPI,1985-02-26,CPIAUCSL,1,FD-CPIAUCSL-19850226,R10_BLS_SA_FEB,1983-07-01,19.0,True,"SRC-3D0A9034D7: U.S. Bureau of Labor Statistics, ""Timeline of Seasonal Adjustment Methodological Changes (CPI)"" (date n/a) https://www.bls.gov/cpi/seasonal-adjustment/timeline-seasonal-adjustment-methodology-changes.htm","timeline entry 1977 (program-level, retrospective)",The updated seasonal data at the end of 1977 replaced data from 1967 to 1977. BLS announced that subsequent annual updates would replace 5 years of seasonal data.,,no archived BLS news release within 10 days after this vintage (archive starts June 2002) | program-level: annual February replacement of 5 years of seasonal data announced by BLS at the end of 1977; no release-specific document,seasonal_factor_recompute,,moderate,program-level BLS policy (5-year replacement since 1977); depth censored by the ALFRED vintage window,,,,,,
FDC-CPI-19860225,CPI,1986-02-25,CPIAUCSL,1,FD-CPIAUCSL-19860225,R90_UNCLASSIFIED,1984-10-01,16.0,False,,,,,,unknown,,none,no agency source located,,,,,,
FDC-CPI-19870227,CPI,1987-02-27,CPIAUCSL,1,FD-CPIAUCSL-19870227,R10_BLS_SA_FEB,1985-07-01,19.0,True,"SRC-3D0A9034D7: U.S. Bureau of Labor Statistics, ""Timeline of Seasonal Adjustment Methodological Changes (CPI)"" (date n/a) https://www.bls.gov/cpi/seasonal-adjustment/timeline-seasonal-adjustment-methodology-changes.htm","timeline entry 1977 (program-level, retrospective)",The updated seasonal data at the end of 1977 replaced data from 1967 to 1977. BLS announced that subsequent annual updates would replace 5 years of seasonal data.,,no archived BLS news release within 10 days after this vintage (archive starts June 2002) | program-level: annual February replacement of 5 years of seasonal data announced by BLS at the end of 1977; no release-specific document,seasonal_factor_recompute,,moderate,program-level BLS policy (5-year replacement since 1977); depth censored by the ALFRED vintage window,,,,,,
FDC-CPI-19880226,CPI,1988-02-26,CPIAUCNS;CPIAUCSL,2,FD-CPIAUCNS-19880226;FD-CPIAUCSL-19880226,R02_REBASE,1947-01-01,493.0,True,"SRC-0493357557: U.S. Bureau of Labor Statistics (via FRASER, Federal Reserve Bank of St. Louis), ""CPI Detailed Report, Data for January 1988"" (1988) https://fraser.stlouisfed.org/files/docs/publications/cpidr/1980s/cpi_011988.pdf",cover and note,"NOTE: Effective with the release of the January 1988 CPI, the official reference base has been changed from 1967=100 to 1982-84=100.",,stated: official reference base changed from 1967=100 to 1982-84=100 effective with the January 1988 CPI; observed: this vintage rescales CPIAUCNS (whole history) and CPIAUCSL (whole vintage window) by a constant ratio (-66.6%) -> MATCH,rebase_or_definition,,strong,release-specific source (see quote),,,,,,
FDC-CPI-19890222,CPI,1989-02-22,CPIAUCSL,1,FD-CPIAUCSL-19890222,R10_BLS_SA_FEB,1987-07-01,19.0,True,"SRC-3D0A9034D7: U.S. Bureau of Labor Statistics, ""Timeline of Seasonal Adjustment Methodological Changes (CPI)"" (date n/a) https://www.bls.gov/cpi/seasonal-adjustment/timeline-seasonal-adjustment-methodology-changes.htm","timeline entry 1977 (program-level, retrospective)",The updated seasonal data at the end of 1977 replaced data from 1967 to 1977. BLS announced that subsequent annual updates would replace 5 years of seasonal data.,,no archived BLS news release within 10 days after this vintage (archive starts June 2002) | program-level: annual February replacement of 5 years of seasonal data announced by BLS at the end of 1977; no release-specific document,seasonal_factor_recompute,,moderate,program-level BLS policy (5-year replacement since 1977); depth censored by the ALFRED vintage window,,,,,,
FDC-CPI-19900221,CPI,1990-02-21,CPIAUCSL,1,FD-CPIAUCSL-19900221,R90_UNCLASSIFIED,1989-05-01,9.0,False,,,,,,unknown,,none,no agency source located,,,,,,
FDC-CPI-19910220,CPI,1991-02-20,CPIAUCSL,1,FD-CPIAUCSL-19910220,R10_BLS_SA_FEB,1989-08-01,18.0,True,"SRC-3D0A9034D7: U.S. Bureau of Labor Statistics, ""Timeline of Seasonal Adjustment Methodological Changes (CPI)"" (date n/a) https://www.bls.gov/cpi/seasonal-adjustment/timeline-seasonal-adjustment-methodology-changes.htm","timeline entry 1977 (program-level, retrospective)",The updated seasonal data at the end of 1977 replaced data from 1967 to 1977. BLS announced that subsequent annual updates would replace 5 years of seasonal data.,,no archived BLS news release within 10 days after this vintage (archive starts June 2002) | program-level: annual February replacement of 5 years of seasonal data announced by BLS at the end of 1977; no release-specific document,seasonal_factor_recompute,,moderate,program-level BLS policy (5-year replacement since 1977); depth censored by the ALFRED vintage window,,,,,,
FDC-CPI-19920219,CPI,1992-02-19,CPIAUCSL,1,FD-CPIAUCSL-19920219,R10_BLS_SA_FEB,1990-07-01,19.0,True,"SRC-3D0A9034D7: U.S. Bureau of Labor Statistics, ""Timeline of Seasonal Adjustment Methodological Changes (CPI)"" (date n/a) https://www.bls.gov/cpi/seasonal-adjustment/timeline-seasonal-adjustment-methodology-changes.htm","timeline entry 1977 (program-level, retrospective)",The updated seasonal data at the end of 1977 replaced data from 1967 to 1977. BLS announced that subsequent annual updates would replace 5 years of seasonal data.,,no archived BLS news release within 10 days after this vintage (archive starts June 2002) | program-level: annual February replacement of 5 years of seasonal data announced by BLS at the end of 1977; no release-specific document,seasonal_factor_recompute,,moderate,program-level BLS policy (5-year replacement since 1977); depth censored by the ALFRED vintage window,,,,,,
FDC-CPI-19930218,CPI,1993-02-18,CPIAUCSL,1,FD-CPIAUCSL-19930218,R10_BLS_SA_FEB,1991-07-01,19.0,True,"SRC-3D0A9034D7: U.S. Bureau of Labor Statistics, ""Timeline of Seasonal Adjustment Methodological Changes (CPI)"" (date n/a) https://www.bls.gov/cpi/seasonal-adjustment/timeline-seasonal-adjustment-methodology-changes.htm","timeline entry 1977 (program-level, retrospective)",The updated seasonal data at the end of 1977 replaced data from 1967 to 1977. BLS announced that subsequent annual updates would replace 5 years of seasonal data.,,no archived BLS news release within 10 days after this vintage (archive starts June 2002) | program-level: annual February replacement of 5 years of seasonal data announced by BLS at the end of 1977; no release-specific document,seasonal_factor_recompute,,moderate,program-level BLS policy (5-year replacement since 1977); depth censored by the ALFRED vintage window,,,,,,
FDC-CPI-19940217,CPI,1994-02-17,CPIAUCSL,1,FD-CPIAUCSL-19940217,R10_BLS_SA_FEB,1992-06-01,20.0,True,"SRC-3D0A9034D7: U.S. Bureau of Labor Statistics, ""Timeline of Seasonal Adjustment Methodological Changes (CPI)"" (date n/a) https://www.bls.gov/cpi/seasonal-adjustment/timeline-seasonal-adjustment-methodology-changes.htm","timeline entry 1977 (program-level, retrospective)",The updated seasonal data at the end of 1977 replaced data from 1967 to 1977. BLS announced that subsequent annual updates would replace 5 years of seasonal data.,,no archived BLS news release within 10 days after this vintage (archive starts June 2002) | program-level: annual February replacement of 5 years of seasonal data announced by BLS at the end of 1977; no release-specific document,seasonal_factor_recompute,,moderate,program-level BLS policy (5-year replacement since 1977); depth censored by the ALFRED vintage window,,,,,,
FDC-CPI-19950215,CPI,1995-02-15,CPIAUCSL,1,FD-CPIAUCSL-19950215,R10_BLS_SA_FEB,1990-01-01,61.0,False,"SRC-3D0A9034D7: U.S. Bureau of Labor Statistics, ""Timeline of Seasonal Adjustment Methodological Changes (CPI)"" (date n/a) https://www.bls.gov/cpi/seasonal-adjustment/timeline-seasonal-adjustment-methodology-changes.htm","timeline entry 1977 (program-level, retrospective)",The updated seasonal data at the end of 1977 replaced data from 1967 to 1977. BLS announced that subsequent annual updates would replace 5 years of seasonal data.,,no archived BLS news release within 10 days after this vintage (archive starts June 2002) | program-level: annual February replacement of 5 years of seasonal data announced by BLS at the end of 1977; no release-specific document,seasonal_factor_recompute,,moderate,program-level BLS policy; no release-specific document online,,,,,,
FDC-CPI-19960228,CPI,1996-02-28,CPIAUCSL,1,FD-CPIAUCSL-19960228,R10_BLS_SA_FEB,1991-03-01,59.0,False,"SRC-3D0A9034D7: U.S. Bureau of Labor Statistics, ""Timeline of Seasonal Adjustment Methodological Changes (CPI)"" (date n/a) https://www.bls.gov/cpi/seasonal-adjustment/timeline-seasonal-adjustment-methodology-changes.htm","timeline entry 1977 (program-level, retrospective)",The updated seasonal data at the end of 1977 replaced data from 1967 to 1977. BLS announced that subsequent annual updates would replace 5 years of seasonal data.,,no archived BLS news release within 10 days after this vintage (archive starts June 2002) | program-level: annual February replacement of 5 years of seasonal data announced by BLS at the end of 1977; no release-specific document,seasonal_factor_recompute,,moderate,program-level BLS policy; no release-specific document online,,,,,,
FDC-CPI-19970219,CPI,1997-02-19,CPIAUCSL;CPILFESL,2,FD-CPIAUCSL-19970219;FD-CPILFESL-19970219,R10_BLS_SA_FEB,1992-02-01,60.0,False,"SRC-3D0A9034D7: U.S. Bureau of Labor Statistics, ""Timeline of Seasonal Adjustment Methodological Changes (CPI)"" (date n/a) https://www.bls.gov/cpi/seasonal-adjustment/timeline-seasonal-adjustment-methodology-changes.htm","timeline entry 1977 (program-level, retrospective)",The updated seasonal data at the end of 1977 replaced data from 1967 to 1977. BLS announced that subsequent annual updates would replace 5 years of seasonal data.,,no archived BLS news release within 10 days after this vintage (archive starts June 2002) | program-level: annual February replacement of 5 years of seasonal data announced by BLS at the end of 1977; no release-specific document,seasonal_factor_recompute,,moderate,program-level BLS policy; no release-specific document online,,,,,,
FDC-CPI-19980224,CPI,1998-02-24,CPIAUCSL;CPILFESL,2,FD-CPIAUCSL-19980224;FD-CPILFESL-19980224,R10_BLS_SA_FEB,1993-03-01,59.0,False,"SRC-3D0A9034D7: U.S. Bureau of Labor Statistics, ""Timeline of Seasonal Adjustment Methodological Changes (CPI)"" (date n/a) https://www.bls.gov/cpi/seasonal-adjustment/timeline-seasonal-adjustment-methodology-changes.htm","timeline entry 1977 (program-level, retrospective)",The updated seasonal data at the end of 1977 replaced data from 1967 to 1977. BLS announced that subsequent annual updates would replace 5 years of seasonal data.,,no archived BLS news release within 10 days after this vintage (archive starts June 2002) | program-level: annual February replacement of 5 years of seasonal data announced by BLS at the end of 1977; no release-specific document,seasonal_factor_recompute,,moderate,program-level BLS policy; no release-specific document online,,,,,,
FDC-CPI-19990219,CPI,1999-02-19,CPIAUCSL;CPILFESL,2,FD-CPIAUCSL-19990219;FD-CPILFESL-19990219,R10_BLS_SA_FEB,1994-02-01,60.0,False,"SRC-3D0A9034D7: U.S. Bureau of Labor Statistics, ""Timeline of Seasonal Adjustment Methodological Changes (CPI)"" (date n/a) https://www.bls.gov/cpi/seasonal-adjustment/timeline-seasonal-adjustment-methodology-changes.htm","timeline entry 1977 (program-level, retrospective)",The updated seasonal data at the end of 1977 replaced data from 1967 to 1977. BLS announced that subsequent annual updates would replace 5 years of seasonal data.,,no archived BLS news release within 10 days after this vintage (archive starts June 2002) | program-level: annual February replacement of 5 years of seasonal data announced by BLS at the end of 1977; no release-specific document,seasonal_factor_recompute,,moderate,program-level BLS policy; no release-specific document online,,,,,,
FDC-CPI-20000218,CPI,2000-02-18,CPIAUCSL;CPILFESL,2,FD-CPIAUCSL-20000218;FD-CPILFESL-20000218,R10_BLS_SA_FEB,1995-04-01,58.0,False,"SRC-3D0A9034D7: U.S. Bureau of Labor Statistics, ""Timeline of Seasonal Adjustment Methodological Changes (CPI)"" (date n/a) https://www.bls.gov/cpi/seasonal-adjustment/timeline-seasonal-adjustment-methodology-changes.htm","timeline entry 1977 (program-level, retrospective)",The updated seasonal data at the end of 1977 replaced data from 1967 to 1977. BLS announced that subsequent annual updates would replace 5 years of seasonal data.,,no archived BLS news release within 10 days after this vintage (archive starts June 2002) | program-level: annual February replacement of 5 years of seasonal data announced by BLS at the end of 1977; no release-specific document,seasonal_factor_recompute,,moderate,program-level BLS policy; no release-specific document online,,,,,,
FDC-CPI-20000928,CPI,2000-09-28,CPIAUCNS;CPIAUCSL;CPILFESL,3,FD-CPIAUCNS-20000928;FD-CPIAUCSL-20000928;FD-CPILFESL-20000928,R90_UNCLASSIFIED,2000-01-01,8.0,False,"SRC-F5255A6C17: U.S. Bureau of Labor Statistics, ""Consumer Price Index news release, September 2000 data (2000-10-18)"" (2000-10-18) https://www.bls.gov/news.release/history/cpi_10182000.txt
SRC-FB4B88D286: Bureau of the Public Debt (U.S. Treasury), ""Statement on CPI Revision and Inflation-Indexed Securities (September 28, 2000)"" (2000-09-28) https://slgs.gov/news/2000/release-09-28/",note to the summary table || web page,"r = Revised percent changes based on indexes recalculated to correct for an error in the residential rent and owners' equivalent rent components of the index. For this reason, some of the figures above and elsewhere in this report differ from those previously published. Information on the error and all corrected index values were made available on September 28. || The Bureau of Labor Statistics today released revised index numbers for the consumer price index numbers previously reported for January through August 2000.",,"stated: indexes recalculated to correct an error in the residential rent and owners' equivalent rent components; corrected values made available on September 28 (= this vintage); observed revisions 2000-01..2000-08 -> MATCH || stated Jan-Aug 2000 vs observed 2000-01..2000-08 -> MATCH; reason for the revision not stated in this source (secondary source: Treasury, not BLS)",correction,,strong,release-specific source (see quote),,,,,,
FDC-CPI-20010221,CPI,2001-02-21,CPIAUCSL;CPILFESL,2,FD-CPIAUCSL-20010221;FD-CPILFESL-20010221,R10_BLS_SA_FEB,1996-01-01,61.0,False,"SRC-3D0A9034D7: U.S. Bureau of Labor Statistics, ""Timeline of Seasonal Adjustment Methodological Changes (CPI)"" (date n/a) https://www.bls.gov/cpi/seasonal-adjustment/timeline-seasonal-adjustment-methodology-changes.htm","timeline entry 1977 (program-level, retrospective)",The updated seasonal data at the end of 1977 replaced data from 1967 to 1977. BLS announced that subsequent annual updates would replace 5 years of seasonal data.,,no archived BLS news release within 10 days after this vintage (archive starts June 2002) | program-level: annual February replacement of 5 years of seasonal data announced by BLS at the end of 1977; no release-specific document,seasonal_factor_recompute,,moderate,program-level BLS policy; no release-specific document online,,,,,,
FDC-CPI-20020220,CPI,2002-02-20,CPIAUCSL;CPILFESL,2,FD-CPIAUCSL-20020220;FD-CPILFESL-20020220,R90_UNCLASSIFIED,1987-01-01,181.0,False,"SRC-3D0A9034D7: U.S. Bureau of Labor Statistics, ""Timeline of Seasonal Adjustment Methodological Changes (CPI)"" (date n/a) https://www.bls.gov/cpi/seasonal-adjustment/timeline-seasonal-adjustment-methodology-changes.htm",entry: January 2002,January 2002 The expenditure weights used to calculate the Consumer Price Index (CPI) were updated and the seasonally adjusted indexes for dependently adjusted series were revised from January 1987 through December 2001.,,"stated start 1987-01 vs observed 1987-01 (CPIAUCSL, CPILFESL) -> MATCH",methodology_change,seasonal_factor_recompute,strong,release-specific source (see quote),,,,,,
FDC-CPI-20030221,CPI,2003-02-21,CPIAUCSL;CPILFESL,2,FD-CPIAUCSL-20030221;FD-CPILFESL-20030221,R10_BLS_SA_FEB,1998-02-01,60.0,False,"SRC-16085A9F52: U.S. Bureau of Labor Statistics, ""Consumer Price Index news release (2003-02-21)"" (2003-02-21) https://www.bls.gov/news.release/archives/cpi_02212003.pdf",,"Jan.’03 Jan.’03 All Items .2 .2 .2 .2 .1 .1 .3 2.2 2.6 Food and beverages .1 -.1 .2 .1 .2 .2 -.2 1.1 1.1 Housing .2 .2 .2 .3 .1 .2 .4 2.9 2.6 Apparel -.6 .8 -.2 -.2 -.2 -.2 -.9 -5.4 -1.9 Transportation .4 .3 .2 .5 -.2 -.3 1.1 2.6 4.6 Medical care .6 .2 .3 .6 .5 .4 .1 4.1 4.6 Recreation .0 .1 .1 .2 .0 .2 .2 1.5 1.1 Education and Communication .7 .6 -.1 .0 .0 .2 .5 2.6 2.3 Other goods and Services .0 .5 .4 -.5 .1 .1 .2 1.5 3.2 Special indexes: Energy .7 .2 .4 1.4 -.5 -.4 4.0 12.9 14.1 Food .1 -.1 .2 .1 .2 .2 -.2 .9 1.0 All items less Food and energy .2 .3 .2 .1 .1 .2 .1 1.5 1.9 Note: Seasonal factors have been recalculated to reflect developments during 2002. City Average Consumer Price Index for All Urban Consumers (CPI-U) for All Items and for All Items less food and energy, seasonally adjusted, using former and recalculated seasonal factors for 2002. In January 2002, dependently seasonally adjusted series were revised for January 1987- December 2001 as a result of a change in the aggregation weights for dependently adjusted series.",,news release dated 2003-02-21 (+0 days after the ALFRED vintage) | CPIAUCSL: earliest revised 1998-07; stated window starts 1998-01 -> MATCH (within first year of the 5-year window) | CPILFESL: earliest revised 1998-02; stated window starts 1998-01 -> MATCH (within first year of the 5-year window),seasonal_factor_recompute,,strong,BLS release on this date announces the annual seasonal-factor recalculation,,,,,,
FDC-CPI-20040220,CPI,2004-02-20,CPIAUCSL;CPILFESL,2,FD-CPIAUCSL-20040220;FD-CPILFESL-20040220,R10_BLS_SA_FEB,1999-02-01,60.0,False,"SRC-6D149D441F: U.S. Bureau of Labor Statistics, ""Consumer Price Index news release (2004-02-20)"" (2004-02-20) https://www.bls.gov/news.release/archives/cpi_02202004.pdf",,"Jan.’04 Jan.’04 All Items .2 .4 .3 -.1 -.2 .2 .5 2.0 1.9 Food and beverages .1 .3 .3 .4 .4 .5 -.1 3.6 3.5 Housing .2 .1 .1 .2 -.1 .2 .4 2.2 2.2 Apparel -.2 .1 .2 .2 -.5 -.3 -.3 -4.5 -1.9 Transportation .1 1.2 .9 -1.4 -1.3 -.2 1.7 .5 1.0 Medical care .4 .3 .4 .2 .3 .5 .2 4.2 3.8 Recreation .1 .0 .1 -.1 .2 .1 .0 1.1 .9 Education and communication .3 .4 .2 .0 .2 .2 .1 1.8 1.3 Other goods and services .4 .2 .1 .1 .0 .2 .3 2.0 1.7 Special indexes: Energy .3 3.1 3.3 -3.5 -3.0 .3 4.7 7.8 7.8 Food .1 .4 .2 .5 .4 .5 .0 3.8 3.5 All items less food and energy .2 .1 .1 .2 .0 .1 .2 .8 1.1 Note: Seasonal factors have been recalculated to reflect developments during 2003. City Average Consumer Price Index for All Urban Consumers (CPI-U) for All Items and for All Items less food and energy, seasonally adjusted, using former and recalculated seasonal factors for 2003. In January 2002, dependently seasonally adjusted series were revised for January 1987- December 2001 as a result of a change in the aggregation weights for dependently adjusted series.",,news release dated 2004-02-20 (+0 days after the ALFRED vintage) | CPIAUCSL: earliest revised 1999-02; stated window starts 1999-01 -> MATCH (within first year of the 5-year window) | CPILFESL: earliest revised 1999-06; stated window starts 1999-01 -> MATCH (within first year of the 5-year window),seasonal_factor_recompute,,strong,BLS release on this date announces the annual seasonal-factor recalculation,,,,,,
FDC-CPI-20050218,CPI,2005-02-18,CPIAUCSL;CPILFESL,2,FD-CPIAUCSL-20050218;FD-CPILFESL-20050218,R10_BLS_SA_FEB,2000-01-01,61.0,False,"SRC-DB186779E6: U.S. Bureau of Labor Statistics, ""Consumer Price Index news release (2005-02-23)"" (2005-02-23) https://www.bls.gov/news.release/archives/cpi_02232005.pdf",,"Jan.’05 Jan.’05 All Items -.1 .1 .2 .6 .3 .0 .1 1.3 3.0 Food and beverages .3 .0 .0 .5 .3 .0 .1 1.5 2.8 Housing .3 .1 .3 .2 .3 .2 .1 2.5 3.0 Apparel -.5 -.3 .0 .0 .2 -.4 .3 .7 .3 Transportation -1.1 -.3 .2 2.1 .2 -.7 -.2 -2.6 4.5 Medical care .3 .3 .3 .4 .3 .3 .4 3.9 4.3 Recreation -.1 -.2 .2 .1 .1 .0 .1 .7 .9 Education and communication .1 .0 .4 -.2 .4 .1 .1 2.2 1.4 Other goods and services .3 .2 .2 .2 .1 .4 .4 3.6 2.6 Special indexes: Energy -2.4 -.3 -.3 4.0 1.0 -1.3 -1.1 -6.0 10.6 Food .3 .0 -.1 .6 .3 .0 .1 1.5 2.9 All items less food and energy .1 .1 .3 .2 .2 .2 .2 2.0 2.3 Note: Seasonal factors have been recalculated to reflect developments during 2004. City Average Consumer Price Index for All Urban Consumers (CPI-U) for All Items and for All Items less food and energy, seasonally adjusted, using former and recalculated seasonal factors for 2004. Each year, the last 5 years of seasonally adjusted data are revised.",,news release dated 2005-02-23 (+5 days after the ALFRED vintage) | CPIAUCSL: earliest revised 2000-02; stated window starts 2000-01 -> MATCH (within first year of the 5-year window) | CPILFESL: earliest revised 2000-01; stated window starts 2000-01 -> MATCH (within first year of the 5-year window),seasonal_factor_recompute,,strong,BLS release on this date announces the annual seasonal-factor recalculation,,,,,,
FDC-CPI-20060217,CPI,2006-02-17,CPIAUCSL;CPILFESL,2,FD-CPIAUCSL-20060217;FD-CPILFESL-20060217,R10_BLS_SA_FEB,2001-03-01,59.0,False,"SRC-BD73AFA3B3: U.S. Bureau of Labor Statistics, ""Consumer Price Index news release (2006-02-22)"" (2006-02-22) https://www.bls.gov/news.release/archives/cpi_02222006.pdf",,"Jan.’06 Jan.’06 All Items .6 .6 1.2 .3 -.7 -.1 .7 -.2 4.0 Food and beverages .2 .1 .3 .2 .3 .1 .5 3.4 2.6 Housing .4 .2 .5 .9 .4 .2 .5 4.1 4.3 Apparel -.6 .7 -.1 -.3 .1 -.3 .3 .7 -1.0 Transportation 2.1 2.3 5.0 -1.2 -4.9 -.7 1.8 -14.7 7.3 Medical care .4 .1 .3 .6 .5 .2 .1 3.5 4.0 Recreation .1 .3 .4 .2 -.1 .1 .0 .0 .9 Education and communication .1 .0 .6 .0 .4 .2 .4 4.3 2.7 Other goods and services .5 .2 .2 .1 .3 .4 .3 4.0 2.9 Special indexes: Energy 5.3 5.1 11.8 .0 -8.1 -2.1 5.0 -20.6 24.8 Food .2 .1 .2 .3 .3 .1 .5 3.4 2.6 All items less food and energy .2 .1 .1 .2 .2 .1 .2 2.4 2.1 Note: Seasonal factors have been recalculated to reflect developments during 2005. City Average Consumer Price Index for All Urban Consumers (CPI-U) for All Items and for All Items less food and energy, seasonally adjusted, using former and recalculated seasonal factors for 2005. Each year, the last 5 years of seasonally adjusted data are revised.",,news release dated 2006-02-22 (+5 days after the ALFRED vintage) | CPIAUCSL: earliest revised 2001-04; stated window starts 2001-01 -> MATCH (within first year of the 5-year window) | CPILFESL: earliest revised 2001-03; stated window starts 2001-01 -> MATCH (within first year of the 5-year window),seasonal_factor_recompute,,strong,BLS release on this date announces the annual seasonal-factor recalculation,,,,,,
FDC-CPI-20070216,CPI,2007-02-16,CPIAUCSL;CPILFESL,2,FD-CPIAUCSL-20070216;FD-CPILFESL-20070216,R10_BLS_SA_FEB,2002-03-01,59.0,False,"SRC-E7BC107ED8: U.S. Bureau of Labor Statistics, ""Consumer Price Index news release (2007-02-21)"" (2007-02-21) https://www.bls.gov/news.release/archives/cpi_02212007.pdf",p. 1,"Note: Seasonal factors have been recalculated to reflect developments during 2006. City Average Consumer Price Index for All Urban Consumers (CPI-U) for All Items and for All Items less food and energy, seasonally adjusted, using former and recalculated seasonal factors for 2006. Each year, the last 5 years of seasonally adjusted data are revised.",,news release dated 2007-02-21 (+5 days after the ALFRED vintage) | CPIAUCSL: earliest revised 2002-03; stated window starts 2002-01 -> MATCH (within first year of the 5-year window) | CPILFESL: earliest revised 2002-09; stated window starts 2002-01 -> MATCH (within first year of the 5-year window),seasonal_factor_recompute,,strong,BLS release on this date announces the annual seasonal-factor recalculation,,,,,,
FDC-CPI-20080215,CPI,2008-02-15,CPIAUCSL;CPILFESL,2,FD-CPIAUCSL-20080215;FD-CPILFESL-20080215,R10_BLS_SA_FEB,2003-01-01,61.0,False,"SRC-FA2336F3EF: U.S. Bureau of Labor Statistics, ""Consumer Price Index news release (2008-02-20)"" (2008-02-20) https://www.bls.gov/news.release/archives/cpi_02202008.pdf",,"Jan. 2008 Jan. 2008 2007 2007 2007 2007 2007 2007 2008 All items ................................. .2 .0 .4 .3 .9 .4 .4 6.8 4.3 Food and beverages ........... .3 .4 .5 .2 .4 .1 .7 4.6 4.8 Housing ............................... .2 .1 .3 .2 .4 .3 .2 3.5 3.0 Apparel ................................ .4 -.5 .2 .1 .6 .1 .4 4.6 -.2 Transportation ..................... .3 -.6 .7 .3 3.5 1.0 .5 22.3 9.4 Medical care ........................ .6 .5 .4 .5 .4 .3 .5 5.1 4.9 Recreation ........................... -.1 -.1 .2 .3 .2 .0 .2 1.6 1.0 Education and communication .............. .2 .3 .2 .3 .0 .3 .4 2.8 3.4 Other goods and services ... .1 .1 .3 .2 .2 .3 .4 3.9 3.0 Special indexes: Energy ........... City Average Consumer Price Index for All Urban Consumers (CPI-U) for All Items and for All Items less food and energy, seasonally adjusted, using former and recalculated seasonal factors for 2007. Each year, the last 5 years of seasonally adjusted data are revised.",,news release dated 2008-02-20 (+5 days after the ALFRED vintage) | CPIAUCSL: earliest revised 2003-01; stated window starts 2003-01 -> MATCH (within first year of the 5-year window) | CPILFESL: earliest revised 2003-01; stated window starts 2003-01 -> MATCH (within first year of the 5-year window),seasonal_factor_recompute,,strong,BLS release on this date announces the annual seasonal-factor recalculation,,,,,,
FDC-CPI-20090218,CPI,2009-02-18,CPIAUCSL;CPILFESL,2,FD-CPIAUCSL-20090218;FD-CPILFESL-20090218,R10_BLS_SA_FEB,2004-01-01,61.0,False,"SRC-98EE63C679: U.S. Bureau of Labor Statistics, ""Consumer Price Index news release (2009-02-20)"" (2009-02-20) https://www.bls.gov/news.release/archives/cpi_02202009.pdf",,"Revised seasonally adjusted changes Over-the-month percent changes in the U.S. City Average Consumer Price Index for All Urban Consumers (CPI-U) for All Items and for All Items less food and energy, seasonally adjusted, using former and recalculated seasonal factors for 2008. Each year, the last 5 years of seasonally adjusted data are revised.",,news release dated 2009-02-20 (+2 days after the ALFRED vintage) | CPIAUCSL: earliest revised 2004-01; stated window starts 2004-01 -> MATCH (within first year of the 5-year window) | CPILFESL: earliest revised 2004-01; stated window starts 2004-01 -> MATCH (within first year of the 5-year window),seasonal_factor_recompute,,strong,BLS release on this date announces the annual seasonal-factor recalculation,,,,,,
FDC-CPI-20100217,CPI,2010-02-17,CPIAUCSL;CPILFESL,2,FD-CPIAUCSL-20100217;FD-CPILFESL-20100217,R10_BLS_SA_FEB,2005-01-01,61.0,False,"SRC-923A5F2BEA: U.S. Bureau of Labor Statistics, ""Consumer Price Index news release (2010-02-19)"" (2010-02-19) https://www.bls.gov/news.release/archives/cpi_02192010.pdf",,"See page 6 for further information. -4- Revised seasonally adjusted changes Over-the-month percent changes in the U.S. City Average Consumer Price Index for All Urban Consumers (CPI-U) for All Items and for All Items less food and energy, seasonally adjusted, using former and recalculated seasonal factors for 2009. Each year, the last 5 years of seasonally adjusted data are revised.",,news release dated 2010-02-19 (+2 days after the ALFRED vintage) | CPIAUCSL: earliest revised 2005-01; stated window starts 2005-01 -> MATCH (within first year of the 5-year window) | CPILFESL: earliest revised 2005-04; stated window starts 2005-01 -> MATCH (within first year of the 5-year window),seasonal_factor_recompute,,strong,BLS release on this date announces the annual seasonal-factor recalculation,,,,,,
FDC-CPI-20110215,CPI,2011-02-15,CPIAUCSL;CPILFESL,2,FD-CPIAUCSL-20110215;FD-CPILFESL-20110215,R10_BLS_SA_FEB,2006-01-01,61.0,False,"SRC-A77DF58A82: U.S. Bureau of Labor Statistics, ""Consumer Price Index news release (2011-02-17)"" (2011-02-17) https://www.bls.gov/news.release/archives/cpi_02172011.pdf",p. 4,"The title for Canned fish and seafood has changed to Shelf stable fish and seafood to better reflect current packaging methods. -4- Revised seasonally adjusted changes Over-the-month percent changes in the U.S. City Average Consumer Price Index for All Urban Consumers (CPI-U) for All Items and for All Items less food and energy, seasonally adjusted, using former and recalculated seasonal factors for 2010. Each year, the last 5 years of seasonally adjusted data are revised.",,news release dated 2011-02-17 (+2 days after the ALFRED vintage) | CPIAUCSL: earliest revised 2006-01; stated window starts 2006-01 -> MATCH (within first year of the 5-year window) | CPILFESL: earliest revised 2006-04; stated window starts 2006-01 -> MATCH (within first year of the 5-year window),seasonal_factor_recompute,,strong,BLS release on this date announces the annual seasonal-factor recalculation,,,,,,
FDC-CPI-20120215,CPI,2012-02-15,CPIAUCSL;CPILFESL,2,FD-CPIAUCSL-20120215;FD-CPILFESL-20120215,R10_BLS_SA_FEB,2007-01-01,61.0,False,"SRC-44FCF97659: U.S. Bureau of Labor Statistics, ""Consumer Price Index news release (2012-02-17)"" (2012-02-17) https://www.bls.gov/news.release/archives/cpi_02172012.pdf",p. 9,"Each year, the last 5 years of seasonally adjusted data are revised. Exceptions to the usual revision schedule were: the updated seasonal data at the end of 1977 replaced data from 1967 through 1977; and, in January 2002, dependently seasonally adjusted series were revised for January 1987-December 2001 as a result of a change in the aggregation weights for dependently adjusted series. Seasonally adjusted data, including the all items index levels, are subject to revision for up to five years after their original release.",,news release dated 2012-02-17 (+2 days after the ALFRED vintage) | CPIAUCSL: earliest revised 2007-01; stated window starts 2007-01 -> MATCH (within first year of the 5-year window) | CPILFESL: earliest revised 2007-01; stated window starts 2007-01 -> MATCH (within first year of the 5-year window),seasonal_factor_recompute,,strong,BLS release on this date announces the annual seasonal-factor recalculation,,,,,,
FDC-CPI-20130219,CPI,2013-02-19,CPIAUCSL;CPILFESL,2,FD-CPIAUCSL-20130219;FD-CPILFESL-20130219,R10_BLS_SA_FEB,2008-01-01,61.0,False,"SRC-B66BD61459: U.S. Bureau of Labor Statistics, ""Consumer Price Index news release (2013-02-21)"" (2013-02-21) https://www.bls.gov/news.release/archives/cpi_02212013.pdf",p. 7,"Each year, the last 5 years of seasonally adjusted data are revised. Exceptions to the usual revision schedule were: the -7- updated seasonal data at the end of 1977 replaced data from 1967 through 1977; and, in January 2002, dependently seasonally adjusted series were revised for January 1987-December 2001 as a result of a change in the aggregation weights for dependently adjusted series. Seasonally adjusted data, including the all items index levels, are subject to revision for up to five years after their original release.",,news release dated 2013-02-21 (+2 days after the ALFRED vintage) | CPIAUCSL: earliest revised 2008-01; stated window starts 2008-01 -> MATCH (within first year of the 5-year window) | CPILFESL: earliest revised 2008-01; stated window starts 2008-01 -> MATCH (within first year of the 5-year window),seasonal_factor_recompute,,strong,BLS release on this date announces the annual seasonal-factor recalculation,,,,,,
FDC-CPI-20140218,CPI,2014-02-18,CPIAUCSL;CPILFESL,2,FD-CPIAUCSL-20140218;FD-CPILFESL-20140218,R10_BLS_SA_FEB,2009-01-01,61.0,False,"SRC-7DA57AAF81: U.S. Bureau of Labor Statistics, ""Consumer Price Index news release (2014-02-20)"" (2014-02-20) https://www.bls.gov/news.release/archives/cpi_02202014.pdf",p. 7,"Each year, the last five years of seasonally adjusted data are revised. Exceptions to the usual revision schedule were: the updated seasonal data at the end of 1977 replaced data from 1967 through 1977; and, in January 2002, dependently seasonally adjusted series were revised for January 1987-December 2001 as a result of a change in the aggregation weights for dependently adjusted series. Seasonally adjusted data, including the all items index levels, are subject to revision for up to five years after their original release.",,news release dated 2014-02-20 (+2 days after the ALFRED vintage) | CPIAUCSL: earliest revised 2009-01; stated window starts 2009-01 -> MATCH (within first year of the 5-year window) | CPILFESL: earliest revised 2009-01; stated window starts 2009-01 -> MATCH (within first year of the 5-year window),seasonal_factor_recompute,,strong,BLS release on this date announces the annual seasonal-factor recalculation,,,,,,
FDC-CPI-20150220,CPI,2015-02-20,CPIAUCSL;CPILFESL,2,FD-CPIAUCSL-20150220;FD-CPILFESL-20150220,R10_BLS_SA_FEB,2010-01-01,61.0,False,"SRC-97601884C6: U.S. Bureau of Labor Statistics, ""Consumer Price Index news release (2015-02-26)"" (2015-02-26) https://www.bls.gov/news.release/archives/cpi_02262015.pdf",p. 8,"Each year, the last five years of seasonally adjusted data are revised. Exceptions to the usual revision schedule were: the updated seasonal data at the end of 1977 replaced data from 1967 through 1977; and, in January 2002, dependently seasonally adjusted series were revised for January 1987-December 2001 as a result of a change in the aggregation weights for dependently adjusted series. Seasonally adjusted data, including the all items index levels, are subject to revision for up to five years after their original release.",,news release dated 2015-02-26 (+6 days after the ALFRED vintage) | CPIAUCSL: earliest revised 2010-01; stated window starts 2010-01 -> MATCH (within first year of the 5-year window) | CPILFESL: earliest revised 2010-01; stated window starts 2010-01 -> MATCH (within first year of the 5-year window),seasonal_factor_recompute,,strong,BLS release on this date announces the annual seasonal-factor recalculation,,,,,,
FDC-CPI-20160219,CPI,2016-02-19,CPIAUCSL;CPILFESL,2,FD-CPIAUCSL-20160219;FD-CPILFESL-20160219,R10_BLS_SA_FEB,2011-01-01,61.0,False,"SRC-1439A7368B: U.S. Bureau of Labor Statistics, ""Consumer Price Index news release (2016-02-19)"" (2016-02-19) https://www.bls.gov/news.release/archives/cpi_02192016.pdf",p. 7,"These factors are updated each February, and the new factors are used to revise the previous five years of seasonally adjusted data. For more information on data revisions and exceptions to the usual revision schedule, please see the Fact Sheet on Seasonal Adjustment (http://www.bls.gov/cpi/cpisaqanda.htm) and the Timeline of Seasonal Adjustment Methodological Changes (http://www.bls.gov/cpi/cpiseastimeline.htm). BLS advises against the use of seasonally adjusted data in escalation agreements because seasonally adjusted series are revised annually.",,news release dated 2016-02-19 (+0 days after the ALFRED vintage) | CPIAUCSL: earliest revised 2011-01; stated window starts 2011-01 -> MATCH (within first year of the 5-year window) | CPILFESL: earliest revised 2011-01; stated window starts 2011-01 -> MATCH (within first year of the 5-year window),seasonal_factor_recompute,,strong,BLS release on this date announces the annual seasonal-factor recalculation,,,,,,
FDC-CPI-20161018,CPI,2016-10-18,CPIAUCNS;CPIAUCSL;CPILFESL,3,FD-CPIAUCNS-20161018;FD-CPIAUCSL-20161018;FD-CPILFESL-20161018,R90_UNCLASSIFIED,2016-05-01,5.0,False,"SRC-C18EABD512: U.S. Bureau of Labor Statistics, ""Corrections to Consumer Price Index Data (published October 18, 2016)"" (2016-10-18) https://www.bls.gov/bls/errata/cpi-price-corrections-10182016.htm",web page,"Economy at a Glance Regions, States & Areas at a Glance Industry at a Glance Text Files News Release Tables More Sources of Data Restricted Data Access Discontinued Databases Questions & Answers Special Notices Publications Latest Publications The Economics Daily Monthly Labor Review Beyond the Numbers Spotlight on Statistics Reports Videos Career Outlook Occupational Outlook Handbook Geographic Profile Handbook of Methods Research Papers Copyright Information Contact & Help Weekly Update Economic Releases Latest Releases Major Economic Indicators Schedules for news Releases By Month By News Release Current Year Prior Years Archived News Releases Employment & Unemployment Monthly Quarterly, ",,stated May-Aug 2016 vs observed 2016-05..2016-08 -> MATCH,correction,,strong,release-specific source (see quote),,,,,,
FDC-CPI-20170213,CPI,2017-02-13,CPIAUCSL;CPILFESL,2,FD-CPIAUCSL-20170213;FD-CPILFESL-20170213,R10_BLS_SA_FEB,2012-01-01,61.0,False,"SRC-EEFD4C2754: U.S. Bureau of Labor Statistics, ""Consumer Price Index news release (2017-02-15)"" (2017-02-15) https://www.bls.gov/news.release/archives/cpi_02152017.pdf",p. 4,"Additional information on the geographic revision is available at: www.bls.gov/cpi/georevision2018.htm. -4- Revised seasonally adjusted changes Over-the-month percent changes in the U.S. City Average Consumer Price Index for All Urban Consumers (CPI-U) for All Items and for All Items less food and energy, seasonally adjusted, using former and recalculated seasonal factors for 2016. All items 2016 Former Recalculated Difference January 0.0 0.1 0.1 February -0.2 -0.1 0.1 March 0.1 0.1 0.0 April 0.4 0.3 -0.1 May 0.2 0.2 0.0 June 0.2 0.2 0.0 July 0.0 0.0 0.0 August 0.2 0.2 0.0 September 0.3 0.3 0.0 October 0.4 0.3 -0.1 November 0.2 0.2 0.0 December 0.3 0.3 0.0 All items less food and energy 2016 Former Recalculated Difference January 0.3 0.3 0.0 February 0.3 0.2 -0.1 March 0.1 0.1 0.0 April 0.2 0.2 0.0 May 0.2 0.2 0.0 June 0.2 0.1 -0.1 July 0.1 0.1 0.0 August 0.3 0.3 0.0 September 0.1 0.1 0.0 October 0.1 0.1 0.0 November 0.2 0.2 0.0 December 0.2 0.2 0.0 -5- A Note on the Use of Seasonally Adjusted and Unadjusted Data Introduction The Consumer Price Index (CPI) produces bot",,news release dated 2017-02-15 (+2 days after the ALFRED vintage) | CPIAUCSL: earliest revised 2012-01; stated window starts 2012-01 -> MATCH (within first year of the 5-year window) | CPILFESL: earliest revised 2012-01; stated window starts 2012-01 -> MATCH (within first year of the 5-year window),seasonal_factor_recompute,,strong,BLS release on this date announces the annual seasonal-factor recalculation,,,,,,
FDC-CPI-20180214,CPI,2018-02-14,CPIAUCSL;CPILFESL,2,FD-CPIAUCSL-20180214;FD-CPILFESL-20180214,R10_BLS_SA_FEB,2013-01-01,61.0,False,"SRC-4E61DD4686: U.S. Bureau of Labor Statistics, ""Consumer Price Index news release (2018-02-14)"" (2018-02-14) https://www.bls.gov/news.release/archives/cpi_02142018.pdf",p. 6,"These factors are updated each February, and the new factors are used to revise the previous 5 years of seasonally adjusted data. For more information on data revision scheduling, please see the Factsheet on Seasonal Adjustment at www.bls.gov/cpi/seasonal-adjustment/questions-and- answers.htm and the Timeline of Seasonal Adjustment Methodological Changes at www.bls.gov/cpi/seasonal-adjustment/timeline-seasonal-adjustment-methodology-changes.htm. BLS advises against the use of seasonally adjusted data in escalation agreements because seasonally adjusted series are revised annually.",,news release dated 2018-02-14 (+0 days after the ALFRED vintage) | CPIAUCSL: earliest revised 2013-01; stated window starts 2013-01 -> MATCH (within first year of the 5-year window) | CPILFESL: earliest revised 2013-01; stated window starts 2013-01 -> MATCH (within first year of the 5-year window),seasonal_factor_recompute,,strong,BLS release on this date announces the annual seasonal-factor recalculation,,,,,,
FDC-CPI-20190211,CPI,2019-02-11,CPIAUCSL;CPILFESL,2,FD-CPIAUCSL-20190211;FD-CPILFESL-20190211,R10_BLS_SA_FEB,2014-01-01,61.0,False,"SRC-C7FF53F202: U.S. Bureau of Labor Statistics, ""Consumer Price Index news release (2019-02-13)"" (2019-02-13) https://www.bls.gov/news.release/archives/cpi_02132019.pdf",p. 6,"These factors are updated each February, and the new factors are used to revise the previous 5 years of seasonally adjusted data. For more information on data revision scheduling, please see the Factsheet on Seasonal Adjustment at www.bls.gov/cpi/seasonal- adjustment/questions-and-answers.htm and the Timeline of Seasonal Adjustment Methodological Changes at www.bls.gov/cpi/seasonal-adjustment/timeline-seasonal-adjustment-methodology- changes.htm. BLS advises against the use of seasonally adjusted data in escalation agreements because seasonally adjusted series are revised annually.",,news release dated 2019-02-13 (+2 days after the ALFRED vintage) | CPIAUCSL: earliest revised 2014-01; stated window starts 2014-01 -> MATCH (within first year of the 5-year window) | CPILFESL: earliest revised 2014-01; stated window starts 2014-01 -> MATCH (within first year of the 5-year window),seasonal_factor_recompute,,strong,BLS release on this date announces the annual seasonal-factor recalculation,,,,,,
FDC-CPI-20200211,CPI,2020-02-11,CPIAUCSL;CPILFESL,2,FD-CPIAUCSL-20200211;FD-CPILFESL-20200211,R10_BLS_SA_FEB,2015-01-01,61.0,False,"SRC-0EBDD4D27F: U.S. Bureau of Labor Statistics, ""Consumer Price Index news release (2020-02-13)"" (2020-02-13) https://www.bls.gov/news.release/archives/cpi_02132020.pdf",p. 6,"These factors are updated each February, and the new factors are used to revise the previous 5 years of seasonally adjusted data. For more information on data revision scheduling, please see the Factsheet on Seasonal Adjustment at www.bls.gov/cpi/seasonal- adjustment/questions-and-answers.htm and the Timeline of Seasonal Adjustment Methodological Changes at www.bls.gov/cpi/seasonal-adjustment/timeline-seasonal-adjustment-methodology- changes.htm. BLS advises against the use of seasonally adjusted data in escalation agreements because seasonally adjusted series are revised annually.",,news release dated 2020-02-13 (+2 days after the ALFRED vintage) | CPIAUCSL: earliest revised 2015-01; stated window starts 2015-01 -> MATCH (within first year of the 5-year window) | CPILFESL: earliest revised 2015-01; stated window starts 2015-01 -> MATCH (within first year of the 5-year window),seasonal_factor_recompute,,strong,BLS release on this date announces the annual seasonal-factor recalculation,,,,,,
FDC-CPI-20210208,CPI,2021-02-08,CPIAUCSL;CPILFESL,2,FD-CPIAUCSL-20210208;FD-CPILFESL-20210208,R10_BLS_SA_FEB,2016-01-01,61.0,False,"SRC-D8BEEB8333: U.S. Bureau of Labor Statistics, ""Consumer Price Index news release (2021-02-10)"" (2021-02-10) https://www.bls.gov/news.release/archives/cpi_02102021.pdf",p. 6,"These factors are updated each February, and the new factors are used to revise the previous 5 years of seasonally adjusted data. For more information on data revision scheduling, please see the Factsheet on Seasonal Adjustment at www.bls.gov/cpi/seasonal- adjustment/questions-and-answers.htm and the Timeline of Seasonal Adjustment Methodological Changes at www.bls.gov/cpi/seasonal-adjustment/timeline-seasonal-adjustment-methodology- changes.htm. BLS advises against the use of seasonally adjusted data in escalation agreements because seasonally adjusted series are revised annually. -6- Intervention Analysis The Bureau of Labor Statistics uses intervention analysis seasonal adjustment for some CPI series.",,news release dated 2021-02-10 (+2 days after the ALFRED vintage) | CPIAUCSL: earliest revised 2016-01; stated window starts 2016-01 -> MATCH (within first year of the 5-year window) | CPILFESL: earliest revised 2016-01; stated window starts 2016-01 -> MATCH (within first year of the 5-year window),seasonal_factor_recompute,,strong,BLS release on this date announces the annual seasonal-factor recalculation,,,,,,
FDC-CPI-20220208,CPI,2022-02-08,CPIAUCSL;CPILFESL,2,FD-CPIAUCSL-20220208;FD-CPILFESL-20220208,R10_BLS_SA_FEB,2017-01-01,61.0,False,"SRC-7AD769A127: U.S. Bureau of Labor Statistics, ""Consumer Price Index news release (2022-02-10)"" (2022-02-10) https://www.bls.gov/news.release/archives/cpi_02102022.pdf",p. 6,"These factors are updated each February, and the new factors are used to revise the previous 5 years of seasonally adjusted data. For more information on data revision scheduling, please see the Factsheet on Seasonal Adjustment at www.bls.gov/cpi/seasonal- adjustment/questions-and-answers.htm and the Timeline of Seasonal Adjustment Methodological Changes at www.bls.gov/cpi/seasonal-adjustment/timeline-seasonal-adjustment-methodology- changes.htm. BLS advises against the use of seasonally adjusted data in escalation agreements because seasonally adjusted series are revised annually. -6- Intervention Analysis The Bureau of Labor Statistics uses intervention analysis seasonal adjustment (IASA) for some CPI series.",,news release dated 2022-02-10 (+2 days after the ALFRED vintage) | CPIAUCSL: earliest revised 2017-01; stated window starts 2017-01 -> MATCH (within first year of the 5-year window) | CPILFESL: earliest revised 2017-01; stated window starts 2017-01 -> MATCH (within first year of the 5-year window),seasonal_factor_recompute,,strong,BLS release on this date announces the annual seasonal-factor recalculation,,,,,,
FDC-CPI-20230210,CPI,2023-02-10,CPIAUCSL;CPILFESL,2,FD-CPIAUCSL-20230210;FD-CPILFESL-20230210,R10_BLS_SA_FEB,2018-01-01,61.0,False,"SRC-9FCB33C53B: U.S. Bureau of Labor Statistics, ""Consumer Price Index news release (2023-02-14)"" (2023-02-14) https://www.bls.gov/news.release/archives/cpi_02142023.pdf",,"For more information about the weight update, see www.bls.gov/cpi/tables/relative- importance/home.htm Updated Seasonal Factors Introduced February 10, 2023 Each year with the release of the January CPI, seasonal adjustment factors are recalculated to reflect price movements from the just-completed calendar year. This routine annual recalculation resulted in revisions to seasonally adjusted indexes for the previous 5 years. Recalculated seasonally adjusted indexes as well as recalculated seasonal adjustment factors for the period January 2018 through December 2022 were made available on Friday, February 10, 2023.",,news release dated 2023-02-14 (+4 days after the ALFRED vintage) | CPIAUCSL: earliest revised 2018-01; stated window starts 2018-01 -> MATCH (within first year of the 5-year window) | CPILFESL: earliest revised 2018-01; stated window starts 2018-01 -> MATCH (within first year of the 5-year window),seasonal_factor_recompute,,strong,BLS release on this date announces the annual seasonal-factor recalculation,,,,,,
FDC-CPI-20240209,CPI,2024-02-09,CPIAUCSL;CPILFESL,2,FD-CPIAUCSL-20240209;FD-CPILFESL-20240209,R10_BLS_SA_FEB,2019-01-01,61.0,False,"SRC-03BD431077: U.S. Bureau of Labor Statistics, ""Consumer Price Index news release (2024-02-13)"" (2024-02-13) https://www.bls.gov/news.release/archives/cpi_02132024.pdf",p. 4,"Revised seasonal factors are available at www.bls.gov/cpi/seasonal- adjustment/home.htm. These factors are updated each February, and the new factors are used to revise the previous 5 years of seasonally adjusted data. For more information on data revision scheduling, please see the Factsheet on Seasonal Adjustment at www.bls.gov/cpi/seasonal- adjustment/questions-and-answers.htm and the Timeline of Seasonal Adjustment Methodological Changes at www.bls.gov/cpi/seasonal-adjustment/timeline-seasonal-adjustment-methodology- changes.htm.",,news release dated 2024-02-13 (+4 days after the ALFRED vintage) | CPIAUCSL: earliest revised 2019-01; stated window starts 2019-01 -> MATCH (within first year of the 5-year window) | CPILFESL: earliest revised 2019-01; stated window starts 2019-01 -> MATCH (within first year of the 5-year window),seasonal_factor_recompute,,strong,BLS release on this date announces the annual seasonal-factor recalculation,,,,,,
FDC-CPI-20250212,CPI,2025-02-12,CPIAUCSL;CPILFESL,2,FD-CPIAUCSL-20250212;FD-CPILFESL-20250212,R10_BLS_SA_FEB,2020-01-01,61.0,False,"SRC-9214D3DA79: U.S. Bureau of Labor Statistics, ""Consumer Price Index news release (2025-02-12)"" (2025-02-12) https://www.bls.gov/news.release/archives/cpi_02122025.pdf",p. 1,"Revised Seasonal Adjustment Factors and Publication Changes In accordance with annual practice, relative importance values have been updated, and seasonal adjustment factors were recalculated to reflect price movements from the just-completed calendar year. This process results in revisions to seasonally adjusted indexes for the previous 5 years. Revised seasonal adjustment factors and end of year files are available at www.bls.gov/web/cpi.supp.toc.htm.",,news release dated 2025-02-12 (+0 days after the ALFRED vintage) | CPIAUCSL: earliest revised 2020-01; stated window starts 2020-01 -> MATCH (within first year of the 5-year window) | CPILFESL: earliest revised 2020-01; stated window starts 2020-01 -> MATCH (within first year of the 5-year window),seasonal_factor_recompute,,strong,BLS release on this date announces the annual seasonal-factor recalculation,,,,,,
FDC-CPI-20260213,CPI,2026-02-13,CPIAUCSL;CPILFESL,2,FD-CPIAUCSL-20260213;FD-CPILFESL-20260213,R10_BLS_SA_FEB,2021-01-01,61.0,False,"SRC-4AAD1965BE: U.S. Bureau of Labor Statistics, ""Consumer Price Index news release (2026-02-13)"" (2026-02-13) https://www.bls.gov/news.release/archives/cpi_02132026.pdf",p. 4,"Revised Seasonal Adjustment Factors and End of Year Files In accordance with annual practice, relative importance values have been updated, and seasonal adjustment factors were recalculated to reflect price movements from the just-completed calendar year. This process results in revisions to seasonally adjusted indexes for the previous 5 years. Revised seasonal adjustment factors and end of year files are available at www.bls.gov/web/cpi.supp.toc.htm. -4- CPI publication changes With the publication of January 2026 CPI data on February 13, 2026, several index titles changed.",,news release dated 2026-02-13 (+0 days after the ALFRED vintage) | CPIAUCSL: earliest revised 2021-01; stated window starts 2021-01 -> MATCH (within first year of the 5-year window) | CPILFESL: earliest revised 2021-01; stated window starts 2021-01 -> MATCH (within first year of the 5-year window),seasonal_factor_recompute,,strong,BLS release on this date announces the annual seasonal-factor recalculation,,,,,,
FDC-M3-19970618,M3,1997-06-18,NEWORDER,1,FD-NEWORDER-19970618,R30_CENSUS_ANNUAL,1987-01-01,125.0,False,"SRC-99EEE953AC: U.S. Census Bureau, ""Full Report on Manufacturers' Shipments, Inventories, and Orders, May 1997"" (1997-07-02) https://www.census.gov/manufacturing/m3/historical_data/pressreleases/prel/1997/may97prel.pdf
SRC-4C9D19BEA3: U.S. Census Bureau, ""Full Report on Manufacturers' Shipments, Inventories, and Orders, April 1997"" (date n/a) https://www.census.gov/manufacturing/m3/historical_data/pressreleases/prel/1997/apr97prel.pdf
SRC-E777D5F82F: U.S. Census Bureau, ""Full Report on Manufacturers' Shipments, Inventories, and Orders, March 1997"" (date n/a) https://www.census.gov/manufacturing/m3/historical_data/pressreleases/prel/1997/mar97prel.pdf
SRC-7AA03F3B99: U.S. Census Bureau, ""Full Report on Manufacturers' Shipments, Inventories, and Orders, February 1997"" (1997-04-02) https://www.census.gov/manufacturing/m3/historical_data/pressreleases/prel/1997/feb97prel.pdf",notice section; release dated 1997-07-02 || notice section || notice section || notice section; release dated 1997-04-02,"ion, mostly due increased 0.4 percent in durables and decreased slightly in nondurables. NOTE: The data in this press release are consistent with the revised historical series released June 18, 1997. A report which includes these data from 1987 through 1996 is available on our internet site, on STAT-USA, on diskettes, or from Census Bureau’s customer services. Please call (301) 457-4100 to order the book, or (301) 457-1227 to order diskettes. Our internet site address is: http://www.census.gov/ftp/pub/indicator/www/m3/index.htm ‘The advance report on durable goods for June is scheduled for July 25, 1997 at 8:30 a.m. and the full report on August 1, 1997 at 10:00a.m. For sale by the Superintendentof Documents, Nondefense Capital Goods 1 New  || ial machinery and equipment, up four of nondurables. the last five months, increased $0.5 billion or 1.6 percent to $33.5 billion, (See Back Page for Upcoming Revisions) Our internet address is http:/www.census.gov/ftp/pub/indicator/www/m3prel.html ‘The advance report on durable goods for May is scheduled for June 25, 1997 at 8:30 a.m. and the full report on July 2, 1997 at 10:00a.m. For sale by the Superintendent of Documents, U.S. Government Printing Office, Washington, DC 20402. This report is available on the day of issue through the Department of Commerce’s online Economic Bulletin Board (N-8-1) (202-482-3870). Nondefense Capital Goods New Orders and Shipments Three Month Moving Averages Billions of Dollars Shipments 11 New Orders || 5 || 0.8 percent in durables and 0.1 percent in increase, $0.9 billion or 3.1 percent to $29.5 billion. This follows a 6.1 nondurables. (See Back Page for Upcoming Revisions) Our internet address is http://www.census.gov/{tp/pub/indicator/www/m3prel.html ‘The advance report on durable goods for May is scheduled for May 28, 1997 at 8:30 a.m. and the full report on June 4, 1997 at 10:00.a.m. For sale by the Superintendentof Documents, U.S. Government Printing Office, Washington, DC 20402. This report is available on the day of issue through the Department of Commerce’s online Economic Bulletin Board (N-8-1) (202-482-3870). Nondefense Capital Goods 1 New Orders and Shipments Three Month Moving Averages Billions of Dollars Billions of Dollars 10 10  || ed slightly in durables and U.5 percent in nondurables. decrease and is the first increase since November. Instruments and related (See Back Page for Upcoming Revisions) Our internet address is hup:/www.census.gov/ftp/pub/indicator/www/m3prel.html ‘The advance report on durable goods for March is scheduled for April 29, 1997 at 8:30 a.m. and the full report on May 6, 1997 at 10:00a.m. For sale by the Superintendentot Documents, U.S. Government Printing Office, Washington, DC 20402. This report is available on the day of issue through the Department of Commerce's online Economic Bulletin Board (N-8-1) Nondefense Capital Goods 1 New Orders and Shipments Three Month Moving Averages Billions of Dollars New Orders |-| 52 Shipments a7",1997-06-18,"agency issue date 1997-06-18; ALFRED vintage 1997-06-18 (+0 days) || manual: the May 1997 full report says its data are consistent with the revised historical series released June 18, 1997 (= this snapshot); the type of revision is not stated (cf. FDC-M3-19980729) || manual: the May 1997 full report says its data are consistent with the revised historical series released June 18, 1997 (= this snapshot); the type of revision is not stated (cf. FDC-M3-19980729) || manual: the May 1997 full report says its data are consistent with the revised historical series released June 18, 1997 (= this snapshot); the type of revision is not stated (cf. FDC-M3-19980729) || manual: the May 1997 full report says its data are consistent with the revised historical series released June 18, 1997 (= this snapshot); the type of revision is not stated (cf. FDC-M3-19980729)",unknown,,weak,"manual: the May 1997 full report says its data are consistent with the revised historical series released June 18, 1997 (= this snapshot); the type of revision is not stated (cf. FDC-M3-19980729)",,,,,,
FDC-M3-19980729,M3,1998-07-29,NEWORDER,1,FD-NEWORDER-19980729,R30_CENSUS_ANNUAL,1992-01-01,78.0,False,"SRC-01DB2BC685: U.S. Census Bureau, ""Full Report on Manufacturers' Shipments, Inventories, and Orders, June 1998"" (1998-08-06) https://www.census.gov/manufacturing/m3/historical_data/pressreleases/prel/1998/jun98prel.pdf
SRC-720DCC468A: U.S. Census Bureau, ""Full Report on Manufacturers' Shipments, Inventories, and Orders, May 1998"" (1998-07-02) https://www.census.gov/manufacturing/m3/historical_data/pressreleases/prel/1998/may98prel.pdf
SRC-1550885147: U.S. Census Bureau, ""Full Report on Manufacturers' Shipments, Inventories, and Orders, April 1998"" (1998-06-04) https://www.census.gov/manufacturing/m3/historical_data/pressreleases/prel/1998/apr98prel.pdf",notice section; release dated 1998-08-06 || notice section; release dated 1998-07-02 || notice section; release dated 1998-06-04,"es increased 0.4 percent in first increase since March. durables and 0.3 percent in nondurables. NOTE: The data in this press are consistent with the revised historical series r July 21, 1998. A report which includes these data from 1987 through 1997 ‘able on our internet site or from Census Bureau’s Customer Services Center. Please call (301) 457-4100 to order the book. Our internet site address is: /eww.census.goviftp/publindicatorhyww/m3 The advance report on durable goods for July is scheduled for August 26, 1998 at 8:30 a.m. and the full report on September 2, 1998 at 10:00.a.m. For sale by the Superintendent of Documents, U.S. Government Printing Office, Washington, DC 20402. This report is available on the day of issue through the De || s decreased 0.1 percent in durables and 0.4 largest decrease, $0.3 billion or 1.0 percent to $30.0 billion, percent in nondurables. SEE BACK PAGE FOR UPCOMING REVISIONS Our internet site address is: http://www.census.gov/ftp/pub/indicator/www/m3/index.htm “The advance report on durable goods for June is scheduled for July 29, 1998 at 8:30 a.m. and the full report on Aug. 6, 1998 at 10:00a.m. For sale by the Superintendentof Documents, U.S. Government Printing Office, Washington, DC 20402. This report is available on the day of issue through the Department of Commerce's online Economic Bulletin Board (N-8-1) (202-482-3870). Nondefense Capital Goods 11 New Orders and Shipments Three Month Moving Averages Billions of Dollars New Orders s2F| —— || sed from the previously published Materials and supplies increased 0.7 percent in durables and declined 0.2 percent in nondurables. SEE BACK PAGE FOR UPCOMING REVISIONS Our internet site address is: http://www.census.gov/ftp/pub/indicator/www/m3/index.htm ‘The advance report on durable goods for May is scheduled for June 24, 1998 at 8:30 a.m. and the full report on July 2, 1998 at 10:00 a.m. For sale by the Superintendent of Documents, U.S. Government Printing Office, Washington, DC 20402. This report is available on the day of issue through the Department of Commerce's online Economic Bulletin Board (N-8-1) (202-482-3870). Nondefense Capital Goods 1 New Orders and Shipments Three Month Moving Averages Billions of Dollars 1 1 i 1 L L L L i ",,"manual: the next full report (June 1998, issued 1998-08-06) says its data are consistent with the revised historical series released July 21, 1998, which ties this vintage's timing to that historical revision; no located source states what kind of revision it was (the archived May 1998 report's back page announcing upcoming revisions is not in the PDF) || manual: the next full report (June 1998, issued 1998-08-06) says its data are consistent with the revised historical series released July 21, 1998, which ties this vintage's timing to that historical revision; no located source states what kind of revision it was (the archived May 1998 report's back page announcing upcoming revisions is not in the PDF) || manual: the next full report (June 1998, issued 1998-08-06) says its data are consistent with the revised historical series released July 21, 1998, which ties this vintage's timing to that historical revision; no located source states what kind of revision it was (the archived May 1998 report's back page announcing upcoming revisions is not in the PDF)",unknown,,weak,"manual: the next full report (June 1998, issued 1998-08-06) says its data are consistent with the revised historical series released July 21, 1998, which ties this vintage's timing to that historical revision; no located source states what kind of revision it was (the archived May 1998 report's back page announcing upcoming revisions is not in the PDF)",,,,,,
FDC-M3-20010521,M3,2001-05-21,NEWORDER,1,FD-NEWORDER-20010521,R30_CENSUS_ANNUAL,1992-02-01,111.0,True,"SRC-685146818E: U.S. Census Bureau, ""Full Report on Manufacturers' Shipments, Inventories, and Orders, April 2001"" (2001-06-05) https://www.census.gov/manufacturing/m3/historical_data/pressreleases/prel/2001/apr01prel.pdf
SRC-E431CA1C06: U.S. Census Bureau, ""Full Report on Manufacturers' Shipments, Inventories, and Orders, March 2001"" (2001-05-02) https://www.census.gov/manufacturing/m3/historical_data/pressreleases/prel/2001/mar01prel.pdf
SRC-492C9D9A81: U.S. Census Bureau, ""Full Report on Manufacturers' Shipments, Inventories, and Orders, February 2001"" (2001-04-03) https://www.census.gov/manufacturing/m3/historical_data/pressreleases/prel/2001/feb01prel.pdf
SRC-CC06CB23AB: U.S. Census Bureau, ""Full Report on Manufacturers' Shipments, Inventories, and Orders, January 2001"" (2001-03-06) https://www.census.gov/manufacturing/m3/historical_data/pressreleases/prel/2001/jan01prel.pdf",notice section; release dated 2001-06-05 || notice section; release dated 2001-05-02 || notice section; release dated 2001-04-03 || notice section; release dated 2001-03-06,"This is the fifth decrease in the last seven months and the largest since February 2000. NOTE: The data in this press release are consistent with the revised historical series released May 21, 2001 and the April Advance report on durable goods released May 25, 2001, The revised historical series are available on our internet site. Our internet address is: http://www.census.gov/indicator/www/m3 For data, call 301-457-4673. For inquiries, contact Lee Wentela or Derrick Roy, Manufacturers’ Shipments, Inventories, and Orders Branch, Manufacturing and Construction Division (MCD), Washington, DC 20233-6900, or call 301-457-4832 or 301-457-4814. The advance report on durable goods for May is scheduled for June 26, 2001 at 8:30 a.m. and the full re ... Inventories increased $0.4 billion or 0.1 percent to $481.0 Computers and electronic products, led by semiconductors, billion, following a 0.8 percent March decrease. ... products, led by semiconductors, decreased $4.1 billion or 10.3 percent to $36.2 billion; this is the fourth decrease in the last five Transportation equipment had the largest increase, $1.0 months. || ies decreased 1.3 or 0.8 percent to $202.0 billion, revised from the previously percent in durables and 0.3 percent in nondurables. SEE BACK PAGE FOR UPCOMING REVISIONS Our internet address is: http://www.census.gov/indicator/www/m3 ‘The advance report on durable goods for April is scheduled for May 25, 2001 at 10:00a.m. and the full report on June 5, 2001 at 10:00 a.m. For sale by the Superintendentof Documents, U.S. Government Printing Office, Washington, DC 20402. This report is available on the day of issue through STAT-USA/Internet at www. stat-usa, gov. 11 70 NONDEFENSE CAPITAL GOODS New Orders and Shipments Three Month Moving Averages 70 65 was 65 fd —_-_—-— = 60 ==] 60 2 ae _— S 55 55 5 = 50 50 a 45 45 49 bu fan fan 40 SS a ica ia s || POSTAGE & FEES PAID U.S. CENSUS BUREAU U.S. Census Bureau Washington, DC 20233 Permit No. G-58 OFFICIAL BUSINESS Penalty for Private Use, $300 NOTICE Revised historical data for Manufacturers’ Shipments, Inventories, and Orders will be issued on May 21, 2001. The revisions to the historical data are the result of: e Retabulating monthly data that were reported under the Standard Industrial Classification (SIC) system to be consistent with the new North American Industry Classification System (NAICS). Visit our web page at: http:/Awww.census.gov/indicator/www/m3_ and click on the link titled M3 Survey Revision Information for more detailed information on the conversion to NAICS. e Benchmarking the shipments and inventory data to the 1997 Eco ... cent in nondurables. Materials and supplies decreased 0.2 consecutive decrease. percent in durables and 0.4 percent in nondurables. SEE BACK PAGE FOR UPCOMING REVISIONS Our internet address is: http://www.census.gov/indicator/www/m3 ‘The advance report on durable goods for March is scheduled tor April 25, 2001 at 8:30 a.m. and the full reporton May 2, 2001 at 1",2001-05-21;2001-05-21;2001-05-25,"agency issue date 2001-05-21; ALFRED vintage 2001-05-21 (+0 days) || manual: the notice lists retabulating SIC-based monthly data to NAICS and benchmarking to the 1997 Economic Census and 1998-1999 ASM (mixed causes); notices give May 21 and May 25, 2001 as the issue date || manual: the notice lists retabulating SIC-based monthly data to NAICS and benchmarking to the 1997 Economic Census and 1998-1999 ASM (mixed causes); notices give May 21 and May 25, 2001 as the issue date || agency issue date 2001-05-21; ALFRED vintage 2001-05-21 (+0 days) || manual: the notice lists retabulating SIC-based monthly data to NAICS and benchmarking to the 1997 Economic Census and 1998-1999 ASM (mixed causes); notices give May 21 and May 25, 2001 as the issue date || agency issue date 2001-05-25; ALFRED vintage 2001-05-21 (-4 days) || manual: the notice lists retabulating SIC-based monthly data to NAICS and benchmarking to the 1997 Economic Census and 1998-1999 ASM (mixed causes); notices give May 21 and May 25, 2001 as the issue date",rebase_or_definition,annual_benchmark,strong,"manual: the notice lists retabulating SIC-based monthly data to NAICS and benchmarking to the 1997 Economic Census and 1998-1999 ASM (mixed causes); notices give May 21 and May 25, 2001 as the issue date",,,,,,
FDC-M3-20010525,M3,2001-05-25,DGORDER,1,FD-DGORDER-20010525,R30_CENSUS_ANNUAL,1992-02-01,111.0,True,"SRC-685146818E: U.S. Census Bureau, ""Full Report on Manufacturers' Shipments, Inventories, and Orders, April 2001"" (2001-06-05) https://www.census.gov/manufacturing/m3/historical_data/pressreleases/prel/2001/apr01prel.pdf
SRC-E431CA1C06: U.S. Census Bureau, ""Full Report on Manufacturers' Shipments, Inventories, and Orders, March 2001"" (2001-05-02) https://www.census.gov/manufacturing/m3/historical_data/pressreleases/prel/2001/mar01prel.pdf
SRC-492C9D9A81: U.S. Census Bureau, ""Full Report on Manufacturers' Shipments, Inventories, and Orders, February 2001"" (2001-04-03) https://www.census.gov/manufacturing/m3/historical_data/pressreleases/prel/2001/feb01prel.pdf
SRC-CC06CB23AB: U.S. Census Bureau, ""Full Report on Manufacturers' Shipments, Inventories, and Orders, January 2001"" (2001-03-06) https://www.census.gov/manufacturing/m3/historical_data/pressreleases/prel/2001/jan01prel.pdf",notice section; release dated 2001-06-05 || notice section; release dated 2001-05-02 || notice section; release dated 2001-04-03 || notice section; release dated 2001-03-06,"This is the fifth decrease in the last seven months and the largest since February 2000. NOTE: The data in this press release are consistent with the revised historical series released May 21, 2001 and the April Advance report on durable goods released May 25, 2001, The revised historical series are available on our internet site. Our internet address is: http://www.census.gov/indicator/www/m3 For data, call 301-457-4673. For inquiries, contact Lee Wentela or Derrick Roy, Manufacturers’ Shipments, Inventories, and Orders Branch, Manufacturing and Construction Division (MCD), Washington, DC 20233-6900, or call 301-457-4832 or 301-457-4814. The advance report on durable goods for May is scheduled for June 26, 2001 at 8:30 a.m. and the full re ... Inventories increased $0.4 billion or 0.1 percent to $481.0 Computers and electronic products, led by semiconductors, billion, following a 0.8 percent March decrease. ... products, led by semiconductors, decreased $4.1 billion or 10.3 percent to $36.2 billion; this is the fourth decrease in the last five Transportation equipment had the largest increase, $1.0 months. || ies decreased 1.3 or 0.8 percent to $202.0 billion, revised from the previously percent in durables and 0.3 percent in nondurables. SEE BACK PAGE FOR UPCOMING REVISIONS Our internet address is: http://www.census.gov/indicator/www/m3 ‘The advance report on durable goods for April is scheduled for May 25, 2001 at 10:00a.m. and the full report on June 5, 2001 at 10:00 a.m. For sale by the Superintendentof Documents, U.S. Government Printing Office, Washington, DC 20402. This report is available on the day of issue through STAT-USA/Internet at www. stat-usa, gov. 11 70 NONDEFENSE CAPITAL GOODS New Orders and Shipments Three Month Moving Averages 70 65 was 65 fd —_-_—-— = 60 ==] 60 2 ae _— S 55 55 5 = 50 50 a 45 45 49 bu fan fan 40 SS a ica ia s || POSTAGE & FEES PAID U.S. CENSUS BUREAU U.S. Census Bureau Washington, DC 20233 Permit No. G-58 OFFICIAL BUSINESS Penalty for Private Use, $300 NOTICE Revised historical data for Manufacturers’ Shipments, Inventories, and Orders will be issued on May 21, 2001. The revisions to the historical data are the result of: e Retabulating monthly data that were reported under the Standard Industrial Classification (SIC) system to be consistent with the new North American Industry Classification System (NAICS). Visit our web page at: http:/Awww.census.gov/indicator/www/m3_ and click on the link titled M3 Survey Revision Information for more detailed information on the conversion to NAICS. e Benchmarking the shipments and inventory data to the 1997 Eco ... cent in nondurables. Materials and supplies decreased 0.2 consecutive decrease. percent in durables and 0.4 percent in nondurables. SEE BACK PAGE FOR UPCOMING REVISIONS Our internet address is: http://www.census.gov/indicator/www/m3 ‘The advance report on durable goods for March is scheduled tor April 25, 2001 at 8:30 a.m. and the full reporton May 2, 2001 at 1",2001-05-21;2001-05-21;2001-05-25,"agency issue date 2001-05-21; ALFRED vintage 2001-05-25 (+4 days) || manual: as FDC-M3-20010521 (SIC-to-NAICS retabulation plus benchmark; issue date stated as May 21 or May 25, 2001) || manual: as FDC-M3-20010521 (SIC-to-NAICS retabulation plus benchmark; issue date stated as May 21 or May 25, 2001) || agency issue date 2001-05-21; ALFRED vintage 2001-05-25 (+4 days) || manual: as FDC-M3-20010521 (SIC-to-NAICS retabulation plus benchmark; issue date stated as May 21 or May 25, 2001) || agency issue date 2001-05-25; ALFRED vintage 2001-05-25 (+0 days) || manual: as FDC-M3-20010521 (SIC-to-NAICS retabulation plus benchmark; issue date stated as May 21 or May 25, 2001)",rebase_or_definition,annual_benchmark,strong,"manual: as FDC-M3-20010521 (SIC-to-NAICS retabulation plus benchmark; issue date stated as May 21 or May 25, 2001)",,,,,,
FDC-M3-20020424,M3,2002-04-24,DGORDER,1,FD-DGORDER-20020424,R30_CENSUS_ANNUAL,1992-02-01,122.0,True,"SRC-DE45519466: U.S. Census Bureau, ""Full Report on Manufacturers' Shipments, Inventories, and Orders, March 2002"" (2002-06-19) https://www.census.gov/manufacturing/m3/historical_data/pressreleases/prel/2002/mar02prel.pdf
SRC-B036B7BDC1: U.S. Census Bureau, ""Full Report on Manufacturers' Shipments, Inventories, and Orders, February 2002"" (2002-04-02) https://www.census.gov/manufacturing/m3/historical_data/pressreleases/prel/2002/feb02prel.pdf
SRC-F0E7046552: U.S. Census Bureau, ""Full Report on Manufacturers' Shipments, Inventories, and Orders, January 2002"" (date n/a) https://www.census.gov/manufacturing/m3/historical_data/pressreleases/prel/2002/jan02prel.pdf
SRC-5055A2A249: U.S. Census Bureau, ""Full Report on Manufacturers' Shipments, Inventories, and Orders, December 2001"" (2002-02-05) https://www.census.gov/manufacturing/m3/historical_data/pressreleases/prel/2001/dec01prel.pdf",notice section; release dated 2002-06-19 || notice section; release dated 2002-04-02 || notice section || notice section; release dated 2002-02-05," U S B U R E A U U.S. Department of Commerce if Economics and Statistics Administration U.S. CENSUS BUREAU Helping You Make Informed Decisions NOTICE Revised historical data for Manufacturers’ Shipments, Inventories, and Orders will be issued on June 19, 2002. The revisions to the historical data are the result of: ¢ benchmarking the shipments and inventory data to the 2000 Annual Survey of Manufactures (ASM) data. ° adjusting new and unfilled orders to be consistent with the benchmarked shipments and inventory data. © correcting monthly data for late receipts, reclassification of reported data, and revisions to previously reported data. © updating the seasonal adjustment factors for all series. The publication will include data from 1992-D ... e goods (excluding semiconductors) in March slightly increased to $172.4 billion, unrevised from the previously published estimate. SEE BACK PAGE FOR UPCOMING REVISIONS Our internet address is: http://www.census.gov/indicator/www/m3 For data, call 301-457-4673. For inquiries, contact Dan Sansbury or Derrick Roy, Manufacturers’ Shipments, Inventories, and Orders Branch, Manufacturing and Construction Division (MCD), Washington, DC 20233-6900, or call 301-457-4832 or 301-457-4814. The advance report on durable goods for April is scheduled for May 23, 2002 at 8:30 a.m and the full report on May 31, 2002 at 10:00 a.m. For sale by the Superintendent of Documents, U.S. Government Printing Office, Washington, DC 20402. ... Machinery had the l || Computers and electronic products increased $0.6 billion or 0.5 New Orders percent to $125.8 billion, due to semiconductors. || Computers and electronic products, up four New orders for manufactured goods in January increased $5.2 consecutive months, increased $0.7 billion or 1.9 percent to $34.7 billion or 1.6 percent to $325.8 billion, the Department of billion, due to semiconductors. ... increased $0.6 billion or 1.9 percent to $34.0 billion, due to semiconductors. || Computers and electronic products, led by $283.8 billion, revised from the previously published 0.4 percent semiconductors, increased $1.0 billion or 3.1 percent to $33.2 decrease.",2002-06-19,"agency issue date 2002-06-19; ALFRED vintage 2002-04-24 (-56 days) || manual: the located notice announces the benchmark revision for June 19, 2002, after this vintage; no source explains this April vintage || manual: the located notice announces the benchmark revision for June 19, 2002, after this vintage; no source explains this April vintage || manual: the located notice announces the benchmark revision for June 19, 2002, after this vintage; no source explains this April vintage || manual: the located notice announces the benchmark revision for June 19, 2002, after this vintage; no source explains this April vintage",unknown,,none,"manual: the located notice announces the benchmark revision for June 19, 2002, after this vintage; no source explains this April vintage",,,,,,
FDC-M3-20020619,M3,2002-06-19,DGORDER;NEWORDER,2,FD-DGORDER-20020619;FD-NEWORDER-20020619,R30_CENSUS_ANNUAL,1992-02-01,124.0,True,"SRC-1D5DC7E6E3: U.S. Census Bureau, ""Full Report on Manufacturers' Shipments, Inventories, and Orders, May 2002"" (2002-07-03) https://www.census.gov/manufacturing/m3/historical_data/pressreleases/prel/2002/may02prel.pdf
SRC-4859A3B596: U.S. Census Bureau, ""Full Report on Manufacturers' Shipments, Inventories, and Orders, April 2002"" (2002-05-31) https://www.census.gov/manufacturing/m3/historical_data/pressreleases/prel/2002/apr02prel.pdf
SRC-DE45519466: U.S. Census Bureau, ""Full Report on Manufacturers' Shipments, Inventories, and Orders, March 2002"" (2002-06-19) https://www.census.gov/manufacturing/m3/historical_data/pressreleases/prel/2002/mar02prel.pdf
SRC-B036B7BDC1: U.S. Census Bureau, ""Full Report on Manufacturers' Shipments, Inventories, and Orders, February 2002"" (2002-04-02) https://www.census.gov/manufacturing/m3/historical_data/pressreleases/prel/2002/feb02prel.pdf",notice section; release dated 2002-07-03 || notice section; release dated 2002-05-31 || notice section; release dated 2002-06-19 || notice section; release dated 2002-04-02,"E.S.T., July 3, 2002 Charts exclude semiconductor data Total Manufacturing Total Manufacturing Shipments and Three Month New Orders and Three Month Moving Average Moving Average 420 Billions Of Dollars 20 420 Billions Of Dollars «a0 400 400 400 400 340 380 340 ato ae ae awe [A seo 320 —~ 320 320 one oh ace “PUpPTasaiiie | ETT — — = Shimens Avene — + Nevonen Average Total Manufacturing Total Manufacturing Total Inventories and Three Month Ratios of Unfilled Orders and Total Moving Average Inventories to Shipments Billions OfDollars US Ratios ‘U/S Ratios 300 $00 16 40 480 us ‘3 2 460 —= 460 ul a ... Shipments, excluding semiconductors, increased $0.7 Unfilled Orders billion or 0.2 percent to $323.6 billion, following a 2.3 percent April increase. ... conductors, in May decreased $2.6 billion or 0.5 percent to $496.6 billion, revised from the previously published 0.6 Unfilled orders, excluding semiconductors, decreased $2.6 percent decrease. ... Machinery, down five consecutive months, decreased $0.6 billion or 1.1 Inventories, excluding semiconductors, down sixteen percent to $50.5 billion. ||  10] of 10] Manufacturers’ Shipments, April Inventories, and Orders _ 2002 M3-1(02)-4 For Wire Transmission 10:00 a.m. E.5.T.; May 31, 2002 NOTICE ae Revised historical data for Manufacturers’ Shipments, inventories, and Orders will be issued on June 19, 2002. The revisions to the historical data are the result of: « benchmarking the shipments and inventory data to the 2000 Annual Survey of Manufactures (ASM) data. + adjusting new and unfilled orders to be consistent with the, benchmarked shipments and inventory data. + correcting monthly data for late receipts, reclassification of reported data, and revisions to previously reported data. * Updating the seasonal adjustment factors for all series. The publication will include data from 1992- ... tors, in April increased $6.5 billion or 3.7 percent to $179.7 billion, revised from the previously published 3.5 percent increase. SEE BACK PAGE FOR UPCOMING REVISIONS Our internet address is: http://www.census.gov/indicator/www/m3 For data, call 301-457-4673. For inquiries, contact Dan Sansbury or Derrick Roy, Manufacturers’ Shipments, Inventories, and Orders Branch, Manufacturing and Construction Division (MCD), Washington, DC 20233-6900, or call 301-457-4832 or 301-457-4814. The advance report on durable goods for May is scheduled for June 26, 2002 at 8:30 a.m and the full report on July 3, 2002 at 10:00 a.m. For sale by the Superintendent of Documents, U.S. Government Printing Office, Washington, DC 20402. ... CENSUS BUREAU NOTICE ||  U S B U R E A U U.S. Department of Commerce if Economics and Statistics Administration U.S. CENSUS BUREAU Helping You Make Informed Decisions NOTICE Revised historical data for Manufacturers’ Shipments, Inventories, and Orders will be issued on June 19, 2002. The revisions to the historical data are the result of: ¢ benchmarking the shipments and inventory data to the 2000 Annual Sur",2002-06-19;2002-06-19, || agency issue date 2002-06-19; ALFRED vintage 2002-06-19 (+0 days) || agency issue date 2002-06-19; ALFRED vintage 2002-06-19 (+0 days) || ,annual_benchmark,,strong,M3 benchmark notice: historical data issued shortly before this vintage,,,,,,
FDC-M3-20030819,M3,2003-08-19,DGORDER;NEWORDER,2,FD-DGORDER-20030819;FD-NEWORDER-20030819,R90_UNCLASSIFIED,1992-02-01,138.0,True,"SRC-9DC32F47CA: U.S. Census Bureau, ""Full Report on Manufacturers' Shipments, Inventories, and Orders, July 2003"" (2003-09-04) https://www.census.gov/manufacturing/m3/historical_data/pressreleases/prel/2003/jul03prel.pdf
SRC-35DD488439: U.S. Census Bureau, ""Full Report on Manufacturers' Shipments, Inventories, and Orders, June 2003"" (2003-08-04) https://www.census.gov/manufacturing/m3/historical_data/pressreleases/prel/2003/jun03prel.pdf
SRC-9BE51D2BFE: U.S. Census Bureau, ""Full Report on Manufacturers' Shipments, Inventories, and Orders, May 2003"" (2003-07-02) https://www.census.gov/manufacturing/m3/historical_data/pressreleases/prel/2003/may03prel.pdf
SRC-F0B79F2522: U.S. Census Bureau, ""Full Report on Manufacturers' Shipments, Inventories, and Orders, April 2003"" (2003-06-05) https://www.census.gov/manufacturing/m3/historical_data/pressreleases/prel/2003/apr03prel.pdf",notice section; release dated 2003-09-04 || notice section; release dated 2003-08-04 || notice section; release dated 2003-07-02 || notice section; release dated 2003-06-05,"Figures on new and unfilled orders exclude data for semiconductor manufacturing. ... 6,118 6,234 5,355 -1.9 16.4 -0.9 4,994 7,257 5,073 5,130 38,228 43,318 -11.8 Defense communications equipment… 440 423 438 4.0 -3.4 2.6 404 435 481 332 2,878 2,590 11.1 Audio and video equipment……...……… 710 678 673 4.7 0.7 1.8 635 639 588 640 4,276 4,721 -9.4 Semiconductors ………….……...….……. ... 4,904 4,677 4,997 4.9 -6.4 -1.4 4,592 5,043 4,883 3,698 31,012 26,951 15.1 Nondefense communications equipment……………………….…….… 6,713 5,922 5,901 13.4 0.4 -5.5 5,365 6,091 5,511 4,851 43,166 42,737 1.0 Defense communications equipment… 418 461 425 -9.3 8.5 8.7 382 473 468 270 3,054 2,433 25.5 Semiconductors 3………….……...….…… (NA) (NA) (NA) (NA) (NA) (NA) (NA) (NA) (NA) (NA) (NA) (NA) (NA) Electronic components…………..………. ... 2 Estimates and percent changes for new orders exclude semiconductor industry data. || ovement of all companies is another potential source. Additional survey documentation can be found on our web site: http://www.census.gov/m3/. NOTICE Revised historical data for Manufacturers’ Shipments, Inventories, and Orders will be issued on August 19, 2003. The revisions to the historical data are the result of: • benchmarking the shipments and inventory data to the 2000 and 2001 Annual Survey of Manfactures (ASM) data; • adjusting new and unfilled orders to be consistent with the benchmarked shipments and inventory data; • newly introduced data for semiconductor manufacturing from March 2002 forward; • correcting monthly data for late receipts, reclassifications of reported data, and revisions to previously reported data; and • updati ... Government Printing Office, Washington DC, 20402 Our Internet address is : http://www.census.gov/m3 2 Figures in text, other than year to date, are in seasonally adjusted current dollars and exclude data for semiconductor manufacturing. ... 676 680 675 -0.6 0.7 4.5 651 598 543 718 3,704 4,122 -10.1 3 Semiconductors ………….……...….……. ... 374 363 337 3.0 7.7 -8.9 379 399 328 368 2,254 1,807 24.7 3 Semiconductors ………….……...….……. ... 2 Aggregate estimates and percent changes exclude semiconductor industry data. || Government Printing Office, Washington DC, 20402 2 Figures in text, other than year to date, are in seasonally adjusted current dollars and exclude data for semiconductor manufacturing. ... 4,927 4,938 5,244 -0.2 -5.8 1.2 4,666 4,285 6,249 5,082 23,747 25,737 -7.7 Defense communications equipment… 375 366 337 2.5 8.6 6.6 412 357 373 346 1,742 1,583 10.0 Audio and video equipment……...……… 679 675 646 0.6 4.5 -2.1 597 543 659 688 3,052 3,404 -10.3 3 Semiconductors ………….……...….…… (NA) (NA) (NA) (NA) (NA) (NA) (NA) (NA) (NA) (NA) (NA) (NA) (NA) Electronic components…………..………. ... 4,762 4,790 3,907 -0.6 22.6 1.7 4,697 4,038 4,611 3,601 20,679 17,798 16.2 Nondefense communications equipment……………………….…….… 5,424 5,768 6,021 -6.0 -4.2 1.1 4,988 5,359 7,173 5,113 28,527 26,393 8.1 Defense communications equipment… 366 337 370 8.6 -8.9 -11.1",2003-08-19, || agency issue date 2003-08-19; ALFRED vintage 2003-08-19 (+0 days) ||  || ,annual_benchmark,,strong,M3 benchmark notice: historical data issued shortly before this vintage,,,,,,
FDC-M3-20050819,M3,2005-08-19,DGORDER;NEWORDER,2,FD-DGORDER-20050819;FD-NEWORDER-20050819,R90_UNCLASSIFIED,1992-02-01,162.0,True,"SRC-A046CF80D6: U.S. Census Bureau, ""Full Report on Manufacturers' Shipments, Inventories, and Orders, July 2005"" (2005-08-30) https://www.census.gov/manufacturing/m3/historical_data/pressreleases/prel/2005/jul05prel.pdf
SRC-DAD2DE4B79: U.S. Census Bureau, ""Full Report on Manufacturers' Shipments, Inventories, and Orders, June 2005"" (2005-08-02) https://www.census.gov/manufacturing/m3/historical_data/pressreleases/prel/2005/jun05prel.pdf
SRC-CA12FEB4AF: U.S. Census Bureau, ""Full Report on Manufacturers' Shipments, Inventories, and Orders, May 2005"" (2005-07-05) https://www.census.gov/manufacturing/m3/historical_data/pressreleases/prel/2005/may05prel.pdf
SRC-376C4CCDB6: U.S. Census Bureau, ""Full Report on Manufacturers' Shipments, Inventories, and Orders, April 2005"" (2005-06-02) https://www.census.gov/manufacturing/m3/historical_data/pressreleases/prel/2005/apr05prel.pdf",notice section; release dated 2005-08-30 || notice section; release dated 2005-08-02 || notice section; release dated 2005-07-05 || notice section; release dated 2005-06-02,"Shipments of manufactured nondurable stated on a NAICS basis in 1992 and followed a slight goods were at the highest level since the series began. ... Figures on new and unfilled orders exclude data for semiconductor manufacturing. ... 5,310 5,414 5,226 -1.9 3.6 15.9 4,358 6,141 5,053 4,083 34,559 33,137 4.3 Defense communications equipment… 394 432 408 -8.8 5.9 -3.8 368 446 420 352 3,068 2,722 12.7 Audio and video equipment……...……… 778 780 807 -0.3 -3.3 0.4 666 707 690 648 5,006 4,362 14.8 Semiconductors ………….……...….……. ... 5,819 6,433 6,253 -9.5 2.9 -3.6 5,983 6,929 5,438 4,389 41,240 28,385 45.3 Nondefense communications equipment……………………….…….… 5,569 5,783 5,123 -3.7 12.9 11.3 4,450 6,029 4,823 3,621 36,901 33,039 11.7 Defense communications equipment… 442 869 435 -49.1 99.8 18.2 331 954 309 376 3,565 2,734 30.4 Semiconductors 2………….……...….…… (NA) (NA) (NA) (NA) (NA) (NA) (NA) (NA) (NA) (NA) (NA) (NA) (NA) Electronic components…………..………. || resent manufacturing in a calendar month. The data collection is based on a voluntary survey authorized by Title 13 of the United States Code. NOTICE Revised historical data for Manufacturers’ Shipments, Inventories, and Orders will be issued on August 19, 2005. These revisions reflect: • benchmarking the shipments and inventory data to the 2002 Economic Census and 2003 Annual Survey of Manufactures (ASM) data; • adjusting new orders and order backlog to be consistent with the benchmarked shipments and inventory data; • correcting monthly data for late receipts, reclassifications of reported data, and revisions to previously reported data; and • updating the seasonal adjustment factors for all series. For revised historical data go to http: ... level since the series was first stated on a NAICS basis in 1992 and followed a 3.6 percent May increase. ... Figures on new and unfilled orders exclude data for semiconductor manufacturing. ... 6,895 6,733 6,046 2.4 11.4 -9.3 7,821 6,496 5,281 7,226 38,894 37,563 3.5 Defense communications equipment… 549 518 574 6.0 -9.8 -9.2 567 543 551 542 3,486 3,075 13.4 Audio and video equipment……...……… 750 778 763 -3.6 2.0 -4.0 677 662 605 625 4,172 3,566 17.0 Semiconductors ………….……...….……. ... 8,106 7,061 7,796 14.8 -9.4 26.1 8,147 6,337 7,963 5,595 40,793 30,844 32.3 Nondefense communications equipment……………………….…….… 7,876 6,823 6,418 15.4 6.3 -2.8 8,169 6,193 6,599 5,758 43,220 38,343 12.7 Defense communications equipment… 1,337 336 319 297.9  || resent manufacturing in a calendar month. The data collection is based on a voluntary survey authorized by Title 13 of the United States Code. NOTICE Revised historical data for Manufacturers’ Shipments, Inventories, and Orders will be issued on August 19, 2005. These revisions reflect: • benchmarking the shipments and inventory data to the 2002 Economic Census and 2003 Annual Survey of Manufactures (ASM) data; • adjusting new orders and order backlog to be consistent with the benchmarked shipments and inventory data; • correcting m",2005-08-19;2005-08-19;2005-08-19, || agency issue date 2005-08-19; ALFRED vintage 2005-08-19 (+0 days) || agency issue date 2005-08-19; ALFRED vintage 2005-08-19 (+0 days) || agency issue date 2005-08-19; ALFRED vintage 2005-08-19 (+0 days),annual_benchmark,,strong,M3 benchmark notice: historical data issued shortly before this vintage,,,,,,
FDC-M3-20060519,M3,2006-05-19,DGORDER;NEWORDER,2,FD-DGORDER-20060519;FD-NEWORDER-20060519,R30_CENSUS_ANNUAL,1992-02-01,171.0,True,"SRC-FBC52ABFA2: U.S. Census Bureau, ""Full Report on Manufacturers' Shipments, Inventories, and Orders, April 2006"" (2006-06-02) https://www.census.gov/manufacturing/m3/historical_data/pressreleases/prel/2006/apr06prel.pdf
SRC-B16373F4C4: U.S. Census Bureau, ""Full Report on Manufacturers' Shipments, Inventories, and Orders, March 2006"" (2006-05-03) https://www.census.gov/manufacturing/m3/historical_data/pressreleases/prel/2006/mar06prel.pdf
SRC-1E62C1EBE0: U.S. Census Bureau, ""Full Report on Manufacturers' Shipments, Inventories, and Orders, February 2006"" (2006-03-31) https://www.census.gov/manufacturing/m3/historical_data/pressreleases/prel/2006/feb06prel.pdf
SRC-DC73133A59: U.S. Census Bureau, ""Full Report on Manufacturers' Shipments, Inventories, and Orders, January 2006"" (2006-03-06) https://www.census.gov/manufacturing/m3/historical_data/pressreleases/prel/2006/jan06prel.pdf",notice section; release dated 2006-06-02 || notice section; release dated 2006-05-03 || notice section; release dated 2006-03-31 || notice section; release dated 2006-03-06,"April, up eleven of the last twelve months, increased This was at the highest level since the series was first $9.2 billion or 1.5 percent to $607.9 billion, unchanged stated on a NAICS basis in 1992 and followed a 3.0 from the previously published increase. ... Figures on new and unfilled orders exclude data for semiconductor manufacturing. ... 5,778 5,581 5,541 3.5 0.7 2.1 4,808 6,414 4,755 3,691 20,373 17,032 19.6 Defense communications equipment… 515 450 349 14.4 28.9 -44.6 529 491 322 381 1,899 1,644 15.5 Audio and video equipment……...……… 856 771 1,017 11.0 -24.2 -1.7 692 789 948 758 3,334 3,565 -6.5 Semiconductors ………….……...….……. ... 4,907 4,927 4,712 -0.4 4.6 9.1 4,992 5,381 3,999 5,123 18,342 17,046 7.6 Nondefense communications equipment……………………….…….… 4,916 6,345 6,074 -22.5 4.5 15.5 4,195 7,461 5,828 4,082 22,149 19,431 14.0 Defense communications equipment… 466 1,103 117 -57.8 842.7 -66.1 396 1,157 100 234 1,894 1,775 6.7 2 Semiconductors ………….……...….…… (NA) (NA) (NA) (NA) (NA) (NA) (NA) (NA) (NA) (NA) (NA) (NA) (NA) Electronic components…………..……… 4,435 5,033 4,667 -11.9 7.8 5.4 3,948 5,234 4,544 3,601 17,780 16,104 10.4 Nondefense search and navigation equipment……………….……...……… 1,090 1,194 1,376 -8.7 -13.2 47.8 1,033  || will be reflected in the annual benchmark publication. Additional survey documentation can be found on our web site: http://www.census.gov/m3. NOTICE Revised historical data for Manufacturers’ Shipments, Inventories, and Orders will be issued on May 19, 2006. These revisions reflect: • benchmarking the shipments and inventory data to the 2004 Annual Survey of Manufactures (ASM) data; • adjusting new orders and order backlog to be consistent with the benchmarked shipments and inventory data; • correcting monthly data for late receipts, reclassifications of reported data, and revisions to previously reported data; and • updating the seasonal adjustment factors for all series. For revised historical data go to http://www.census.gov/m3/hist/nai ... This was at the highest level since the Shipments of manufactured nondurable goods, up five series was first stated on a NAICS basis in 1992 and of the last six months, increased $2.8 billion or 1.5 followed a 0.4 percent February increase. ... Figures on new and unfilled orders exclude data for semiconductor manufacturing. ... 5,878 5,913 5,663 -0.6 4.4 5.5 6,935 5,174 4,784 6,350 16,893 14,906 13.3 Defense communications equipment… 483 390 736 23.8 -47.0 39.4 549 360 622 536 1,531 1,409 8.7 Audio and video equipment……...……… 647 877 852 -26.2 2.9 -3.0 674 810 774 827 2,258 2,313 -2.4 Semiconductors ………….……...….……. ... 6,264 6,189 5,770 1.2 7.3 -15.8 7,063 5,312 5,283 5,499 17,658 16,063 9.9 Nondefense communications equipment……………………… || ovement of all companies is another potential source. Additional survey documentation can be found on our web site: http://www.census.gov/m3/. NOTICE Revised historical data for Manufacturers’ Shipments, Inventories, and Orders will be issued o",2006-05-19;2006-05-19, || agency issue date 2006-05-19; ALFRED vintage 2006-05-19 (+0 days) || agency issue date 2006-05-19; ALFRED vintage 2006-05-19 (+0 days) || ,annual_benchmark,,strong,M3 benchmark notice: historical data issued shortly before this vintage,,,,,,
FDC-M3-20070518,M3,2007-05-18,DGORDER;NEWORDER,2,FD-DGORDER-20070518;FD-NEWORDER-20070518,R30_CENSUS_ANNUAL,1992-02-01,183.0,True,"SRC-3A39FC5AC0: U.S. Census Bureau, ""Full Report on Manufacturers' Shipments, Inventories, and Orders, April 2007"" (2007-06-04) https://www.census.gov/manufacturing/m3/historical_data/pressreleases/prel/2007/apr07prel.pdf
SRC-47BC73650C: U.S. Census Bureau, ""Full Report on Manufacturers' Shipments, Inventories, and Orders, March 2007"" (2007-05-02) https://www.census.gov/manufacturing/m3/historical_data/pressreleases/prel/2007/mar07prel.pdf
SRC-1546FEEF69: U.S. Census Bureau, ""Full Report on Manufacturers' Shipments, Inventories, and Orders, February 2007"" (2007-04-04) https://www.census.gov/manufacturing/m3/historical_data/pressreleases/prel/2007/feb07prel.pdf
SRC-2978A43EFB: U.S. Census Bureau, ""Full Report on Manufacturers' Shipments, Inventories, and Orders, January 2007"" (2007-03-06) https://www.census.gov/manufacturing/m3/historical_data/pressreleases/prel/2007/jan07prel.pdf",notice section; release dated 2007-06-04 || notice section; release dated 2007-05-02 || notice section; release dated 2007-04-04 || notice section; release dated 2007-03-06,"This was at the highest level since the series was increased $13.0 billion or 1.8 percent to $719.1 billion, first stated on a NAICS basis in 1992 and followed a 1.8 unchanged from the previously published increase. ... Figures on new and unfilled orders exclude data for semiconductor manufacturing. ... 4,973 4,851 4,924 2.5 -1.5 5.0 4,427 5,756 4,373 4,510 18,274 19,163 -4.6 Defense communications equipment… 525 503 503 4.4 0.0 7.9 507 548 471 623 1,946 1,907 2.0 Audio and video equipment……...……… 956 829 866 15.3 -4.3 -11.2 749 837 811 647 3,271 3,019 8.3 Semiconductors ………….……...….……. ... 2,976 3,419 3,483 -13.0 -1.8 7.6 3,051 3,625 3,093 3,744 12,596 13,830 -8.9 Nondefense communications equipment……………………….…….… 5,028 4,318 4,915 16.4 -12.1 4.6 4,756 5,360 4,863 3,977 19,221 20,930 -8.2 Defense communications equipment… 473 902 351 -47.6 157.0 -4.6 382 1,030 356 379 2,038 1,815 12.3 2 Semiconductors ………….……...….…… (NA) (NA) (NA) (NA) (NA) (NA) (NA) (NA) (NA) (NA) (NA) (NA) (NA) Electronic components…………..……… 4,177 4,107 4,456 1.7 -7.8 6.7 3,633 4,359 4,375 3,869 16,206 15,220 6.5 Nondefense search and navigation equipment……………….……...……… 877 867 821 1.2 5.6 -23.0 752 1,025 840 8 || will be reflected in the annual benchmark publication. Additional survey documentation can be found on our web site: http://www.census.gov/m3. NOTICE Revised historical data for Manufacturers’ Shipments, Inventories, and Orders will be issued on May 18, 2007. These revisions reflect: • benchmarking the shipments and inventory data to the 2005 Annual Survey of Manufactures (ASM) data; • adjusting new orders and order backlog to be consistent with the benchmarked shipments and inventory data; • correcting monthly data for late receipts, reclassifications of reported data, and revisions to previously reported data; and • updating the seasonal adjustment factors for all series. For revised historical data go to http://www.census.gov/m3/hist/nai ... This was at the highest level since the series was March, up twenty-two of the last twenty-three months, first stated on a NAICS basis in 1992 and followed a 1.1 increased $12.9 billion or 1.8 percent to $717.3 billion, percent February increase. ... Figures on new and unfilled orders exclude data for semiconductor manufacturing. ... 5,114 5,269 5,011 -2.9 5.1 5.7 6,090 4,756 4,044 6,414 14,890 15,565 -4.3 Defense communications equipment… 511 518 481 -1.4 7.7 -7.1 566 486 433 491 1,485 1,370 8.4 Audio and video equipment……...……… 871 942 1,056 -7.5 -10.8 -2.9 883 870 938 789 2,691 2,642 1.9 Semiconductors ………….……...….……. ... 4,419 4,588 4,425 -3.7 3.7 -3.3 4,831 4,202 3,840 5,381 12,873 13,350 -3.6 Nondefense communications equipment…… || This was at the highest level since the series was increased $6.0 billion or 0.9 percent to $702.7 billion, first stated on a NAICS basis in 1992 and followed a 0.3 unchanged from the previously published increase. ... Figures on new and unfilled orders exclude data for semiconductor manufactu",2007-05-18, || agency issue date 2007-05-18; ALFRED vintage 2007-05-18 (+0 days) ||  || ,annual_benchmark,,strong,M3 benchmark notice: historical data issued shortly before this vintage,,,,,,
FDC-M3-20080516,M3,2008-05-16,DGORDER;NEWORDER,2,FD-DGORDER-20080516;FD-NEWORDER-20080516,R30_CENSUS_ANNUAL,1992-02-01,195.0,True,"SRC-C0CAB5EE13: U.S. Census Bureau, ""Full Report on Manufacturers' Shipments, Inventories, and Orders, April 2008"" (2008-06-03) https://www.census.gov/manufacturing/m3/historical_data/pressreleases/prel/2008/apr08prel.pdf
SRC-64DCE40C43: U.S. Census Bureau, ""Full Report on Manufacturers' Shipments, Inventories, and Orders, March 2008"" (2008-05-02) https://www.census.gov/manufacturing/m3/historical_data/pressreleases/prel/2008/mar08prel.pdf
SRC-E8C98F3DE7: U.S. Census Bureau, ""Full Report on Manufacturers' Shipments, Inventories, and Orders, February 2008"" (2008-04-02) https://www.census.gov/manufacturing/m3/historical_data/pressreleases/prel/2008/feb08prel.pdf
SRC-093D4DCCFB: U.S. Census Bureau, ""Full Report on Manufacturers' Shipments, Inventories, and Orders, January 2008"" (2008-03-05) https://www.census.gov/manufacturing/m3/historical_data/pressreleases/prel/2008/jan08prel.pdf",notice section; release dated 2008-06-03 || notice section; release dated 2008-05-02 || notice section; release dated 2008-04-02 || notice section; release dated 2008-03-05,"This was also at the highest level consecutive months, increased $5.0 billion or 1.1 percent since the series was first stated on a NAICS basis in to $445.2 billion, the U.S. ... This was at since the series was first stated on a NAICS basis in the highest level since the series was first stated on a 1992. ... NAICS basis in 1992 and followed a 1.1 percent March increase. ... This was also at the highest level since the series increased $7.3 billion or 0.9 percent to $804.4 billion, was first stated on a NAICS basis in 1992 and followed revised from the previously published 1.0 percent a 1.3 percent March increase. || benchmark notice and survey description. 2 Table 1. Value of Manufacturers' Shipments for Industry Groups [Millions of Dollars] 1 Seasonally Adjusted Not Seasonally Adjusted Monthly Percent Change Monthly Year to date Industry Percent Mar. Feb. Jan. Feb. - Jan. - Dec. - Mar. Feb. Jan. Mar. 2008/ p 2008 2008r 2008 Mar. Feb. Jan. 2008 p 2008r 2008 2007 2008 p 2007 2007 All manufacturing industries ......………… 428,689 423,834 431,930 1.1 -1.9 1.1 442,467 411,172 399,085 432,536 1,252,724 1,183,056 5.9 Excluding transportation ……….……… 374,493 368,683 374,314 1.6 -1.5 0.8 383,759 354,923 349,144 367,171 1,087,826 1,012,870 7.4 Excluding defense …………...…..………. 416,183 412,403 421,175 0.9 -2.1 0.9 428,285 400,109 390,127 421,954 1,218,521 1,155,007 5.5 With unfilled orders …………...…..……. 151,557 149,830 151,440 1.2 -1.1 1.9 162,321 146,058 136,101 161,208 444,480 428,148 3.8 Durable goods industr ... will be reflected in the annual benchmark publication. Additional survey documentation can be found on our web site: http://www.census.gov/m3. NOTICE Revised historical data for Manufacturers’ Shipments, Inventories, and Orders will be issued on May 16, 2008. These revisions reflect: • benchmarking the shipments and inventory data to the 2006 Annual Survey of Manufactures (ASM) data; • adjusting new orders and order backlog to be consistent with the benchmarked shipments and inventory data; • correcting monthly data for late receipts, reclassifications of reported data, and revisions to p || will be reflected in the annual benchmark publication. Additional survey documentation can be found on our web site: http://www.census.gov/m3. NOTICE Revised historical data for Manufacturers’ Shipments, Inventories, and Orders will be issued on May 16, 2008. These revisions reflect: • benchmarking the shipments and inventory data to the 2006 Annual Survey of Manufactures (ASM) data; • adjusting new orders and order backlog to be consistent with the benchmarked shipments and inventory data; • correcting monthly data for late receipts, reclassifications of reported data, and revisions to previously reported data; and • updating the seasonal adjustment factors for all series. For revised historical data go to http://www.census.gov/m3/hist/nai ... This was also at the highest level since the series series was first stated on a NAICS basis in 1992 and was first ",2008-05-16;2008-05-16, || agency issue date 2008-05-16; ALFRED vintage 2008-05-16 (+0 days) || agency issue date 2008-05-16; ALFRED vintage 2008-05-16 (+0 days) || ,annual_benchmark,,strong,M3 benchmark notice: historical data issued shortly before this vintage,,,,,,
FDC-M3-20100115,M3,2010-01-15,DGORDER;NEWORDER,2,FD-DGORDER-20100115;FD-NEWORDER-20100115,R90_UNCLASSIFIED,2001-01-01,108.0,False,"SRC-C1251B1C8B: U.S. Census Bureau, ""Full Report on Manufacturers' Shipments, Inventories, and Orders, December 2009"" (2010-02-04) https://www.census.gov/manufacturing/m3/historical_data/pressreleases/prel/2009/dec09prel.pdf
SRC-86F3A80063: U.S. Census Bureau, ""Full Report on Manufacturers' Shipments, Inventories, and Orders, November 2009"" (2010-01-15) https://www.census.gov/manufacturing/m3/historical_data/pressreleases/prel/2009/nov09prel.pdf
SRC-DBA5E7BA70: U.S. Census Bureau, ""Full Report on Manufacturers' Shipments, Inventories, and Orders, October 2009"" (2009-12-04) https://www.census.gov/manufacturing/m3/historical_data/pressreleases/prel/2009/oct09prel.pdf
SRC-128A0E0EC1: U.S. Census Bureau, ""Full Report on Manufacturers' Shipments, Inventories, and Orders, September 2009"" (2009-11-03) https://www.census.gov/manufacturing/m3/historical_data/pressreleases/prel/2009/sep09prel.pdf",notice section; release dated 2010-02-04 || notice section; release dated 2010-01-15 || notice section; release dated 2009-12-04 || notice section; release dated 2009-11-03,"benchmark notice, and 2010 release schedule. 2 Table 1. Value of Manufacturers' Shipments for Industry Groups1 [Estimates are shown in millions of dollars and are based on data from the Manufacturers' Shipments, Inventories, and Orders Survey.] Seasonally Adjusted Not Seasonally Adjusted Monthly Percent Change Monthly Year to date Industry Percent Dec. Nov. Oct. Nov. - Oct. - Sep. - Dec. Nov. Oct. Dec. 2009/ 2009 p 2009 r 2009 Dec. Nov. Oct. 2009 p 2009 r 2009 2008 2009 p 2008 2008 All manufacturing industries......………… 383,087 376,048 370,294 1.9 1.6 0.9 379,241 366,265 383,460 368,574 4,375,927 5,183,142 -15.6 Excluding transportation……….……… 337,286 332,083 326,525 1.6 1.7 1.6 330,898 322,609 338,174 321,145 3,847,482 4,564,021 -15.7 Excluding defense…………...…..………. 369,873 362,284 356,120 2.1 1.7 1.1 364,618 352,127 369,350 355,866 4,213,494 5,042,959 -16.4 With unfilled orders …………... ... flected in the annual benchmark publication. Additional survey documentation can be found on our web site: http://www.census.gov/m3. BENCHMARK NOTICE Revised historical data for Manufacturers’ Shipments, Inventories, and Orders will be issued on May 14, 2010. These revisions reflect: o benchmarking the shipments and inventory data to the 2007 Economic Census and the 2008 Annual Survey of Manufactures (ASM) data; o adjusting new orders and order backlog to be consistent with the benchmarked shipments and inventory data; o correcting monthly data for late receipts, reclassifications of repo || decreases since the series was first published on a This was the longest streak of consecutive monthly NAICS basis in 1992. ... The unfilled orders-to-shipments ratio NAICS basis in 1992 and followed a 0.4 percent October was 5.69, down from 5.75 in October. ... Figures on new and unfilled orders exclude data for semiconductor manufacturing. ... 549 587 538 -6.5 9.1 6.5 733 807 537 685 5,662 6,972 -18.8 Semiconductors………….……...….……. || This was the NAICS basis in 1992. ... Figures on new and unfilled orders exclude data for semiconductor manufacturing. ... 4,348 4,183 4,286 3.9 -2.4 -4.6 3,894 5,285 4,175 3,975 40,508 48,992 -17.3 Defense communications equipment… 802 704 815 13.9 -13.6 -3.4 788 761 798 744 7,569 6,730 12.5 Audio and video equipment……...……… 588 542 489 8.5 10.8 -6.0 807 537 444 776 4,929 6,287 -21.6 Semiconductors ………….……...….……. ... 2,028 2,491 2,474 -18.6 0.7 -0.8 2,200 2,563 2,374 2,827 24,380 30,262 -19.4 Nondefense communications equipment……………………….…….… 4,238 4,374 4,599 -3.1 -4.9 -4.4 4,038 5,681 4,165 4,539 41,651 49,610 -16.0 Defense communications equipment… 719 736 755 -2.3 -2.5 31.3 604 950 517 664 7,485 7,261 3.1 2 Semiconductors ………….……...….…… (NA) (NA) (NA) (NA) (NA) (NA) (NA) (NA) (NA) (NA) (NA) (NA) (NA) Electronic components…………..……… 3,380 3,603 3,395 -6.2 6.1 -4.0 3,345 4,008 3,646 3,380 33,487 39,497 -15.2 Nondefense search and navigation equipment……………….……...……… 866 632 632 37.0 0.0 -7.6 785 791 622 937 || This was the NAICS basis in 1",2010-05-14,agency issue date 2010-05-14; ALFRED vintage 2010-01-15 (-119 days) ||  ||  || ,unknown,,weak,revision-related text found near this vintage but no dated benchmark notice,,,,,,
FDC-M3-20100514,M3,2010-05-14,DGORDER;NEWORDER,2,FD-DGORDER-20100514;FD-NEWORDER-20100514,R30_CENSUS_ANNUAL,1992-02-01,219.0,True,"SRC-28341CE7E5: U.S. Census Bureau, ""Full Report on Manufacturers' Shipments, Inventories, and Orders, April 2010"" (2010-06-03) https://www.census.gov/manufacturing/m3/historical_data/pressreleases/prel/2010/apr10prel.pdf
SRC-1C66F3C991: U.S. Census Bureau, ""Full Report on Manufacturers' Shipments, Inventories, and Orders, March 2010"" (2010-05-04) https://www.census.gov/manufacturing/m3/historical_data/pressreleases/prel/2010/mar10prel.pdf
SRC-89AD572F69: U.S. Census Bureau, ""Full Report on Manufacturers' Shipments, Inventories, and Orders, February 2010"" (2010-03-31) https://www.census.gov/manufacturing/m3/historical_data/pressreleases/prel/2010/feb10prel.pdf
SRC-9296540E28: U.S. Census Bureau, ""Full Report on Manufacturers' Shipments, Inventories, and Orders, January 2010"" (2010-03-04) https://www.census.gov/manufacturing/m3/historical_data/pressreleases/prel/2010/jan10prel.pdf",notice section; release dated 2010-06-03 || notice section; release dated 2010-05-04 || notice section; release dated 2010-03-31 || notice section; release dated 2010-03-04,"Figures on new and unfilled orders exclude data for semiconductor manufacturing. ... 630 510 498 23.5 2.4 2.5 632 534 498 536 2,114 2,220 -4.8 Audio and video equipment……...……… 419 407 403 2.9 1.0 -6.9 339 378 334 282 1,433 1,306 9.7 Semiconductors 2………….……...….……. ... 2 Estimates and percent changes of shipments for the semiconductor industry are no longer shown separately, but are included in computers and electronic products, and all other applicable aggregate totals. ... 4,494 4,760 3,819 -5.6 24.6 14.2 4,701 4,683 3,232 2,756 15,764 12,847 22.7 Nondefense communications equipment……………………….…….… 3,076 2,788 2,954 10.3 -5.6 -7.2 2,642 3,091 2,813 2,547 10,988 11,021 -0.3 Defense communications equipment…… 565 621 556 -9.0 11.7 -9.6 493 977 513 680 2,557 2,858 -10.5 Semiconductors 2………….……...….…… NA NA NA NA NA NA NA NA NA NA NA NA NA Electronic components…………..………. || benchmark notice. 2 Table 1. Value of Manufacturers' Shipments for Industry Groups1 [Estimates are shown in millions of dollars and are based on data from the Manufacturers' Shipments, Inventories, and Orders Survey.] Seasonally Adjusted Not Seasonally Adjusted Monthly Percent Change Monthly Year to date Industry Percent Mar. Feb. Jan. Feb. - Jan. - Dec. - Mar. Feb. Jan. Mar. 2010/ p 2010 2010r 2010 Mar. Feb. Jan. 2010p 2010r 2010 2009 2010p 2009 2009 All manufacturing industries......………… 395,587 386,968 385,325 2.2 0.4 0.7 413,753 356,306 349,601 370,878 1,119,660 1,039,474 7.7 Excluding transportation……….……… 350,976 343,036 339,987 2.3 0.9 1.0 363,681 314,083 310,967 320,879 988,731 909,322 8.7 Excluding defense…………...…..………. 381,832 373,056 370,557 2.4 0.7 0.3 398,926 342,996 337,486 356,481 1,079,408 1,002,941 7.6 With unfilled orders…………...…..…….. 133,695 130,852 130,388 2.2 0.4 -1 ... flected in the annual benchmark publication. Additional survey documentation can be found on our web site: http://www.census.gov/m3. Benchmark Notice Revised historical data for Manufacturers’ Shipments, Inventories, and Orders will be issued on May 14, 2010. These revisions reflect: o benchmarking the shipments and inventory data to the 2007 Economic Census and the 2008 Annual Survey of Manufactures (ASM) data; o adjusting new orders and order backlog to be consistent with the benchmarked shipments and inventory data; o correcting monthly data for late receipts, reclassifications of repo || benchmark notice. 2 Table 1. Value of Manufacturers' Shipments for Industry Groups1 [Estimates are shown in millions of dollars and are based on data from the Manufacturers' Shipments, Inventories, and Orders Survey.] Seasonally Adjusted Not Seasonally Adjusted Monthly Percent Change Monthly Year to date Industry Percent Feb. Jan. Dec. Jan. - Dec. - Nov. - Feb. Jan. Dec. Feb. 2010/ 2010 p 2010 r 2009 Feb. Jan. Dec. 2010 p 2010 r 2009 2009 2010 p 2009 2009 All manufacturing industries......………… 384,857 385,325 382,727 -0.1 0.7 1.8 356,053 349,601 378,709 336,200 705,654 668,596 5.5 Excluding transportation…",2010-05-14;2010-05-14;2010-05-14, || agency issue date 2010-05-14; ALFRED vintage 2010-05-14 (+0 days) || agency issue date 2010-05-14; ALFRED vintage 2010-05-14 (+0 days) || agency issue date 2010-05-14; ALFRED vintage 2010-05-14 (+0 days),annual_benchmark,,strong,M3 benchmark notice: historical data issued shortly before this vintage,,,,,,
FDC-M3-20110513,M3,2011-05-13,DGORDER;NEWORDER,2,FD-DGORDER-20110513;FD-NEWORDER-20110513,R30_CENSUS_ANNUAL,1992-02-01,231.0,True,"SRC-519BD7907C: U.S. Census Bureau, ""Full Report on Manufacturers' Shipments, Inventories, and Orders, April 2011"" (2011-06-02) https://www.census.gov/manufacturing/m3/historical_data/pressreleases/prel/2011/apr11prel.pdf
SRC-C99D9CEBEF: U.S. Census Bureau, ""Full Report on Manufacturers' Shipments, Inventories, and Orders, March 2011"" (2011-05-03) https://www.census.gov/manufacturing/m3/historical_data/pressreleases/prel/2011/mar11prel.pdf
SRC-552FC08569: U.S. Census Bureau, ""Full Report on Manufacturers' Shipments, Inventories, and Orders, February 2011"" (2011-03-31) https://www.census.gov/manufacturing/m3/historical_data/pressreleases/prel/2011/feb11prel.pdf
SRC-8B345F22AC: U.S. Census Bureau, ""Full Report on Manufacturers' Shipments, Inventories, and Orders, January 2011"" (2011-03-04) https://www.census.gov/manufacturing/m3/historical_data/pressreleases/prel/2011/jan11prel.pdf",notice section; release dated 2011-06-02 || notice section; release dated 2011-05-03 || notice section; release dated 2011-03-31 || notice section; release dated 2011-03-04,"Figures on new and unfilled orders exclude data for semiconductor manufacturing. ... 2 Estimates and percent changes of shipments for the semiconductor industry are no longer shown separately, but are included in computers and electronic products, and all other applicable aggregate totals. ... 2 Data on new orders are not available for the semiconductor industry. ... Estimates and percent changes for new orders exclude semiconductor industry data. || benchmark notice. 2 Table 1. Value of Manufacturers' Shipments for Industry Groups1 [Estimates are shown in millions of dollars and are based on data from the Manufacturers' Shipments, Inventories, and Orders Survey.] Seasonally Adjusted Not Seasonally Adjusted Monthly Percent Change Monthly Year to date Industry Percent Mar. Feb. Jan. Feb. - Jan. - Dec. - Mar. Feb. Jan. Mar. 2011/ 2011p 2011r 2011 Mar. Feb. Jan. 2011p 2011r 2011 2010 2011 p 2010 2010 All manufacturing industries......………… 461,449 449,434 446,860 2.7 0.6 1.7 487,260 412,652 408,986 437,300 1,308,898 1,186,070 10.4 Excluding transportation……….……… 410,303 399,946 398,420 2.6 0.4 1.9 428,846 365,613 367,144 383,866 1,161,603 1,043,400 11.3 Excluding defense…………...…..………. 450,239 438,553 436,199 2.7 0.5 1.9 474,698 402,192 400,325 422,467 1,277,215 1,145,943 11.5 With unfilled orders…………...…..…….. 152,261 148,596 147,561 2.5 ... flected in the annual benchmark publication. Additional survey documentation can be found on our web site: http://www.census.gov/m3. Benchmark Notice Revised historical data for Manufacturers’ Shipments, Inventories, and Orders will be issued on May 13, 2011. These revisions reflect: o benchmarking the shipments and inventory data to the 2009 Annual Survey of Manufactures (ASM) data; o incorporating the unfilled orders to shipments ratios obtained from the 2008/2009 Manufacturers’ Unfilled Orders Survey by applying these ratios to the respective ASM shipments data; o adjusting new orders  || benchmark notice. 2 Table 1. Value of Manufacturers' Shipments for Industry Groups1 [Estimates are shown in millions of dollars and are based on data from the Manufacturers' Shipments, Inventories, and Orders Survey.] Seasonally Adjusted Not Seasonally Adjusted Monthly Percent Change Monthly Year to date Industry Percent Feb. Jan. Dec. Jan. - Dec. - Nov. - Feb. Jan. Dec. Feb. 2011/ 2011p 2011r 2010 Feb. Jan. Dec. 2011p 2011r 2010 2010 2011 p 2010 2010 All manufacturing industries......………… 448,256 446,860 439,364 0.3 1.7 2.7 413,890 408,986 431,950 375,468 822,876 748,770 9.9 Excluding transportation……….……… 399,155 398,420 391,132 0.2 1.9 2.7 366,866 367,144 380,984 330,596 734,010 659,534 11.3 Excluding defense…………...…..………. 437,380 436,199 428,113 0.3 1.9 2.8 403,403 400,325 419,552 362,160 803,728 723,476 11.1 With unfilled orders…………...…..…….. 148,126 147,561 148,556 0.4 -0.7 2.8 137 ... flected in the annual benchmark publication. Additional survey documentation can be found on our web site: http://www.census.gov/m3. Ben",2011-05-13;2011-05-13;2011-05-13, || agency issue date 2011-05-13; ALFRED vintage 2011-05-13 (+0 days) || agency issue date 2011-05-13; ALFRED vintage 2011-05-13 (+0 days) || agency issue date 2011-05-13; ALFRED vintage 2011-05-13 (+0 days),annual_benchmark,,strong,M3 benchmark notice: historical data issued shortly before this vintage,,,,,,
FDC-M3-20120518,M3,2012-05-18,AMTMNO;DGORDER;NEWORDER,3,FD-AMTMNO-20120518;FD-DGORDER-20120518;FD-NEWORDER-20120518,R30_CENSUS_ANNUAL,1992-02-01,243.0,True,"SRC-6FE9A1921E: U.S. Census Bureau, ""Full Report on Manufacturers' Shipments, Inventories, and Orders, April 2012"" (2012-06-04) https://www.census.gov/manufacturing/m3/historical_data/pressreleases/prel/2012/apr12prel.pdf
SRC-2D2108899E: U.S. Census Bureau, ""Full Report on Manufacturers' Shipments, Inventories, and Orders, March 2012"" (2012-05-02) https://www.census.gov/manufacturing/m3/historical_data/pressreleases/prel/2012/mar12prel.pdf
SRC-470DD1FE12: U.S. Census Bureau, ""Full Report on Manufacturers' Shipments, Inventories, and Orders, February 2012"" (2012-04-03) https://www.census.gov/manufacturing/m3/historical_data/pressreleases/prel/2012/feb12prel.pdf
SRC-64B1CAE26B: U.S. Census Bureau, ""Full Report on Manufacturers' Shipments, Inventories, and Orders, January 2012"" (2012-03-05) https://www.census.gov/manufacturing/m3/historical_data/pressreleases/prel/2012/jan12prel.pdf",notice section; release dated 2012-06-04 || notice section; release dated 2012-05-02 || notice section; release dated 2012-04-03 || notice section; release dated 2012-03-05,"This Transportation equipment, down two consecutive was at the highest level since the series was first months, had the largest decrease, $1.6 billion or 0.3 published on a NAICS basis in 1992 and followed a 0.1 percent to $566.5 billion. ... This followed a 3.7 NAICS basis and followed a 0.4 percent March increase. ... Figures on new and unfilled orders exclude data for semiconductor manufacturing. ... 2 Estimates and percent changes of shipments for the semiconductor industry are no longer shown separately, but are included in computers and electronic products, and all other applicable aggregate totals. || Benchmark Notice Revised historical data for Manufacturers’ Shipments, Inventories, and Orders will be issued on May 18, 2012. These revisions reflect:  benchmarking the shipments and inventories data to the 2010 Annual Survey of Manufactures (ASM) data, as well as revised ASM benchmarks for prior years;  incorporating the unfilled orders to shipments ratios obtained from the 2009/2010 Manufacturers’ Unfilled Orders Survey by applying these ratios to the respective ASM shipments data, as well as incorporating revised unfilled orders to shipments ratios for prior years;  adjusting the new orders data to be consistent with the benchmarked shipments and unfilled orders data;  correcting monthly data for late receipts, reclassifications of reported data, and revisions to previously reported data;  incorporating the monthly data corrections when producing estimates for industry groups fo ... This was at New orders for manufactured durable goods in March, the highest level since the series was first published on a down two of the last three months, decreased $8.4 NAICS basis and followed a 0.3 percent February billion or 4.0 percent to $203.0 billion, revised from the increase. ... Figures on new and unfilled orders exclude data for semiconductor manufacturing. ... 2 Estimates and percent changes of shipments for the semiconductor industry are no longer shown separately, but are included in computers and electronic products, and all other applicable aggregate totals. ... 2 Dat || Benchmark Notice Revised historical data for Manufacturers’ Shipments, Inventories, and Orders will be issued on May 18, 2012. These revisions reflect:  benchmarking the shipments and inventories data to the 2010 Annual Survey of Manufactures (ASM) data, as well as revised ASM benchmarks for prior years;  incorporating the unfilled orders to shipments ratios obtained from the 2009/2010 Manufacturers’ Unfilled Orders Survey by applying these ratios to the respective ASM shipments data, as well as incorporating revised unfilled orders to shipments ratios for prior years;  adjusting the new orders data to be consistent with the benchmarked shipments and unfilled orders data;  correcting monthly data for late receipts, reclassifications of reported data, and revisions to previously reported data;  incorporating the monthly data corrections when producing estimates fo",2012-05-18;2012-05-18;2012-05-18, || agency issue date 2012-05-18; ALFRED vintage 2012-05-18 (+0 days) || agency issue date 2012-05-18; ALFRED vintage 2012-05-18 (+0 days) || agency issue date 2012-05-18; ALFRED vintage 2012-05-18 (+0 days),annual_benchmark,,strong,M3 benchmark notice: historical data issued shortly before this vintage,,,,,,
FDC-M3-20130517,M3,2013-05-17,AMTMNO;DGORDER;NEWORDER,3,FD-AMTMNO-20130517;FD-DGORDER-20130517;FD-NEWORDER-20130517,R30_CENSUS_ANNUAL,1992-02-01,255.0,True,"SRC-DF11812E4D: U.S. Census Bureau, ""Full Report on Manufacturers' Shipments, Inventories, and Orders, April 2013"" (2013-06-05) https://www.census.gov/manufacturing/m3/historical_data/pressreleases/prel/2013/apr13prel.pdf
SRC-F139CC58BF: U.S. Census Bureau, ""Full Report on Manufacturers' Shipments, Inventories, and Orders, March 2013"" (2013-05-03) https://www.census.gov/manufacturing/m3/historical_data/pressreleases/prel/2013/mar13prel.pdf
SRC-957D707D82: U.S. Census Bureau, ""Full Report on Manufacturers' Shipments, Inventories, and Orders, February 2013"" (2013-04-02) https://www.census.gov/manufacturing/m3/historical_data/pressreleases/prel/2013/feb13prel.pdf
SRC-E2EBED849A: U.S. Census Bureau, ""Full Report on Manufacturers' Shipments, Inventories, and Orders, January 2013"" (2013-03-06) https://www.census.gov/manufacturing/m3/historical_data/pressreleases/prel/2013/jan13prel.pdf",notice section; release dated 2013-06-05 || notice section; release dated 2013-05-03 || notice section; release dated 2013-04-02 || notice section; release dated 2013-03-06,"Benchmark Notice Revised historical data for Manufacturers’ Shipments, Inventories, and Orders were issued on May 17, 2013. These revisions reflect:  benchmarking the shipments and inventories data to the 2011 Annual Survey of Manufactures (ASM) data, as well as revised ASM benchmarks for prior years;  incorporating the unfilled orders to shipments ratios obtained from the 2010/2011 Manufacturers’ Unfilled Orders Survey by applying these ratios to the respective ASM shipments data, as well as incorporating revised unfilled orders to shipments ratios for prior years;  adjusting the new orders data to be consistent with the benchmarked shipments and unfilled orders data;  correcting monthly data for late receipts, reclassifications of reported data, and revisions to previously reported data;  migrating the data processing environment from a server having a Linux Red Hat 4 operating sy ... NAICS basis in 1992, and followed a slight March increase. ... This was at the highest up two of the last three months, increased $7.4 billion or level since the series was first published on a NAICS 3.5 percent to $222.7 billion, revised from the previously published 3.3 percent increase. ... Figures on new and unfilled orders exclude data for semiconductor manufacturing. ... 2 Estimates and percent changes of shipments for the semiconductor industry are no longer shown separately, but are included in computers and electronic products, and all other applicable aggregate totals. || Benchmark Notice Revised historical data for Manufacturers’ Shipments, Inventories, and Orders will be issued on May 17, 2013. These revisions reflect:  benchmarking the shipments and inventories data to the 2011 Annual Survey of Manufactures (ASM) data, as well as revised ASM benchmarks for prior years;  incorporating the unfilled orders to shipments ratios obtained from the 2010/2011 Manufacturers’ Unfilled Orders Survey by applying these ratios to the respective ASM shipments data, as well as incorporating revised unfilled orders to shipments ratios for prior years;  adjusting the new orders data to be consistent with the benchmarked shipments and unfilled orders data;  correcting monthly data for late receipts, reclassifications of reported data, and revisions to previously reported data;  migrating the data processing environment from a server having a Linux Red Hat 4 operating ... This was at the highest Transportation equipment, also down two of the last level since the series was first published on a NAICS three months, led the decrease, down $5.4 billion or 0.9 basis in 1992, and followed a 0.2 percent February percent to $585.8 billion. ... This was at the highest 0.5 percent in durable goods and 0.4 percent in level since the series was first published on a NAICS nondurable goods. ... Figures on new and unfilled orders exclude data for semiconductor manufacturing. ... 2 Estimates and percent changes of shipments for the semiconductor industry are no longer sho || Be",2013-05-17;2013-05-17;2013-05-17;2013-05-17,agency issue date 2013-05-17; ALFRED vintage 2013-05-17 (+0 days) || agency issue date 2013-05-17; ALFRED vintage 2013-05-17 (+0 days) || agency issue date 2013-05-17; ALFRED vintage 2013-05-17 (+0 days) || agency issue date 2013-05-17; ALFRED vintage 2013-05-17 (+0 days),annual_benchmark,,strong,M3 benchmark notice: historical data issued shortly before this vintage,,,,,,
FDC-M3-20130524,M3,2013-05-24,DGORDER;NEWORDER,2,FD-DGORDER-20130524;FD-NEWORDER-20130524,R30_CENSUS_ANNUAL,1992-02-01,255.0,True,"SRC-DF11812E4D: U.S. Census Bureau, ""Full Report on Manufacturers' Shipments, Inventories, and Orders, April 2013"" (2013-06-05) https://www.census.gov/manufacturing/m3/historical_data/pressreleases/prel/2013/apr13prel.pdf
SRC-F139CC58BF: U.S. Census Bureau, ""Full Report on Manufacturers' Shipments, Inventories, and Orders, March 2013"" (2013-05-03) https://www.census.gov/manufacturing/m3/historical_data/pressreleases/prel/2013/mar13prel.pdf
SRC-957D707D82: U.S. Census Bureau, ""Full Report on Manufacturers' Shipments, Inventories, and Orders, February 2013"" (2013-04-02) https://www.census.gov/manufacturing/m3/historical_data/pressreleases/prel/2013/feb13prel.pdf
SRC-E2EBED849A: U.S. Census Bureau, ""Full Report on Manufacturers' Shipments, Inventories, and Orders, January 2013"" (2013-03-06) https://www.census.gov/manufacturing/m3/historical_data/pressreleases/prel/2013/jan13prel.pdf",notice section; release dated 2013-06-05 || notice section; release dated 2013-05-03 || notice section; release dated 2013-04-02 || notice section; release dated 2013-03-06,"Benchmark Notice Revised historical data for Manufacturers’ Shipments, Inventories, and Orders were issued on May 17, 2013. These revisions reflect:  benchmarking the shipments and inventories data to the 2011 Annual Survey of Manufactures (ASM) data, as well as revised ASM benchmarks for prior years;  incorporating the unfilled orders to shipments ratios obtained from the 2010/2011 Manufacturers’ Unfilled Orders Survey by applying these ratios to the respective ASM shipments data, as well as incorporating revised unfilled orders to shipments ratios for prior years;  adjusting the new orders data to be consistent with the benchmarked shipments and unfilled orders data;  correcting monthly data for late receipts, reclassifications of reported data, and revisions to previously reported data;  migrating the data processing environment from a server having a Linux Red Hat 4 operating sy ... NAICS basis in 1992, and followed a slight March increase. ... This was at the highest up two of the last three months, increased $7.4 billion or level since the series was first published on a NAICS 3.5 percent to $222.7 billion, revised from the previously published 3.3 percent increase. ... Figures on new and unfilled orders exclude data for semiconductor manufacturing. ... 2 Estimates and percent changes of shipments for the semiconductor industry are no longer shown separately, but are included in computers and electronic products, and all other applicable aggregate totals. || Benchmark Notice Revised historical data for Manufacturers’ Shipments, Inventories, and Orders will be issued on May 17, 2013. These revisions reflect:  benchmarking the shipments and inventories data to the 2011 Annual Survey of Manufactures (ASM) data, as well as revised ASM benchmarks for prior years;  incorporating the unfilled orders to shipments ratios obtained from the 2010/2011 Manufacturers’ Unfilled Orders Survey by applying these ratios to the respective ASM shipments data, as well as incorporating revised unfilled orders to shipments ratios for prior years;  adjusting the new orders data to be consistent with the benchmarked shipments and unfilled orders data;  correcting monthly data for late receipts, reclassifications of reported data, and revisions to previously reported data;  migrating the data processing environment from a server having a Linux Red Hat 4 operating ... This was at the highest Transportation equipment, also down two of the last level since the series was first published on a NAICS three months, led the decrease, down $5.4 billion or 0.9 basis in 1992, and followed a 0.2 percent February percent to $585.8 billion. ... This was at the highest 0.5 percent in durable goods and 0.4 percent in level since the series was first published on a NAICS nondurable goods. ... Figures on new and unfilled orders exclude data for semiconductor manufacturing. ... 2 Estimates and percent changes of shipments for the semiconductor industry are no longer sho || Be",2013-05-17;2013-05-17;2013-05-17;2013-05-17,agency issue date 2013-05-17; ALFRED vintage 2013-05-24 (+7 days) || manual: this snapshot restores values identical to the pre-benchmark snapshot of 2013-05-03; no government source explains it || agency issue date 2013-05-17; ALFRED vintage 2013-05-24 (+7 days) || manual: this snapshot restores values identical to the pre-benchmark snapshot of 2013-05-03; no government source explains it || agency issue date 2013-05-17; ALFRED vintage 2013-05-24 (+7 days) || manual: this snapshot restores values identical to the pre-benchmark snapshot of 2013-05-03; no government source explains it || agency issue date 2013-05-17; ALFRED vintage 2013-05-24 (+7 days) || manual: this snapshot restores values identical to the pre-benchmark snapshot of 2013-05-03; no government source explains it,unknown,,none,manual: this snapshot restores values identical to the pre-benchmark snapshot of 2013-05-03; no government source explains it,,,,,,
FDC-M3-20130528,M3,2013-05-28,DGORDER;NEWORDER,2,FD-DGORDER-20130528;FD-NEWORDER-20130528,R30_CENSUS_ANNUAL,1992-02-01,255.0,True,"SRC-DF11812E4D: U.S. Census Bureau, ""Full Report on Manufacturers' Shipments, Inventories, and Orders, April 2013"" (2013-06-05) https://www.census.gov/manufacturing/m3/historical_data/pressreleases/prel/2013/apr13prel.pdf
SRC-F139CC58BF: U.S. Census Bureau, ""Full Report on Manufacturers' Shipments, Inventories, and Orders, March 2013"" (2013-05-03) https://www.census.gov/manufacturing/m3/historical_data/pressreleases/prel/2013/mar13prel.pdf
SRC-957D707D82: U.S. Census Bureau, ""Full Report on Manufacturers' Shipments, Inventories, and Orders, February 2013"" (2013-04-02) https://www.census.gov/manufacturing/m3/historical_data/pressreleases/prel/2013/feb13prel.pdf
SRC-E2EBED849A: U.S. Census Bureau, ""Full Report on Manufacturers' Shipments, Inventories, and Orders, January 2013"" (2013-03-06) https://www.census.gov/manufacturing/m3/historical_data/pressreleases/prel/2013/jan13prel.pdf",notice section; release dated 2013-06-05 || notice section; release dated 2013-05-03 || notice section; release dated 2013-04-02 || notice section; release dated 2013-03-06,"Benchmark Notice Revised historical data for Manufacturers’ Shipments, Inventories, and Orders were issued on May 17, 2013. These revisions reflect:  benchmarking the shipments and inventories data to the 2011 Annual Survey of Manufactures (ASM) data, as well as revised ASM benchmarks for prior years;  incorporating the unfilled orders to shipments ratios obtained from the 2010/2011 Manufacturers’ Unfilled Orders Survey by applying these ratios to the respective ASM shipments data, as well as incorporating revised unfilled orders to shipments ratios for prior years;  adjusting the new orders data to be consistent with the benchmarked shipments and unfilled orders data;  correcting monthly data for late receipts, reclassifications of reported data, and revisions to previously reported data;  migrating the data processing environment from a server having a Linux Red Hat 4 operating sy ... NAICS basis in 1992, and followed a slight March increase. ... This was at the highest up two of the last three months, increased $7.4 billion or level since the series was first published on a NAICS 3.5 percent to $222.7 billion, revised from the previously published 3.3 percent increase. ... Figures on new and unfilled orders exclude data for semiconductor manufacturing. ... 2 Estimates and percent changes of shipments for the semiconductor industry are no longer shown separately, but are included in computers and electronic products, and all other applicable aggregate totals. || Benchmark Notice Revised historical data for Manufacturers’ Shipments, Inventories, and Orders will be issued on May 17, 2013. These revisions reflect:  benchmarking the shipments and inventories data to the 2011 Annual Survey of Manufactures (ASM) data, as well as revised ASM benchmarks for prior years;  incorporating the unfilled orders to shipments ratios obtained from the 2010/2011 Manufacturers’ Unfilled Orders Survey by applying these ratios to the respective ASM shipments data, as well as incorporating revised unfilled orders to shipments ratios for prior years;  adjusting the new orders data to be consistent with the benchmarked shipments and unfilled orders data;  correcting monthly data for late receipts, reclassifications of reported data, and revisions to previously reported data;  migrating the data processing environment from a server having a Linux Red Hat 4 operating ... This was at the highest Transportation equipment, also down two of the last level since the series was first published on a NAICS three months, led the decrease, down $5.4 billion or 0.9 basis in 1992, and followed a 0.2 percent February percent to $585.8 billion. ... This was at the highest 0.5 percent in durable goods and 0.4 percent in level since the series was first published on a NAICS nondurable goods. ... Figures on new and unfilled orders exclude data for semiconductor manufacturing. ... 2 Estimates and percent changes of shipments for the semiconductor industry are no longer sho || Be",2013-05-17;2013-05-17;2013-05-17;2013-05-17,agency issue date 2013-05-17; ALFRED vintage 2013-05-28 (+11 days) || manual: this snapshot reinstates values identical to the benchmark snapshot of 2013-05-17; no government source explains the reversal and reinstatement || agency issue date 2013-05-17; ALFRED vintage 2013-05-28 (+11 days) || manual: this snapshot reinstates values identical to the benchmark snapshot of 2013-05-17; no government source explains the reversal and reinstatement || agency issue date 2013-05-17; ALFRED vintage 2013-05-28 (+11 days) || manual: this snapshot reinstates values identical to the benchmark snapshot of 2013-05-17; no government source explains the reversal and reinstatement || agency issue date 2013-05-17; ALFRED vintage 2013-05-28 (+11 days) || manual: this snapshot reinstates values identical to the benchmark snapshot of 2013-05-17; no government source explains the reversal and reinstatement,unknown,,none,manual: this snapshot reinstates values identical to the benchmark snapshot of 2013-05-17; no government source explains the reversal and reinstatement,,,,,,
FDC-M3-20140515,M3,2014-05-15,AMTMNO;DGORDER;NEWORDER,3,FD-AMTMNO-20140515;FD-DGORDER-20140515;FD-NEWORDER-20140515,R30_CENSUS_ANNUAL,1992-02-01,267.0,True,"SRC-98A8B26058: U.S. Census Bureau, ""Full Report on Manufacturers' Shipments, Inventories, and Orders, April 2014"" (2014-06-03) https://www.census.gov/manufacturing/m3/historical_data/pressreleases/prel/2014/apr14prel.pdf
SRC-6CA5CFA37A: U.S. Census Bureau, ""Full Report on Manufacturers' Shipments, Inventories, and Orders, March 2014"" (2014-05-02) https://www.census.gov/manufacturing/m3/historical_data/pressreleases/prel/2014/mar14prel.pdf
SRC-746DC75C7A: U.S. Census Bureau, ""Full Report on Manufacturers' Shipments, Inventories, and Orders, February 2014"" (2014-04-02) https://www.census.gov/manufacturing/m3/historical_data/pressreleases/prel/2014/feb14prel.pdf
SRC-8211DF9BDF: U.S. Census Bureau, ""Full Report on Manufacturers' Shipments, Inventories, and Orders, January 2014"" (2014-03-06) https://www.census.gov/manufacturing/m3/historical_data/pressreleases/prel/2014/jan14prel.pdf",notice section; release dated 2014-06-03 || notice section; release dated 2014-05-02 || notice section; release dated 2014-04-02 || notice section; release dated 2014-03-06,"Notice of Revisions Due to Updated Seasonal Adjustment Models On May 15, 2014, monthly seasonally adjusted data for Manufacturers’ Shipments, Inventories, and Orders, based on the North American Industry Classification System, were revised for January 1992 through March 2014. There was no accompanying press release containing revised seasonally adjusted data for January through March of 2014, and historical data not seasonally adjusted were unchanged. These revisions to the historical seasonally adjusted data were made using the X-13ARIMA-SEATS seasonal adjustment software (Version 1.1 Build 10) and were based on the results of the recent annual review of the seasonal adjustment models. The updated seasonal adjustment software and models will be used to produce seasonally adjusted data from the Manufacturers’ Shipments, Inventories, and Orders Survey, beginning with the April 2014 Advanc ... This was at the highest level since the series was first published on a New orders for manufactured durable goods in April, NAICS basis and followed a 0.2 percent March increase. ... Figures on new and unfilled orders exclude data for semiconductor manufacturing. ... 2 Estimates and percent changes of shipments for the semiconductor industry are no longer shown separately, but are included in computers and electronic products, and all other applicable aggregate totals. ... 2 Data on new orders are not available for the semiconductor industry. || Notice of Revisions Due to Updated Seasonal Adjustment Models On May 15, 2014, monthly seasonally adjusted data for Manufacturers’ Shipments, Inventories, and Orders, based on the North American Industry Classification System, will be revised for January 1992 through March 2014. There will be no accompanying press release containing revised seasonally adjusted data for January through March of 2014, and historical data not seasonally adjusted will be unchanged. These revisions to the historical seasonally adjusted data will be based on the results of the recent annual review of the seasonal adjustment models. These updated models will also be used to produce seasonally adjusted data from the Manufacturers’ Shipments, Inventories, and Orders Survey, beginning with the April 2014 Advance Report on Durable Goods scheduled for release on May 27, 2014 and the full report scheduled for release ... This was at the highest level since the series was first published on a New orders for manufactured durable goods in March, NAICS basis and followed a 0.8 percent February up two consecutive months, increased $6.7 billion or 2.9 increase. ... Figures on new and unfilled orders exclude data for semiconductor manufacturing. ... 2 Estimates and percent changes of shipments for the semiconductor industry are no longer shown separately, but are included in computers and electronic products, and all other applicable aggregate totals. ... 2 Data on new orders are not available for the semiconduc || Notice of Revisions Due to Updated Seas",2014-05-15;2014-05-15;2014-05-15;2014-05-15,agency issue date 2014-05-15; ALFRED vintage 2014-05-15 (+0 days) || agency issue date 2014-05-15; ALFRED vintage 2014-05-15 (+0 days) || agency issue date 2014-05-15; ALFRED vintage 2014-05-15 (+0 days) || agency issue date 2014-05-15; ALFRED vintage 2014-05-15 (+0 days),seasonal_factor_recompute,,strong,M3 notice: seasonally adjusted data revised because of updated seasonal adjustment models (no benchmark),,,,,,
FDC-M3-20150526,M3,2015-05-26,DGORDER;NEWORDER,2,FD-DGORDER-20150526;FD-NEWORDER-20150526,R30_CENSUS_ANNUAL,1997-01-01,220.0,False,"SRC-B8C172E568: U.S. Census Bureau, ""Full Report on Manufacturers' Shipments, Inventories, and Orders, April 2015"" (2015-06-02) https://www.census.gov/manufacturing/m3/historical_data/pressreleases/prel/2015/apr15prel.pdf
SRC-E2E287BAA3: U.S. Census Bureau, ""Full Report on Manufacturers' Shipments, Inventories, and Orders, March 2015"" (2015-05-04) https://www.census.gov/manufacturing/m3/historical_data/pressreleases/prel/2015/mar15prel.pdf
SRC-838E01496C: U.S. Census Bureau, ""Full Report on Manufacturers' Shipments, Inventories, and Orders, February 2015"" (2015-04-02) https://www.census.gov/manufacturing/m3/historical_data/pressreleases/prel/2015/feb15prel.pdf
SRC-78EDDC838F: U.S. Census Bureau, ""Full Report on Manufacturers' Shipments, Inventories, and Orders, January 2015"" (2015-03-05) https://www.census.gov/manufacturing/m3/historical_data/pressreleases/prel/2015/jan15prel.pdf",notice section; release dated 2015-06-02 || notice section; release dated 2015-05-04 || notice section; release dated 2015-04-02 || notice section; release dated 2015-03-05,"Benchmark notice Revised historical data from the Manufacturers’ Shipments, Inventories, and Orders (M3) Survey were issued on May 14, 2015. These revisions result from benchmarking the shipments and inventories data to the 2012 Economic Census and the 2013 Annual Survey of Manufactures (ASM) data on a 2012 North American Industry Classification System (NAICS) basis, as well as revised ASM benchmarks for prior years on a 2007 NAICS basis; incorporating the unfilled orders to shipments ratios obtained from the 2013/2012 and 2012/2011 Manufacturers’ Unfilled Orders Surveys by applying these ratios to the respective Census or ASM shipments data, as well as incorporating revised unfilled orders to shipments ratios for prior years; adjusting the new orders data to be consistent with the benchmarked shipments and unfilled orders data; correcting monthly data for late receipts, reclassification ... This was at the down two of the last three months, decreased $2.3 highest level since the series was first published on a billion or 1.0 percent to $234.4 billion, up from the NAICS basis in 1992 and followed a virtually previously published 0.5 percent decrease. ... Figures on new and unfilled orders exclude data for semiconductor manufacturing. ... 2 Estimates and percent changes of shipments for the semiconductor industry are included in computers and electronic products, and all other applicable aggregate totals. ... 2 Data on new orders are not available for the semiconductor industr || Benchmark notice Revised historical data from the Manufacturers’ Shipments, Inventories, and Orders (M3) Survey will be issued on May 14, 2015. These revisions result from benchmarking the shipments and inventories data to the 2012 Economic Census and the 2013 Annual Survey of Manufactures (ASM) data on a 2012 North American Industry Classification System (NAICS) basis, as well as revised ASM benchmarks for prior years on a 2007 NAICS basis; incorporating the unfilled orders to shipments ratios obtained from the 2013/2012 and 2012/2011 Manufacturers’ Unfilled Orders Surveys by applying these ratios to the respective Census or ASM shipments data, as well as incorporating revised unfilled orders to shipments ratios for prior years; adjusting the new orders data to be consistent with the benchmarked shipments and unfilled orders data; correcting monthly data for late receipts, reclassificat ... Figures on new and unfilled orders exclude data for semiconductor manufacturing. ... 2 Estimates and percent changes of shipments for the semiconductor industry are no longer shown separately, but are included in computers and electronic products, and all other applicable aggregate totals. ... 2 Data on new orders are not available for the semiconductor industry. ... Estimates and percent changes for new orders exclude semiconductor industry data. || Benchmark notice Revised historical data from the Manufacturers’ Shipments, Inventories, and Orders (M3) Survey will be issued on May 14",2015-05-14;2015-05-14;2015-05-14;2015-05-14,agency issue date 2015-05-14; ALFRED vintage 2015-05-26 (+12 days) || agency issue date 2015-05-14; ALFRED vintage 2015-05-26 (+12 days) || agency issue date 2015-05-14; ALFRED vintage 2015-05-26 (+12 days) || agency issue date 2015-05-14; ALFRED vintage 2015-05-26 (+12 days),annual_benchmark,,strong,M3 benchmark notice: historical data issued shortly before this vintage,,,,,,
FDC-M3-20150602,M3,2015-06-02,AMTMNO,1,FD-AMTMNO-20150602,R30_CENSUS_ANNUAL,1997-01-01,221.0,False,"SRC-2A097F05A7: U.S. Census Bureau, ""Full Report on Manufacturers' Shipments, Inventories, and Orders, May 2015"" (2015-07-02) https://www.census.gov/manufacturing/m3/historical_data/pressreleases/prel/2015/may15prel.pdf
SRC-B8C172E568: U.S. Census Bureau, ""Full Report on Manufacturers' Shipments, Inventories, and Orders, April 2015"" (2015-06-02) https://www.census.gov/manufacturing/m3/historical_data/pressreleases/prel/2015/apr15prel.pdf
SRC-E2E287BAA3: U.S. Census Bureau, ""Full Report on Manufacturers' Shipments, Inventories, and Orders, March 2015"" (2015-05-04) https://www.census.gov/manufacturing/m3/historical_data/pressreleases/prel/2015/mar15prel.pdf
SRC-838E01496C: U.S. Census Bureau, ""Full Report on Manufacturers' Shipments, Inventories, and Orders, February 2015"" (2015-04-02) https://www.census.gov/manufacturing/m3/historical_data/pressreleases/prel/2015/feb15prel.pdf",notice section; release dated 2015-07-02 || notice section; release dated 2015-06-02 || notice section; release dated 2015-05-04 || notice section; release dated 2015-04-02,"Benchmark notice Revised historical data from the Manufacturers’ Shipments, Inventories, and Orders (M3) Survey were issued on May 14, 2015. These revisions result from benchmarking the shipments and inventories data to the 2012 Economic Census and the 2013 Annual Survey of Manufactures (ASM) data on a 2012 North American Industry Classification System (NAICS) basis, as well as revised ASM benchmarks for prior years on a 2007 NAICS basis; incorporating the unfilled orders to shipments ratios obtained from the 2013/2012 and 2012/2011 Manufacturers’ Unfilled Orders Surveys by applying these ratios to the respective Census or ASM shipments data, as well as incorporating revised unfilled orders to shipments ratios for prior years; adjusting the new orders data to be consistent with the benchmarked shipments and unfilled orders data; correcting monthly data for late receipts, reclassification ... Figures on new and unfilled orders exclude data for semiconductor manufacturing. ... 2 Estimates and percent changes of shipments for the semiconductor industry are included in computers and electronic products, and all other applicable aggregate totals. ... 2 Data on new orders are not available for the semiconductor industry. ... Estimates and percent changes for new orders exclude semiconductor industry data. || Benchmark notice Revised historical data from the Manufacturers’ Shipments, Inventories, and Orders (M3) Survey were issued on May 14, 2015. These revisions result from benchmarking the shipments and inventories data to the 2012 Economic Census and the 2013 Annual Survey of Manufactures (ASM) data on a 2012 North American Industry Classification System (NAICS) basis, as well as revised ASM benchmarks for prior years on a 2007 NAICS basis; incorporating the unfilled orders to shipments ratios obtained from the 2013/2012 and 2012/2011 Manufacturers’ Unfilled Orders Surveys by applying these ratios to the respective Census or ASM shipments data, as well as incorporating revised unfilled orders to shipments ratios for prior years; adjusting the new orders data to be consistent with the benchmarked shipments and unfilled orders data; correcting monthly data for late receipts, reclassification ... This was at the down two of the last three months, decreased $2.3 highest level since the series was first published on a billion or 1.0 percent to $234.4 billion, up from the NAICS basis in 1992 and followed a virtually previously published 0.5 percent decrease. ... Figures on new and unfilled orders exclude data for semiconductor manufacturing. ... 2 Estimates and percent changes of shipments for the semiconductor industry are included in computers and electronic products, and all other applicable aggregate totals. ... 2 Data on new orders are not available for the semiconductor industr || Benchmark notice Revised historical data from the Manufacturers’ Shipments, Inventories, and Orders (M3) Survey will be issued on May 14, 2015. These revisions result from ",2015-05-14;2015-05-14;2015-05-14;2015-05-14,agency issue date 2015-05-14; ALFRED vintage 2015-06-02 (+19 days) || agency issue date 2015-05-14; ALFRED vintage 2015-06-02 (+19 days) || agency issue date 2015-05-14; ALFRED vintage 2015-06-02 (+19 days) || agency issue date 2015-05-14; ALFRED vintage 2015-06-02 (+19 days),annual_benchmark,,strong,M3 benchmark notice: historical data issued shortly before this vintage,,,,,,
FDC-M3-20160526,M3,2016-05-26,DGORDER;NEWORDER,2,FD-DGORDER-20160526;FD-NEWORDER-20160526,R30_CENSUS_ANNUAL,1997-01-01,232.0,False,"SRC-FC11DD3B7D: U.S. Census Bureau, ""Full Report on Manufacturers' Shipments, Inventories, and Orders, April 2016"" (2016-06-03) https://www.census.gov/manufacturing/m3/historical_data/pressreleases/prel/2016/apr16prel.pdf
SRC-9142C0F3BB: U.S. Census Bureau, ""Full Report on Manufacturers' Shipments, Inventories, and Orders, March 2016"" (2016-05-04) https://www.census.gov/manufacturing/m3/historical_data/pressreleases/prel/2016/mar16prel.pdf
SRC-950CCD9CAA: U.S. Census Bureau, ""Full Report on Manufacturers' Shipments, Inventories, and Orders, February 2016"" (2016-04-04) https://www.census.gov/manufacturing/m3/historical_data/pressreleases/prel/2016/feb16prel.pdf
SRC-7B47590CA1: U.S. Census Bureau, ""Full Report on Manufacturers' Shipments, Inventories, and Orders, January 2016"" (2016-03-03) https://www.census.gov/manufacturing/m3/historical_data/pressreleases/prel/2016/jan16prel.pdf",notice section; release dated 2016-06-03 || notice section; release dated 2016-05-04 || notice section; release dated 2016-04-04 || notice section; release dated 2016-03-03,"Benchmark notice Revised historical data from the Manufacturers’ Shipments, Inventories, and Orders (M3) Survey were issued on May 18, 2016. These revisions result from:  benchmarking the 2008-2011 Annual Survey of Manufactures (ASM) shipments and inventories data to the revised 2012 Economic Census data on a 2007 North American Industry Classification System (NAICS) basis;  benchmarking the M3 shipments and inventories data to the 2014 ASM and revised 2013 ASM data, as well as the revised 2012 Economic Census data, on a 2012 NAICS basis, and ASM benchmarks for prior years on a 2007 NAICS basis;  incorporating the unfilled orders to shipments ratios obtained from the 2014/2013 Manufacturers’ Unfilled Orders (M3UFO) Survey by applying these ratios to the respective ASM shipments data, as well as incorporating revised unfilled orders to shipments ratios for prior years by applying them  ... Figures on new and unfilled orders exclude data for semiconductor manufacturing. ... 2 Estimates and percent changes of shipments for the semiconductor industry are included in computers and electronic products, and all other applicable aggregate totals. ... 2 Data on new orders are not available for the semiconductor industry. ... Estimates and percent changes for new orders exclude semiconductor industry data. || Benchmark notice Revised historical data from the Manufacturers’ Shipments, Inventories, and Orders (M3) Survey will be issued on May 18, 2016. These revisions result from:  benchmarking the 2008-2011 Annual Survey of Manufactures (ASM) shipments and inventories data to the revised 2012 Economic Census data on a 2007 North American Industry Classification System (NAICS) basis;  benchmarking the M3 shipments and inventories data to the 2014 ASM and revised 2013 ASM data, as well as the revised 2012 Economic Census data, on a 2012 NAICS basis, and ASM benchmarks for prior years on a 2007 NAICS basis;  incorporating the unfilled orders to shipments ratios obtained from the 2014/2013 Manufacturers’ Unfilled Orders (M3UFO) Survey by applying these ratios to the respective ASM shipments data, as well as incorporating revised unfilled orders to shipments ratios for prior years by applying th ... Figures on new and unfilled orders exclude data for semiconductor manufacturing. ... 2 Estimates and percent changes of shipments for the semiconductor industry are included in computers and electronic products, and all other applicable aggregate totals. ... 2 Data on new orders are not available for the semiconductor industry. ... Estimates and percent changes for new orders exclude semiconductor industry data. || Benchmark notice Revised historical data from the Manufacturers’ Shipments, Inventories, and Orders (M3) Survey will be issued on May 18, 2016. These revisions result from:  benchmarking the 2008-2011 Annual Survey of Manufactures (ASM) shipments and inventories data to the revised 2012 Economic Census data on a 2007 North American Industry Classifi",2016-05-18;2016-05-18;2016-05-18;2016-05-18,agency issue date 2016-05-18; ALFRED vintage 2016-05-26 (+8 days) || agency issue date 2016-05-18; ALFRED vintage 2016-05-26 (+8 days) || agency issue date 2016-05-18; ALFRED vintage 2016-05-26 (+8 days) || agency issue date 2016-05-18; ALFRED vintage 2016-05-26 (+8 days),annual_benchmark,,strong,M3 benchmark notice: historical data issued shortly before this vintage,,,,,,
FDC-M3-20160603,M3,2016-06-03,AMTMNO,1,FD-AMTMNO-20160603,R30_CENSUS_ANNUAL,1997-01-01,233.0,False,"SRC-93FABBB812: U.S. Census Bureau, ""Full Report on Manufacturers' Shipments, Inventories, and Orders, May 2016"" (2016-07-05) https://www.census.gov/manufacturing/m3/historical_data/pressreleases/prel/2016/may16prel.pdf
SRC-FC11DD3B7D: U.S. Census Bureau, ""Full Report on Manufacturers' Shipments, Inventories, and Orders, April 2016"" (2016-06-03) https://www.census.gov/manufacturing/m3/historical_data/pressreleases/prel/2016/apr16prel.pdf
SRC-9142C0F3BB: U.S. Census Bureau, ""Full Report on Manufacturers' Shipments, Inventories, and Orders, March 2016"" (2016-05-04) https://www.census.gov/manufacturing/m3/historical_data/pressreleases/prel/2016/mar16prel.pdf
SRC-950CCD9CAA: U.S. Census Bureau, ""Full Report on Manufacturers' Shipments, Inventories, and Orders, February 2016"" (2016-04-04) https://www.census.gov/manufacturing/m3/historical_data/pressreleases/prel/2016/feb16prel.pdf",notice section; release dated 2016-07-05 || notice section; release dated 2016-06-03 || notice section; release dated 2016-05-04 || notice section; release dated 2016-04-04,"Figures on new and unfilled orders exclude data for semiconductor manufacturing. ... 2 Estimates and percent changes of shipments for the semiconductor industry are included in computers and electronic products, and all other applicable aggregate totals. ... 2 Data on new orders are not available for the semiconductor industry. ... Estimates and percent changes for new orders exclude semiconductor industry data. || Benchmark notice Revised historical data from the Manufacturers’ Shipments, Inventories, and Orders (M3) Survey were issued on May 18, 2016. These revisions result from:  benchmarking the 2008-2011 Annual Survey of Manufactures (ASM) shipments and inventories data to the revised 2012 Economic Census data on a 2007 North American Industry Classification System (NAICS) basis;  benchmarking the M3 shipments and inventories data to the 2014 ASM and revised 2013 ASM data, as well as the revised 2012 Economic Census data, on a 2012 NAICS basis, and ASM benchmarks for prior years on a 2007 NAICS basis;  incorporating the unfilled orders to shipments ratios obtained from the 2014/2013 Manufacturers’ Unfilled Orders (M3UFO) Survey by applying these ratios to the respective ASM shipments data, as well as incorporating revised unfilled orders to shipments ratios for prior years by applying them  ... Figures on new and unfilled orders exclude data for semiconductor manufacturing. ... 2 Estimates and percent changes of shipments for the semiconductor industry are included in computers and electronic products, and all other applicable aggregate totals. ... 2 Data on new orders are not available for the semiconductor industry. ... Estimates and percent changes for new orders exclude semiconductor industry data. || Benchmark notice Revised historical data from the Manufacturers’ Shipments, Inventories, and Orders (M3) Survey will be issued on May 18, 2016. These revisions result from:  benchmarking the 2008-2011 Annual Survey of Manufactures (ASM) shipments and inventories data to the revised 2012 Economic Census data on a 2007 North American Industry Classification System (NAICS) basis;  benchmarking the M3 shipments and inventories data to the 2014 ASM and revised 2013 ASM data, as well as the revised 2012 Economic Census data, on a 2012 NAICS basis, and ASM benchmarks for prior years on a 2007 NAICS basis;  incorporating the unfilled orders to shipments ratios obtained from the 2014/2013 Manufacturers’ Unfilled Orders (M3UFO) Survey by applying these ratios to the respective ASM shipments data, as well as incorporating revised unfilled orders to shipments ratios for prior years by applying th ... Figures on new and unfilled orders exclude data for semiconductor manufacturing. ... 2 Estimates and percent changes of shipments for the semiconductor industry are included in computers and electronic products, and all other applicable aggregate totals. ... 2 Data on new orders are not available for the semiconductor industry. ... Estimates and perc",2016-05-18;2016-05-18;2016-05-18, || agency issue date 2016-05-18; ALFRED vintage 2016-06-03 (+16 days) || agency issue date 2016-05-18; ALFRED vintage 2016-06-03 (+16 days) || agency issue date 2016-05-18; ALFRED vintage 2016-06-03 (+16 days),annual_benchmark,,strong,M3 benchmark notice: historical data issued shortly before this vintage,,,,,,
FDC-M3-20170526,M3,2017-05-26,DGORDER;NEWORDER,2,FD-DGORDER-20170526;FD-NEWORDER-20170526,R30_CENSUS_ANNUAL,2002-01-01,184.0,False,"SRC-C31081989F: U.S. Census Bureau, ""Full Report on Manufacturers' Shipments, Inventories, and Orders, April 2017"" (2017-06-05) https://www.census.gov/manufacturing/m3/historical_data/pressreleases/prel/2017/apr17prel.pdf
SRC-B1E6215682: U.S. Census Bureau, ""Full Report on Manufacturers' Shipments, Inventories, and Orders, March 2017"" (2017-05-04) https://www.census.gov/manufacturing/m3/historical_data/pressreleases/prel/2017/mar17prel.pdf
SRC-FBED6C5B2F: U.S. Census Bureau, ""Full Report on Manufacturers' Shipments, Inventories, and Orders, February 2017"" (2017-04-04) https://www.census.gov/manufacturing/m3/historical_data/pressreleases/prel/2017/feb17prel.pdf
SRC-E9C0B9106F: U.S. Census Bureau, ""Full Report on Manufacturers' Shipments, Inventories, and Orders, January 2017"" (2017-03-06) https://www.census.gov/manufacturing/m3/historical_data/pressreleases/prel/2017/jan17prel.pdf",notice section; release dated 2017-06-05 || notice section; release dated 2017-05-04 || notice section; release dated 2017-04-04 || notice section; release dated 2017-03-06,"Benchmark notice Revised historical data from the Manufacturers’ Shipments, Inventories, and Orders (M3) Survey were issued on May 18, 2017. These revisions result from:  benchmarking the M3 shipments and inventories data to the 2015 Annual Survey of Manufactures (ASM) and revised 2014 ASM data on a 2012 NAICS basis;  incorporating the unfilled orders to shipments ratios obtained from the 2015/2014 Manufacturers’ Unfilled Orders (M3UFO) Survey by applying these ratios to the respective ASM shipments data, as well as incorporating revised unfilled orders to shipments ratios for prior years by applying them to the respective ASM data;  adjusting the new orders data to be consistent with the benchmarked shipments and unfilled orders data;  correcting monthly data for late receipts, reclassifications of reported data, and revisions to previously reported data;  updating the seasonally a ... Figures on new and unfilled orders exclude data for semiconductor manufacturing. ... Any revisions made later than two months will be reflected in the annual benchmark publication. ... Data Inquiries Media Inquiries Economic Indicators Division, Shipments, Inventories, and Orders Branch (M3) Public Information Office 301‐763‐4832 301‐763‐3030 eid.m3.qs@census.gov pio@census.gov Benchmark notice Revised historical data from the Manufacturers’ Shipments, Inventories, and Orders (M3) Survey were issued on May 18, 2017. ... 2 Estimates and percent changes of shipments for the semiconductor in || Benchmark notice Revised historical data from the Manufacturers’ Shipments, Inventories, and Orders (M3) Survey will be issued on May 18, 2017. These revisions result from:  benchmarking the M3 shipments and inventories data to the 2015 Annual Survey of Manufactures (ASM) and revised 2014 ASM data on a 2012 NAICS basis;  incorporating the unfilled orders to shipments ratios obtained from the 2015/2014 Manufacturers’ Unfilled Orders (M3UFO) Survey by applying these ratios to the respective ASM shipments data, as well as incorporating revised unfilled orders to shipments ratios for prior years by applying them to the respective ASM data;  adjusting the new orders data to be consistent with the benchmarked shipments and unfilled orders data;  correcting monthly data for late receipts, reclassifications of reported data, and revisions to previously reported data;  updating the seasonall ... Figures on new and unfilled orders exclude data for semiconductor manufacturing. ... Any revisions made later than two months will be reflected in the annual benchmark publication. ... Data Inquiries Media Inquiries Economic Indicators Division, Shipments, Inventories, and Orders Branch (M3) Public Information Office 301‐763‐4832 301‐763‐3030 eid.m3.qs@census.gov pio@census.gov Benchmark notice Revised historical data from the Manufacturers’ Shipments, Inventories, and Orders (M3) Survey will be issued on May 18, 2017. ... 2 Estimates and percent changes of shipments for the semicondu",2017-05-18;2017-05-18;2017-05-18;2017-05-18,agency issue date 2017-05-18; ALFRED vintage 2017-05-26 (+8 days) || agency issue date 2017-05-18; ALFRED vintage 2017-05-26 (+8 days) || agency issue date 2017-05-18; ALFRED vintage 2017-05-26 (+8 days) || agency issue date 2017-05-18; ALFRED vintage 2017-05-26 (+8 days),annual_benchmark,,strong,M3 benchmark notice: historical data issued shortly before this vintage,,,,,,
FDC-M3-20170605,M3,2017-06-05,AMTMNO,1,FD-AMTMNO-20170605,R30_CENSUS_ANNUAL,2002-01-01,185.0,False,"SRC-CBB39ECE8A: U.S. Census Bureau, ""Full Report on Manufacturers' Shipments, Inventories, and Orders, May 2017"" (2017-07-05) https://www.census.gov/manufacturing/m3/historical_data/pressreleases/prel/2017/may17prel.pdf
SRC-C31081989F: U.S. Census Bureau, ""Full Report on Manufacturers' Shipments, Inventories, and Orders, April 2017"" (2017-06-05) https://www.census.gov/manufacturing/m3/historical_data/pressreleases/prel/2017/apr17prel.pdf
SRC-B1E6215682: U.S. Census Bureau, ""Full Report on Manufacturers' Shipments, Inventories, and Orders, March 2017"" (2017-05-04) https://www.census.gov/manufacturing/m3/historical_data/pressreleases/prel/2017/mar17prel.pdf
SRC-FBED6C5B2F: U.S. Census Bureau, ""Full Report on Manufacturers' Shipments, Inventories, and Orders, February 2017"" (2017-04-04) https://www.census.gov/manufacturing/m3/historical_data/pressreleases/prel/2017/feb17prel.pdf",notice section; release dated 2017-07-05 || notice section; release dated 2017-06-05 || notice section; release dated 2017-05-04 || notice section; release dated 2017-04-04,"Benchmark notice Revised historical data from the Manufacturers’ Shipments, Inventories, and Orders (M3) Survey were issued on May 18, 2017. These revisions result from:  benchmarking the M3 shipments and inventories data to the 2015 Annual Survey of Manufactures (ASM) and revised 2014 ASM data on a 2012 NAICS basis;  incorporating the unfilled orders to shipments ratios obtained from the 2015/2014 Manufacturers’ Unfilled Orders (M3UFO) Survey by applying these ratios to the respective ASM shipments data, as well as incorporating revised unfilled orders to shipments ratios for prior years by applying them to the respective ASM data;  adjusting the new orders data to be consistent with the benchmarked shipments and unfilled orders data;  correcting monthly data for late receipts, reclassifications of reported data, and revisions to previously reported data;  updating the seasonally a ... Figures on new and unfilled orders exclude data for semiconductor manufacturing. ... Any revisions made later than two months will be reflected in the annual benchmark publication. ... Data Inquiries Media Inquiries Economic Indicators Division, Shipments, Inventories, and Orders Branch (M3) Public Information Office 301‐763‐4832 301‐763‐3030 eid.m3.qs@census.gov pio@census.gov Benchmark notice Revised historical data from the Manufacturers’ Shipments, Inventories, and Orders (M3) Survey were issued on May 18, 2017. ... 2 Estimates and percent changes of shipments for the semiconductor in || Benchmark notice Revised historical data from the Manufacturers’ Shipments, Inventories, and Orders (M3) Survey were issued on May 18, 2017. These revisions result from:  benchmarking the M3 shipments and inventories data to the 2015 Annual Survey of Manufactures (ASM) and revised 2014 ASM data on a 2012 NAICS basis;  incorporating the unfilled orders to shipments ratios obtained from the 2015/2014 Manufacturers’ Unfilled Orders (M3UFO) Survey by applying these ratios to the respective ASM shipments data, as well as incorporating revised unfilled orders to shipments ratios for prior years by applying them to the respective ASM data;  adjusting the new orders data to be consistent with the benchmarked shipments and unfilled orders data;  correcting monthly data for late receipts, reclassifications of reported data, and revisions to previously reported data;  updating the seasonally a ... Figures on new and unfilled orders exclude data for semiconductor manufacturing. ... Any revisions made later than two months will be reflected in the annual benchmark publication. ... Data Inquiries Media Inquiries Economic Indicators Division, Shipments, Inventories, and Orders Branch (M3) Public Information Office 301‐763‐4832 301‐763‐3030 eid.m3.qs@census.gov pio@census.gov Benchmark notice Revised historical data from the Manufacturers’ Shipments, Inventories, and Orders (M3) Survey were issued on May 18, 2017. ... 2 Estimates and percent changes of shipments for the semiconducto",2017-05-18;2017-05-18;2017-05-18;2017-05-18,agency issue date 2017-05-18; ALFRED vintage 2017-06-05 (+18 days) || agency issue date 2017-05-18; ALFRED vintage 2017-06-05 (+18 days) || agency issue date 2017-05-18; ALFRED vintage 2017-06-05 (+18 days) || agency issue date 2017-05-18; ALFRED vintage 2017-06-05 (+18 days),annual_benchmark,,strong,M3 benchmark notice: historical data issued shortly before this vintage,,,,,,
FDC-M3-20180525,M3,2018-05-25,DGORDER;NEWORDER,2,FD-DGORDER-20180525;FD-NEWORDER-20180525,R30_CENSUS_ANNUAL,2002-01-01,196.0,False,"SRC-14B7122F07: U.S. Census Bureau, ""Full Report on Manufacturers' Shipments, Inventories, and Orders, April 2018"" (2018-06-04) https://www.census.gov/manufacturing/m3/historical_data/pressreleases/prel/2018/apr18prel.pdf
SRC-98FC604646: U.S. Census Bureau, ""Full Report on Manufacturers' Shipments, Inventories, and Orders, March 2018"" (2018-05-03) https://www.census.gov/manufacturing/m3/historical_data/pressreleases/prel/2018/mar18prel.pdf
SRC-368FC59B59: U.S. Census Bureau, ""Full Report on Manufacturers' Shipments, Inventories, and Orders, February 2018"" (2018-04-04) https://www.census.gov/manufacturing/m3/historical_data/pressreleases/prel/2018/feb18prel.pdf
SRC-24DEC67B59: U.S. Census Bureau, ""Full Report on Manufacturers' Shipments, Inventories, and Orders, January 2018"" (2018-03-06) https://www.census.gov/manufacturing/m3/historical_data/pressreleases/prel/2018/jan18prel.pdf",notice section; release dated 2018-06-04 || notice section; release dated 2018-05-03 || notice section; release dated 2018-04-04 || notice section; release dated 2018-03-06,"Benchmark notice Revised historical data from the Manufacturers’ Shipments, Inventories, and Orders (M3) Survey were issued on May 17, 2018. These revisions result from: • benchmarking the M3 shipments and inventories data to the 2016 Annual Survey of Manufactures (ASM) and revised 2015 ASM data on a 2012 NAICS basis; • incorporating the unfilled orders to shipments ratios obtained from the 2016/2015 Manufacturers’ Unfilled Orders (M3UFO) Survey by applying these ratios to the respective ASM shipments data, as well as incorporating revised unfilled orders to shipments ratios for prior years by applying them to the respective ASM shipments data; • adjusting the new orders data to be consistent with the benchmarked shipments and unfilled orders data; • correcting monthly data for late receipts, reclassifications of reported data, and revisions to previously reported data; • updating the se ... Figures on new and unfilled orders exclude data for semiconductor manufacturing. ... Any revisions made later than two months will be reflected in the annual benchmark publication. ... 2 Estimates and percent changes of shipments for the semiconductor industry are included in computers and electronic products, and all other applicable aggregate totals. ... 2 Data on new orders are not available for the semiconductor industry. || Benchmark notice Revised historical data from the Manufacturers’ Shipments, Inventories, and Orders (M3) Survey will be issued on May 17, 2018. These revisions result from: • benchmarking the M3 shipments and inventories data to the 2016 Annual Survey of Manufactures (ASM) and revised 2015 ASM data on a 2012 NAICS basis; • incorporating the unfilled orders to shipments ratios obtained from the 2016/2015 Manufacturers’ Unfilled Orders (M3UFO) Survey by applying these ratios to the respective ASM shipments data, as well as incorporating revised unfilled orders to shipments ratios for prior years by applying them to the respective ASM shipments data; • adjusting the new orders data to be consistent with the benchmarked shipments and unfilled orders data; • correcting monthly data for late receipts, reclassifications of reported data, and revisions to previously reported data; • updating the ... Figures on new and unfilled orders exclude data for semiconductor manufacturing. ... Any revisions made later than two months will be reflected in the annual benchmark publication. ... 2 Estimates and percent changes of shipments for the semiconductor industry are included in computers and electronic products, and all other applicable aggregate totals. ... 2 Data on new orders are not available for the semiconductor industry. || Benchmark notice Revised historical data from the Manufacturers’ Shipments, Inventories, and Orders (M3) Survey will be issued on May 17, 2018. These revisions result from: • benchmarking the M3 shipments and inventories data to the 2016 Annual Survey of Manufactures (ASM) and revised 2015 ASM data on a 2012 NAICS basis; •",2018-05-17;2018-05-17;2018-05-17;2018-05-17,agency issue date 2018-05-17; ALFRED vintage 2018-05-25 (+8 days) || agency issue date 2018-05-17; ALFRED vintage 2018-05-25 (+8 days) || agency issue date 2018-05-17; ALFRED vintage 2018-05-25 (+8 days) || agency issue date 2018-05-17; ALFRED vintage 2018-05-25 (+8 days),annual_benchmark,,strong,M3 benchmark notice: historical data issued shortly before this vintage,,,,,,
FDC-M3-20180604,M3,2018-06-04,AMTMNO,1,FD-AMTMNO-20180604,R30_CENSUS_ANNUAL,2002-01-01,197.0,False,"SRC-4723F86F34: U.S. Census Bureau, ""Full Report on Manufacturers' Shipments, Inventories, and Orders, May 2018"" (2018-07-03) https://www.census.gov/manufacturing/m3/historical_data/pressreleases/prel/2018/may18prel.pdf
SRC-14B7122F07: U.S. Census Bureau, ""Full Report on Manufacturers' Shipments, Inventories, and Orders, April 2018"" (2018-06-04) https://www.census.gov/manufacturing/m3/historical_data/pressreleases/prel/2018/apr18prel.pdf
SRC-98FC604646: U.S. Census Bureau, ""Full Report on Manufacturers' Shipments, Inventories, and Orders, March 2018"" (2018-05-03) https://www.census.gov/manufacturing/m3/historical_data/pressreleases/prel/2018/mar18prel.pdf
SRC-368FC59B59: U.S. Census Bureau, ""Full Report on Manufacturers' Shipments, Inventories, and Orders, February 2018"" (2018-04-04) https://www.census.gov/manufacturing/m3/historical_data/pressreleases/prel/2018/feb18prel.pdf",notice section; release dated 2018-07-03 || notice section; release dated 2018-06-04 || notice section; release dated 2018-05-03 || notice section; release dated 2018-04-04,"Benchmark notice Revised historical data from the Manufacturers’ Shipments, Inventories, and Orders (M3) Survey were issued on May 17, 2018. These revisions result from: • benchmarking the M3 shipments and inventories data to the 2016 Annual Survey of Manufactures (ASM) and revised 2015 ASM data on a 2012 NAICS basis; • incorporating the unfilled orders to shipments ratios obtained from the 2016/2015 Manufacturers’ Unfilled Orders (M3UFO) Survey by applying these ratios to the respective ASM shipments data, as well as incorporating revised unfilled orders to shipments ratios for prior years by applying them to the respective ASM shipments data; • adjusting the new orders data to be consistent with the benchmarked shipments and unfilled orders data; • correcting monthly data for late receipts, reclassifications of reported data, and revisions to previously reported data; • updating the se ... Figures on new and unfilled orders exclude data for semiconductor manufacturing. ... Any revisions made later than two months will be reflected in the annual benchmark publication. ... 2 Estimates and percent changes of shipments for the semiconductor industry are included in computers and electronic products, and all other applicable aggregate totals. ... 2 Data on new orders are not available for the semiconductor industry. || Benchmark notice Revised historical data from the Manufacturers’ Shipments, Inventories, and Orders (M3) Survey were issued on May 17, 2018. These revisions result from: • benchmarking the M3 shipments and inventories data to the 2016 Annual Survey of Manufactures (ASM) and revised 2015 ASM data on a 2012 NAICS basis; • incorporating the unfilled orders to shipments ratios obtained from the 2016/2015 Manufacturers’ Unfilled Orders (M3UFO) Survey by applying these ratios to the respective ASM shipments data, as well as incorporating revised unfilled orders to shipments ratios for prior years by applying them to the respective ASM shipments data; • adjusting the new orders data to be consistent with the benchmarked shipments and unfilled orders data; • correcting monthly data for late receipts, reclassifications of reported data, and revisions to previously reported data; • updating the se ... Figures on new and unfilled orders exclude data for semiconductor manufacturing. ... Any revisions made later than two months will be reflected in the annual benchmark publication. ... 2 Estimates and percent changes of shipments for the semiconductor industry are included in computers and electronic products, and all other applicable aggregate totals. ... 2 Data on new orders are not available for the semiconductor industry. || Benchmark notice Revised historical data from the Manufacturers’ Shipments, Inventories, and Orders (M3) Survey will be issued on May 17, 2018. These revisions result from: • benchmarking the M3 shipments and inventories data to the 2016 Annual Survey of Manufactures (ASM) and revised 2015 ASM data on a 2012 NAICS basis; •",2018-05-17;2018-05-17;2018-05-17;2018-05-17,agency issue date 2018-05-17; ALFRED vintage 2018-06-04 (+18 days) || agency issue date 2018-05-17; ALFRED vintage 2018-06-04 (+18 days) || agency issue date 2018-05-17; ALFRED vintage 2018-06-04 (+18 days) || agency issue date 2018-05-17; ALFRED vintage 2018-06-04 (+18 days),annual_benchmark,,strong,M3 benchmark notice: historical data issued shortly before this vintage,,,,,,
FDC-M3-20190524,M3,2019-05-24,DGORDER;NEWORDER,2,FD-DGORDER-20190524;FD-NEWORDER-20190524,R30_CENSUS_ANNUAL,2002-02-01,207.0,False,"SRC-155FCBF102: U.S. Census Bureau, ""Full Report on Manufacturers' Shipments, Inventories, and Orders, April 2019"" (2019-06-04) https://www.census.gov/manufacturing/m3/historical_data/pressreleases/prel/2019/apr19prel.pdf
SRC-4BBD8F0D21: U.S. Census Bureau, ""Full Report on Manufacturers' Shipments, Inventories, and Orders, March 2019"" (2019-05-02) https://www.census.gov/manufacturing/m3/historical_data/pressreleases/prel/2019/mar19prel.pdf
SRC-4A77CD21D6: U.S. Census Bureau, ""Full Report on Manufacturers' Shipments, Inventories, and Orders, February 2019"" (2019-04-08) https://www.census.gov/manufacturing/m3/historical_data/pressreleases/prel/2019/feb19prel.pdf
SRC-15F794A8BB: U.S. Census Bureau, ""Full Report on Manufacturers' Shipments, Inventories, and Orders, January 2019"" (2019-03-19) https://www.census.gov/manufacturing/m3/historical_data/pressreleases/prel/2019/jan19prel.pdf",notice section; release dated 2019-06-04 || notice section; release dated 2019-05-02 || notice section; release dated 2019-04-08 || notice section; release dated 2019-03-19,"Notice of Revisions and Changes Due to Updated Seasonal Adjustment Models On May 16, 2019, monthly seasonally adjusted data for Manufacturers’ Shipments, Inventories, and Orders, based on the North American Industry Classification System, were revised for January 2002 through March 2019. There was no accompanying press release containing revised seasonally adjusted data for January through March of 2019, and historical data not seasonally adjusted were unchanged. These revisions to the historical seasonally adjusted data were based on the results of the recent annual review of the seasonal adjustment models. Based on this review, the lists of series that are seasonally adjusted and not seasonally adjusted were updated. Three unfilled orders series and one total inventories series that have been adjusted are no longer seasonally adjusted. Conversely, two stage of fabrication series that h ... Figures on new and unfilled orders exclude data for semiconductor manufacturing. ... Any Data Inquiries Media Inquiries Economic Indicators Division, Shipments, Inventories, and Orders Branch (M3) Public Information Office 301‐763‐4832 301‐763‐3030 eid.m3.qs@census.gov pio@census.gov revisions made later than two months will be reflected in the annual benchmark publication. ... 2 Estimates and percent changes of shipments for the semiconductor industry are included in computers and electronic products, and all other applicable aggregate totals. ... 2 Data on new orders are not available f || Notice of Revisions and Changes Due to Updated Seasonal Adjustment Models On May 16, 2019, monthly seasonally adjusted data for Manufacturers’ Shipments, Inventories, and Orders, based on the North American Industry Classification System, will be revised for January 2002 through March 2019. There will be no accompanying press release containing revised seasonally adjusted data for January through March of 2019, and historical data not seasonally adjusted will be unchanged. These revisions to the historical seasonally adjusted data will be based on the results of the recent annual review of the seasonal adjustment models. Based on this review, the lists of series that are seasonally adjusted and not seasonally adjusted will be updated. Three unfilled orders series and one total inventories series that have been adjusted will no longer be seasonally adjusted. Conversely, two stage of fabri ... Figures on new and unfilled orders exclude data for semiconductor manufacturing. ... Any Data Inquiries Media Inquiries Economic Indicators Division, Shipments, Inventories, and Orders Branch (M3) Public Information Office 301‐763‐4832 301‐763‐3030 eid.m3.qs@census.gov pio@census.gov revisions made later than two months will be reflected in the annual benchmark publication. ... 2 Estimates and percent changes of shipments for the semiconductor industry are included in computers and electronic products, and all other applicable aggregate totals. ... 2 Data on new orders are not availab",2019-05-16;2019-05-16;2019-05-16;2019-05-16,"agency issue date 2019-05-16; ALFRED vintage 2019-05-24 (+8 days) || manual: the notice is a seasonal-model revision, not a benchmark: 'On May 16, 2019, monthly seasonally adjusted data ... were revised for January 2002 through March 2019'; historical data not seasonally adjusted were unchanged. First ALFRED snapshot after May 16, 2019 || agency issue date 2019-05-16; ALFRED vintage 2019-05-24 (+8 days) || manual: the notice is a seasonal-model revision, not a benchmark: 'On May 16, 2019, monthly seasonally adjusted data ... were revised for January 2002 through March 2019'; historical data not seasonally adjusted were unchanged. First ALFRED snapshot after May 16, 2019 || agency issue date 2019-05-16; ALFRED vintage 2019-05-24 (+8 days) || manual: the notice is a seasonal-model revision, not a benchmark: 'On May 16, 2019, monthly seasonally adjusted data ... were revised for January 2002 through March 2019'; historical data not seasonally adjusted were unchanged. First ALFRED snapshot after May 16, 2019 || agency issue date 2019-05-16; ALFRED vintage 2019-05-24 (+8 days) || manual: the notice is a seasonal-model revision, not a benchmark: 'On May 16, 2019, monthly seasonally adjusted data ... were revised for January 2002 through March 2019'; historical data not seasonally adjusted were unchanged. First ALFRED snapshot after May 16, 2019",seasonal_factor_recompute,,strong,"manual: the notice is a seasonal-model revision, not a benchmark: 'On May 16, 2019, monthly seasonally adjusted data ... were revised for January 2002 through March 2019'; historical data not seasonally adjusted were unchanged. First ALFRED snapshot after May 16, 2019",,,,,,
FDC-M3-20190604,M3,2019-06-04,AMTMNO,1,FD-AMTMNO-20190604,R30_CENSUS_ANNUAL,2002-02-01,208.0,False,"SRC-5843BE5ED5: U.S. Census Bureau, ""Full Report on Manufacturers' Shipments, Inventories, and Orders, May 2019"" (2019-07-03) https://www.census.gov/manufacturing/m3/historical_data/pressreleases/prel/2019/may19prel.pdf
SRC-155FCBF102: U.S. Census Bureau, ""Full Report on Manufacturers' Shipments, Inventories, and Orders, April 2019"" (2019-06-04) https://www.census.gov/manufacturing/m3/historical_data/pressreleases/prel/2019/apr19prel.pdf
SRC-4BBD8F0D21: U.S. Census Bureau, ""Full Report on Manufacturers' Shipments, Inventories, and Orders, March 2019"" (2019-05-02) https://www.census.gov/manufacturing/m3/historical_data/pressreleases/prel/2019/mar19prel.pdf
SRC-4A77CD21D6: U.S. Census Bureau, ""Full Report on Manufacturers' Shipments, Inventories, and Orders, February 2019"" (2019-04-08) https://www.census.gov/manufacturing/m3/historical_data/pressreleases/prel/2019/feb19prel.pdf",notice section; release dated 2019-07-03 || notice section; release dated 2019-06-04 || notice section; release dated 2019-05-02 || notice section; release dated 2019-04-08,"Notice of Revisions and Changes Due to Updated Seasonal Adjustment Models On May 16, 2019, monthly seasonally adjusted data for Manufacturers’ Shipments, Inventories, and Orders, based on the North American Industry Classification System, were revised for January 2002 through March 2019. There was no accompanying press release containing revised seasonally adjusted data for January through March of 2019, and historical data not seasonally adjusted were unchanged. These revisions to the historical seasonally adjusted data were based on the results of the recent annual review of the seasonal adjustment models. Based on this review, the lists of series that are seasonally adjusted and not seasonally adjusted were updated. Three unfilled orders series and one total inventories Data Inquiries Media Inquiries Economic Indicators Division, Shipments, Inventories, and Orders Branch (M3) Public I ... Figures on new and unfilled orders exclude data for semiconductor manufacturing. ... Any revisions made later than two months will be reflected in the annual benchmark publication. ... 2 Estimates and percent changes of shipments for the semiconductor industry are included in computers and electronic products, and all other applicable aggregate totals. ... 2 Data on new orders are not available for the semiconductor industry. || Notice of Revisions and Changes Due to Updated Seasonal Adjustment Models On May 16, 2019, monthly seasonally adjusted data for Manufacturers’ Shipments, Inventories, and Orders, based on the North American Industry Classification System, were revised for January 2002 through March 2019. There was no accompanying press release containing revised seasonally adjusted data for January through March of 2019, and historical data not seasonally adjusted were unchanged. These revisions to the historical seasonally adjusted data were based on the results of the recent annual review of the seasonal adjustment models. Based on this review, the lists of series that are seasonally adjusted and not seasonally adjusted were updated. Three unfilled orders series and one total inventories series that have been adjusted are no longer seasonally adjusted. Conversely, two stage of fabrication series that h ... Figures on new and unfilled orders exclude data for semiconductor manufacturing. ... Any Data Inquiries Media Inquiries Economic Indicators Division, Shipments, Inventories, and Orders Branch (M3) Public Information Office 301‐763‐4832 301‐763‐3030 eid.m3.qs@census.gov pio@census.gov revisions made later than two months will be reflected in the annual benchmark publication. ... 2 Estimates and percent changes of shipments for the semiconductor industry are included in computers and electronic products, and all other applicable aggregate totals. ... 2 Data on new orders are not available f || Notice of Revisions and Changes Due to Updated Seasonal Adjustment Models On May 16, 2019, monthly seasonally adjusted data for Manufacturers’ Shipments, Inve",2019-05-16;2019-05-16;2019-05-16;2019-05-16,"agency issue date 2019-05-16; ALFRED vintage 2019-06-04 (+19 days) || manual: as FDC-M3-20190524 (seasonal-model notice of May 16, 2019; not a benchmark) || agency issue date 2019-05-16; ALFRED vintage 2019-06-04 (+19 days) || manual: as FDC-M3-20190524 (seasonal-model notice of May 16, 2019; not a benchmark) || agency issue date 2019-05-16; ALFRED vintage 2019-06-04 (+19 days) || manual: as FDC-M3-20190524 (seasonal-model notice of May 16, 2019; not a benchmark) || agency issue date 2019-05-16; ALFRED vintage 2019-06-04 (+19 days) || manual: as FDC-M3-20190524 (seasonal-model notice of May 16, 2019; not a benchmark)",seasonal_factor_recompute,,strong,"manual: as FDC-M3-20190524 (seasonal-model notice of May 16, 2019; not a benchmark)",,,,,,
FDC-M3-20200528,M3,2020-05-28,DGORDER;NEWORDER,2,FD-DGORDER-20200528;FD-NEWORDER-20200528,R30_CENSUS_ANNUAL,2002-01-01,220.0,False,"SRC-A6DF7B3DB1: U.S. Census Bureau, ""Full Report on Manufacturers' Shipments, Inventories, and Orders, April 2020"" (2020-06-03) https://www.census.gov/manufacturing/m3/historical_data/pressreleases/prel/2020/apr20prel.pdf
SRC-592FACBA8B: U.S. Census Bureau, ""Full Report on Manufacturers' Shipments, Inventories, and Orders, March 2020"" (2020-05-04) https://www.census.gov/manufacturing/m3/historical_data/pressreleases/prel/2020/mar20prel.pdf
SRC-BAF02CCB1F: U.S. Census Bureau, ""Full Report on Manufacturers' Shipments, Inventories, and Orders, February 2020"" (2020-04-02) https://www.census.gov/manufacturing/m3/historical_data/pressreleases/prel/2020/feb20prel.pdf
SRC-5659268CD7: U.S. Census Bureau, ""Full Report on Manufacturers' Shipments, Inventories, and Orders, January 2020"" (2020-03-05) https://www.census.gov/manufacturing/m3/historical_data/pressreleases/prel/2020/jan20prel.pdf",notice section; release dated 2020-06-03 || notice section; release dated 2020-05-04 || notice section; release dated 2020-04-02 || notice section; release dated 2020-03-05,"BENCHMARK NOTICE Revised historical data from the Manufacturers’ Shipments, Inventories, and Orders (M3) Survey were issued on May 15, 2020. These revisions result from • benchmarking the M3 shipments and inventories data to the 2017 Economic Census data on a 2017 NAICS basis; • incorporating the unfilled orders to shipments ratios obtained for 2017 and 2016 from the Manufacturers’ Unfilled Orders (M3UFO) Survey by applying these ratios to the respective 2017 Economic Census data and 2016 ASM shipments data; • adjusting the new orders data to be consistent with the benchmarked shipments and unfilled orders data; • correcting the seasonal adjusted new order data derived from the monthly estimate of shipments plus the change in unfilled orders between the current and prior period for January 2002; • correcting monthly data for late receipts, reclassifications of reported data, and revision ... Figures on new and unfilled orders exclude data for semiconductor manufacturing. ... Any revisions made later than two months will be reflected in the annual benchmark publication. ... 2 Estimates and percent changes of shipments for the semiconductor industry are included in computers and electronic products, and all other applicable aggregate totals. ... 2 Data on new orders are not available for the semiconductor industry. || BENCHMARK NOTICE Revised historical data from the Manufacturers’ Shipments, Inventories, and Orders (M3) Survey will be issued on May 15, 2020. These revisions result from • benchmarking the M3 shipments and inventories data to the 2017 Economic Census data on a 2017 NAICS basis; • incorporating the unfilled orders to shipments ratios obtained for 2017 and 2016 from the Manufacturers’ Unfilled Orders (M3UFO) Survey by applying these ratios to the respective 2017 Economic Census data and 2016 ASM shipments data; • adjusting the new orders data to be consistent with the benchmarked shipments and unfilled orders data; • correcting monthly data for late receipts, reclassifications of reported data, and revisions to previously reported data; • updating the seasonally adjusted data based on the results of benchmarking and the recent annual review of the seasonal adjustment models. These revisi ... Figures on new and unfilled orders exclude data for semiconductor manufacturing. ... Any revisions made later than two months will be reflected in the annual benchmark publication. ... 2 Estimates and percent changes of shipments for the semiconductor industry are included in computers and electronic products, and all other applicable aggregate totals. ... 2 Data on new orders are not available for the semiconductor industry. || BENCHMARK NOTICE Revised historical data from the Manufacturers’ Shipments, Inventories, and Orders (M3) Survey will be issued on May 15, 2020. These revisions result from • benchmarking the M3 shipments and inventories data to the 2017 Economic Census data on a 2017 NAICS basis; • incorporating the unfilled orders to ship",2020-05-15;2020-05-15;2020-05-15;2020-05-15,"agency issue date 2020-05-15; ALFRED vintage 2020-05-28 (+13 days) || label owner (2026-10-03): moderate. Benchmark issued May 15, 2020; the same-day ALFRED snapshot shows only routine revisions and the historical revisions first appear in this later snapshot (unexplained timing gap) || agency issue date 2020-05-15; ALFRED vintage 2020-05-28 (+13 days) || label owner (2026-10-03): moderate. Benchmark issued May 15, 2020; the same-day ALFRED snapshot shows only routine revisions and the historical revisions first appear in this later snapshot (unexplained timing gap) || agency issue date 2020-05-15; ALFRED vintage 2020-05-28 (+13 days) || label owner (2026-10-03): moderate. Benchmark issued May 15, 2020; the same-day ALFRED snapshot shows only routine revisions and the historical revisions first appear in this later snapshot (unexplained timing gap) || agency issue date 2020-05-15; ALFRED vintage 2020-05-28 (+13 days) || label owner (2026-10-03): moderate. Benchmark issued May 15, 2020; the same-day ALFRED snapshot shows only routine revisions and the historical revisions first appear in this later snapshot (unexplained timing gap)",annual_benchmark,,moderate,"label owner (2026-10-03): moderate. Benchmark issued May 15, 2020; the same-day ALFRED snapshot shows only routine revisions and the historical revisions first appear in this later snapshot (unexplained timing gap)",,,,,,
FDC-M3-20200603,M3,2020-06-03,AMTMNO,1,FD-AMTMNO-20200603,R30_CENSUS_ANNUAL,2002-01-01,221.0,False,"SRC-F930D170A6: U.S. Census Bureau, ""Full Report on Manufacturers' Shipments, Inventories, and Orders, May 2020"" (2020-07-02) https://www.census.gov/manufacturing/m3/historical_data/pressreleases/prel/2020/may20prel.pdf
SRC-A6DF7B3DB1: U.S. Census Bureau, ""Full Report on Manufacturers' Shipments, Inventories, and Orders, April 2020"" (2020-06-03) https://www.census.gov/manufacturing/m3/historical_data/pressreleases/prel/2020/apr20prel.pdf
SRC-592FACBA8B: U.S. Census Bureau, ""Full Report on Manufacturers' Shipments, Inventories, and Orders, March 2020"" (2020-05-04) https://www.census.gov/manufacturing/m3/historical_data/pressreleases/prel/2020/mar20prel.pdf
SRC-BAF02CCB1F: U.S. Census Bureau, ""Full Report on Manufacturers' Shipments, Inventories, and Orders, February 2020"" (2020-04-02) https://www.census.gov/manufacturing/m3/historical_data/pressreleases/prel/2020/feb20prel.pdf",notice section; release dated 2020-07-02 || notice section; release dated 2020-06-03 || notice section; release dated 2020-05-04 || notice section; release dated 2020-04-02,"BENCHMARK NOTICE Revised historical data from the Manufacturers’ Shipments, Inventories, and Orders (M3) Survey were issued on May 15, 2020. These revisions result from • benchmarking the M3 shipments and inventories data to the 2017 Economic Census data on a 2017 NAICS basis; • incorporating the unfilled orders to shipments ratios obtained for 2017 and 2016 from the Manufacturers’ Unfilled Orders (M3UFO) Survey by applying these ratios to the respective 2017 Economic Census data and 2016 ASM shipments data; • adjusting the new orders data to be consistent with the benchmarked shipments and unfilled orders data; • correcting the seasonal adjusted new order data derived from the monthly estimate of shipments plus the change in unfilled orders between the current and prior period for January 2002; • correcting monthly data for late receipts, reclassifications of reported data, and revision ... Figures on new and unfilled orders exclude data for semiconductor manufacturing. ... Any revisions made later than two months will be reflected in the annual benchmark publication. ... 2 Estimates and percent changes of shipments for the semiconductor industry are included in computers and electronic products, and all other applicable aggregate totals. ... 2 Data on new orders are not available for the semiconductor industry. || BENCHMARK NOTICE Revised historical data from the Manufacturers’ Shipments, Inventories, and Orders (M3) Survey were issued on May 15, 2020. These revisions result from • benchmarking the M3 shipments and inventories data to the 2017 Economic Census data on a 2017 NAICS basis; • incorporating the unfilled orders to shipments ratios obtained for 2017 and 2016 from the Manufacturers’ Unfilled Orders (M3UFO) Survey by applying these ratios to the respective 2017 Economic Census data and 2016 ASM shipments data; • adjusting the new orders data to be consistent with the benchmarked shipments and unfilled orders data; • correcting the seasonal adjusted new order data derived from the monthly estimate of shipments plus the change in unfilled orders between the current and prior period for January 2002; • correcting monthly data for late receipts, reclassifications of reported data, and revision ... Figures on new and unfilled orders exclude data for semiconductor manufacturing. ... Any revisions made later than two months will be reflected in the annual benchmark publication. ... 2 Estimates and percent changes of shipments for the semiconductor industry are included in computers and electronic products, and all other applicable aggregate totals. ... 2 Data on new orders are not available for the semiconductor industry. || BENCHMARK NOTICE Revised historical data from the Manufacturers’ Shipments, Inventories, and Orders (M3) Survey will be issued on May 15, 2020. These revisions result from • benchmarking the M3 shipments and inventories data to the 2017 Economic Census data on a 2017 NAICS basis; • incorporating the unfilled orders to ship",2020-05-15;2020-05-15;2020-05-15;2020-05-15,agency issue date 2020-05-15; ALFRED vintage 2020-06-03 (+19 days) || agency issue date 2020-05-15; ALFRED vintage 2020-06-03 (+19 days) || agency issue date 2020-05-15; ALFRED vintage 2020-06-03 (+19 days) || agency issue date 2020-05-15; ALFRED vintage 2020-06-03 (+19 days),annual_benchmark,,strong,M3 benchmark notice: historical data issued shortly before this vintage,,,,,,
FDC-M3-20210514,M3,2021-05-14,AMTMNO;DGORDER;NEWORDER,3,FD-AMTMNO-20210514;FD-DGORDER-20210514;FD-NEWORDER-20210514,R30_CENSUS_ANNUAL,2007-01-01,172.0,False,"SRC-9BA8481A8D: U.S. Census Bureau, ""Full Report on Manufacturers' Shipments, Inventories, and Orders, April 2021"" (2021-06-04) https://www.census.gov/manufacturing/m3/historical_data/pressreleases/prel/2021/apr21prel.pdf
SRC-73205DD222: U.S. Census Bureau, ""Full Report on Manufacturers' Shipments, Inventories, and Orders, March 2021"" (2021-05-04) https://www.census.gov/manufacturing/m3/historical_data/pressreleases/prel/2021/mar21prel.pdf
SRC-11477B34AE: U.S. Census Bureau, ""Full Report on Manufacturers' Shipments, Inventories, and Orders, February 2021"" (2021-04-05) https://www.census.gov/manufacturing/m3/historical_data/pressreleases/prel/2021/feb21prel.pdf
SRC-97B3243CE3: U.S. Census Bureau, ""Full Report on Manufacturers' Shipments, Inventories, and Orders, January 2021"" (2021-03-04) https://www.census.gov/manufacturing/m3/historical_data/pressreleases/prel/2021/jan21prel.pdf",notice section; release dated 2021-06-04 || notice section; release dated 2021-05-04 || notice section; release dated 2021-04-05 || notice section; release dated 2021-03-04,"Benchmark notice Revised historical data from the Manufacturers’ Shipments, Inventories, and Orders (M3) Survey were issued on May 14, 2021. These revisions result from • benchmarking the M3 shipments and inventories data to the 2019 and 2018 Annual Survey of Manufactures (ASM) data, as well as to revised ASM data from 2013 through 2016, resulting from benchmarking the ASM to the 2017 Economic Census; • incorporating the unfilled orders to shipments ratios obtained for 2019 and 2018 from the Manufacturers’ Unfilled Orders (M3UFO) Survey by applying these ratios to the respective ASM shipments data, as well as incorporating revised unfilled orders to shipments ratios for prior years; • adjusting the new orders data to be consistent with the benchmarked shipments and unfilled orders data; • correcting monthly data for late receipts, reclassifications of reported data, and revisions to prev ... Figures on new and unfilled orders exclude data for semiconductor manufacturing. ... Any revisions made later than two months will be reflected in the annual benchmark publication. ... 2 Estimates and percent changes of shipments for the semiconductor industry are included in computers and electronic products, and all other applicable aggregate totals. ... 2 Data on new orders are not available for the semiconductor industry. || Benchmark notice Revised historical data from the Manufacturers’ Shipments, Inventories, and Orders (M3) Survey will be issued on May 14, 2021. These revisions result from • benchmarking the M3 shipments and inventories data to the 2019 and 2018 Annual Survey of Manufactures (ASM) data, as well as to revised ASM data from 2013 through 2016, resulting from benchmarking the ASM to the 2017 Economic Census; • incorporating the unfilled orders to shipments ratios obtained for 2019 and 2018 from the Manufacturers’ Unfilled Orders (M3UFO) Survey by applying these ratios to the respective ASM shipments data, as well as incorporating revised unfilled orders to shipments ratios for prior years; • adjusting the new orders data to be consistent with the benchmarked shipments and unfilled orders data; • correcting monthly data for late receipts, reclassifications of reported data, and revisions to p ... Figures on new and unfilled orders exclude data for semiconductor manufacturing. ... Any revisions made later than two months will be reflected in the annual benchmark publication. ... 2 Estimates and percent changes of shipments for the semiconductor industry are included in computers and electronic products, and all other applicable aggregate totals. ... 2 Data on new orders are not available for the semiconductor industry. || Benchmark notice Revised historical data from the Manufacturers’ Shipments, Inventories, and Orders (M3) Survey will be issued on May 14, 2021. These revisions result from • benchmarking the M3 shipments and inventories data to the 2019 and 2018 Annual Survey of Manufactures (ASM) data, as well as to revised ASM data from ",2021-05-14;2021-05-14;2021-05-14;2021-05-14,agency issue date 2021-05-14; ALFRED vintage 2021-05-14 (+0 days) || agency issue date 2021-05-14; ALFRED vintage 2021-05-14 (+0 days) || agency issue date 2021-05-14; ALFRED vintage 2021-05-14 (+0 days) || agency issue date 2021-05-14; ALFRED vintage 2021-05-14 (+0 days),annual_benchmark,,strong,M3 benchmark notice: historical data issued shortly before this vintage,,,,,,
FDC-M3-20220513,M3,2022-05-13,AMTMNO;DGORDER;NEWORDER,3,FD-AMTMNO-20220513;FD-DGORDER-20220513;FD-NEWORDER-20220513,R30_CENSUS_ANNUAL,2012-01-01,124.0,False,"SRC-8FFC6DC7B9: U.S. Census Bureau, ""Full Report on Manufacturers' Shipments, Inventories, and Orders, April 2022"" (2022-06-02) https://www.census.gov/manufacturing/m3/historical_data/pressreleases/prel/2022/apr22prel.pdf
SRC-AAA0C53FEC: U.S. Census Bureau, ""Full Report on Manufacturers' Shipments, Inventories, and Orders, March 2022"" (2022-05-03) https://www.census.gov/manufacturing/m3/historical_data/pressreleases/prel/2022/mar22prel.pdf
SRC-C9F7381BAB: U.S. Census Bureau, ""Full Report on Manufacturers' Shipments, Inventories, and Orders, February 2022"" (2022-04-04) https://www.census.gov/manufacturing/m3/historical_data/pressreleases/prel/2022/feb22prel.pdf
SRC-48E1B5B47A: U.S. Census Bureau, ""Full Report on Manufacturers' Shipments, Inventories, and Orders, January 2022"" (2022-03-03) https://www.census.gov/manufacturing/m3/historical_data/pressreleases/prel/2022/jan22prel.pdf",notice section; release dated 2022-06-02 || notice section; release dated 2022-05-03 || notice section; release dated 2022-04-04 || notice section; release dated 2022-03-03,"Benchmark notice Revised historical data from the Manufacturers’ Shipments, Inventories, and Orders (M3) Survey were issued on May 13, 2022. These revisions result from • Benchmarking the M3 shipments and inventories data to the 2020 and 2019 Annual Survey of Manufactures (ASM) data; • Incorporating the unfilled orders-to-shipments ratios obtained for 2020, 2019, and 2018 from the Manufacturers’ Unfilled Orders (M3UFO) Survey; • Adjusting the new orders data to be consistent with the benchmarked shipments and unfilled orders data; • Correcting monthly data for late receipts, reclassifications of reported data, and revisions to previously reported data; • Updating the seasonally adjusted data based on the results of benchmarking and the recent annual review of the seasonal adjustment models. These revisions spanned the seasonally adjusted data for January 2012 through March 2022 and the d ... Figures on new and unfilled orders exclude data for semiconductor manufacturing. ... Any revisions made later than two months will be reflected in the annual benchmark publication. ... 2 Estimates and percent changes of shipments for the semiconductor industry are included in computers and electronic products, and all other applicable aggregate totals. ... 2 Data on new orders are not available for the semiconductor industry. || Benchmark notice Revised historical data from the Manufacturers’ Shipments, Inventories, and Orders (M3) Survey will be issued on May 13, 2022. These revisions result from • Benchmarking the M3 shipments and inventories data to the 2020 and 2019 Annual Survey of Manufactures (ASM) data; • Incorporating the unfilled orders-to-shipments ratios obtained for 2020, 2019, and 2018 from the Manufacturers’ Unfilled Orders (M3UFO) Survey; • Adjusting the new orders data to be consistent with the benchmarked shipments and unfilled orders data; • Correcting monthly data for late receipts, reclassifications of reported data, and revisions to previously reported data; • Updating the seasonally adjusted data based on the results of benchmarking and the recent annual review of the seasonal adjustment models. These revisions will span the seasonally adjusted data for January 2012 through March 2022 and  ... Figures on new and unfilled orders exclude data for semiconductor manufacturing. ... Any revisions made later than two months will be reflected in the annual benchmark publication. ... 2 Estimates and percent changes of shipments for the semiconductor industry are included in computers and electronic products, and all other applicable aggregate totals. ... 2 Data on new orders are not available for the semiconductor industry. || Benchmark notice Revised historical data from the Manufacturers’ Shipments, Inventories, and Orders (M3) Survey will be issued on May 13, 2022. These revisions result from • Benchmarking the M3 shipments and inventories data to the 2020 and 2019 Annual Survey of Manufactures (ASM) data; • Incorporating the unfilled orders-",2022-05-13;2022-05-13;2022-05-13;2022-05-13,agency issue date 2022-05-13; ALFRED vintage 2022-05-13 (+0 days) | DGORDER: stated SA start 2012-01 vs observed 2012-01 -> MATCH | AMTMNO: stated SA start 2012-01 vs observed 2012-01 -> MATCH | NEWORDER: stated SA start 2012-01 vs observed 2012-01 -> MATCH || agency issue date 2022-05-13; ALFRED vintage 2022-05-13 (+0 days) || agency issue date 2022-05-13; ALFRED vintage 2022-05-13 (+0 days) || agency issue date 2022-05-13; ALFRED vintage 2022-05-13 (+0 days),annual_benchmark,,strong,M3 benchmark notice: historical data issued shortly before this vintage,,,,,,
FDC-M3-20230512,M3,2023-05-12,AMTMNO;DGORDER;NEWORDER,3,FD-AMTMNO-20230512;FD-DGORDER-20230512;FD-NEWORDER-20230512,R30_CENSUS_ANNUAL,2012-01-01,136.0,False,"SRC-14B998F800: U.S. Census Bureau, ""Full Report on Manufacturers' Shipments, Inventories, and Orders, April 2023"" (2023-06-05) https://www.census.gov/manufacturing/m3/historical_data/pressreleases/prel/2023/apr23prel.pdf
SRC-9DD174ED22: U.S. Census Bureau, ""Full Report on Manufacturers' Shipments, Inventories, and Orders, March 2023"" (2023-05-02) https://www.census.gov/manufacturing/m3/historical_data/pressreleases/prel/2023/mar23prel.pdf
SRC-DFF715907A: U.S. Census Bureau, ""Full Report on Manufacturers' Shipments, Inventories, and Orders, February 2023"" (2023-04-04) https://www.census.gov/manufacturing/m3/historical_data/pressreleases/prel/2023/feb23prel.pdf
SRC-6C562FFD0E: U.S. Census Bureau, ""Full Report on Manufacturers' Shipments, Inventories, and Orders, January 2023"" (2023-03-06) https://www.census.gov/manufacturing/m3/historical_data/pressreleases/prel/2023/jan23prel.pdf",notice section; release dated 2023-06-05 || notice section; release dated 2023-05-02 || notice section; release dated 2023-04-04 || notice section; release dated 2023-03-06,"Benchmark notice Revised historical data from the Manufacturers’ Shipments, Inventories, and Orders (M3) Survey were issued on May 12, 2023. These revisions result from • Benchmarking the M3 shipments and inventories data to the 2021 and 2020 Annual Survey of Manufactures (ASM) data; • Incorporating the unfilled orders to shipments ratios obtained for 2021, 2020, and 2019 from the Manufacturers’ Unfilled Orders (M3UFO) Survey; • Adjusting the new orders data to be consistent with the benchmarked shipments and unfilled orders data; • Correcting monthly data for late receipts, reclassifications of reported data, and revisions to previously reported data; • Updating the seasonally adjusted data based on the results of benchmarking and the recent annual review of the seasonal adjustment models. These revisions spanned the seasonally adjusted data for January 2012 through March 2023 and the d ... Figures on new and unfilled orders exclude data for semiconductor manufacturing. ... Any revisions made later than two months will be reflected in the annual benchmark publication. ... 2 Estimates and percent changes of shipments for the semiconductor industry are included in computers and electronic products, and all other applicable aggregate totals. ... 2 Data on new orders are not available for the semiconductor industry. || Benchmark notice Revised historical data from the Manufacturers’ Shipments, Inventories, and Orders (M3) Survey will be issued on May 12, 2023. These revisions result from • Benchmarking the M3 shipments and inventories data to the 2021 and 2020 Annual Survey of Manufactures (ASM) data; • Incorporating the unfilled orders to shipments ratios obtained for 2021, 2020, and 2019 from the Manufacturers’ Unfilled Orders (M3UFO) Survey; • Adjusting the new orders data to be consistent with the benchmarked shipments and unfilled orders data; • Correcting monthly data for late receipts, reclassifications of reported data, and revisions to previously reported data; • Updating the seasonally adjusted data based on the results of benchmarking and the recent annual review of the seasonal adjustment models. These revisions will span the seasonally adjusted data for January 2012 through March 2023 and  ... Figures on new and unfilled orders exclude data for semiconductor manufacturing. ... Data Inquiries Media Inquiries Economic Indicators Division, Shipments, Inventories, and Orders Branch (M3) Public Information Office 301-763-4832 301-763-3030 eid.m3.qs@census.gov pio@census.gov Any revisions made later than two months will be reflected in the annual benchmark publication. ... 2 Estimates and percent changes of shipments for the semiconductor industry are included in computers and electronic products, and all other applicable aggregate totals. ... 2 Data on new orders are not available f || Benchmark notice Revised historical data from the Manufacturers’ Shipments, Inventories, and Orders (M3) Survey will be issued on May 12, 2023. These revision",2023-05-12;2023-05-12;2023-05-12;2023-05-12,agency issue date 2023-05-12; ALFRED vintage 2023-05-12 (+0 days) | DGORDER: stated SA start 2012-01 vs observed 2012-01 -> MATCH | AMTMNO: stated SA start 2012-01 vs observed 2012-01 -> MATCH | NEWORDER: stated SA start 2012-01 vs observed 2012-01 -> MATCH || agency issue date 2023-05-12; ALFRED vintage 2023-05-12 (+0 days) || agency issue date 2023-05-12; ALFRED vintage 2023-05-12 (+0 days) || agency issue date 2023-05-12; ALFRED vintage 2023-05-12 (+0 days),annual_benchmark,,strong,M3 benchmark notice: historical data issued shortly before this vintage,,,,,,
FDC-M3-20240514,M3,2024-05-14,AMTMNO;DGORDER;NEWORDER,3,FD-AMTMNO-20240514;FD-DGORDER-20240514;FD-NEWORDER-20240514,R30_CENSUS_ANNUAL,2012-01-01,148.0,False,"SRC-D2D16847B3: U.S. Census Bureau, ""Full Report on Manufacturers' Shipments, Inventories, and Orders, April 2024"" (2024-06-04) https://www.census.gov/manufacturing/m3/historical_data/pressreleases/prel/2024/apr24prel.pdf
SRC-AB3DFAC954: U.S. Census Bureau, ""Full Report on Manufacturers' Shipments, Inventories, and Orders, March 2024"" (2024-05-02) https://www.census.gov/manufacturing/m3/historical_data/pressreleases/prel/2024/mar24prel.pdf
SRC-CC08B2DB50: U.S. Census Bureau, ""Full Report on Manufacturers' Shipments, Inventories, and Orders, February 2024"" (2024-04-02) https://www.census.gov/manufacturing/m3/historical_data/pressreleases/prel/2024/feb24prel.pdf
SRC-30689A65E4: U.S. Census Bureau, ""Full Report on Manufacturers' Shipments, Inventories, and Orders, January 2024"" (2024-03-05) https://www.census.gov/manufacturing/m3/historical_data/pressreleases/prel/2024/jan24prel.pdf",notice section; release dated 2024-06-04 || notice section; release dated 2024-05-02 || notice section; release dated 2024-04-02 || notice section; release dated 2024-03-05,"Notice of Revisions and Changes Due to Updated Seasonal Adjustment Models: On May 14, 2024, monthly seasonally adjusted data for Manufacturers’ Shipments, Inventories, and Orders were revised for January 2012 through March 2024. There was no accompanying press release containing revised seasonally adjusted data for January through March of 2024, and historical data not seasonally adjusted were unchanged. These revisions to the historical seasonally adjusted data were based on the results of the recent annual review of the seasonal adjustment models. These results of the annual seasonal review were used to produce seasonally adjusted data from the Manufacturers’ Shipments, Inventories, and Orders Survey, beginning with the April 2024 Advance Report on Durable Goods released on May 24, 2024, and the Full Report released on June 4, 2024. Please call M3 staff on (301) 763-4832 with any quest ... Figures on new and unfilled orders exclude data for semiconductor manufacturing. ... Any revisions made later than two months will be reflected in the annual benchmark publication. ... 2 Estimates and percent changes of shipments for the semiconductor industry are included in computers and electronic products, and all other applicable aggregate totals. ... 2 Data on new orders are not available for the semiconductor industry. || Notice of Revisions and Changes Due to Updated Seasonal Adjustment Models: On May 14, 2024, monthly seasonally adjusted data for Manufacturers’ Shipments, Inventories, and Orders will be revised for January 2012 through March 2024. There will be no accompanying press release containing revised seasonally adjusted data for January through March of 2024, and historical data not seasonally adjusted will be unchanged. These revisions to the historical seasonally adjusted data will be based on the results of the recent annual review of the seasonal adjustment models. These results of the annual seasonal review will be used to produce seasonally adjusted data from the Manufacturers’ Shipments, Inventories, and Orders Survey, beginning with the April 2024 Advance Report on Durable Goods scheduled for release on May 24, 2024, and the Full Report scheduled for release on June 4, 2024. Please call ... Figures on new and unfilled orders exclude data for semiconductor manufacturing. ... Any revisions made later than two months will be reflected in the annual benchmark publication. ... 2 Estimates and percent changes of shipments for the semiconductor industry are included in computers and electronic products, and all other applicable aggregate totals. ... 2 Data on new orders are not available for the semiconductor industry. || Notice of Revisions and Changes Due to Updated Seasonal Adjustment Models: On May 14, 2024, monthly seasonally adjusted data for Manufacturers’ Shipments, Inventories, and Orders will be revised for January 2012 through March 2024. There will be no accompanying press release containing revised seasonally adjusted data for ",2024-05-24;2024-05-14;2024-05-14;2024-05-14,"agency issue date 2024-05-24; ALFRED vintage 2024-05-14 (-10 days) || manual: the notice is a seasonal-model revision, not a benchmark: 'On May 14, 2024, monthly seasonally adjusted data ... were revised for January 2012 through March 2024'; historical data not seasonally adjusted were unchanged || agency issue date 2024-05-14; ALFRED vintage 2024-05-14 (+0 days) || manual: the notice is a seasonal-model revision, not a benchmark: 'On May 14, 2024, monthly seasonally adjusted data ... were revised for January 2012 through March 2024'; historical data not seasonally adjusted were unchanged || agency issue date 2024-05-14; ALFRED vintage 2024-05-14 (+0 days) || manual: the notice is a seasonal-model revision, not a benchmark: 'On May 14, 2024, monthly seasonally adjusted data ... were revised for January 2012 through March 2024'; historical data not seasonally adjusted were unchanged || agency issue date 2024-05-14; ALFRED vintage 2024-05-14 (+0 days) || manual: the notice is a seasonal-model revision, not a benchmark: 'On May 14, 2024, monthly seasonally adjusted data ... were revised for January 2012 through March 2024'; historical data not seasonally adjusted were unchanged",seasonal_factor_recompute,,strong,"manual: the notice is a seasonal-model revision, not a benchmark: 'On May 14, 2024, monthly seasonally adjusted data ... were revised for January 2012 through March 2024'; historical data not seasonally adjusted were unchanged",,,,,,
FDC-M3-20250527,M3,2025-05-27,DGORDER;NEWORDER,2,FD-DGORDER-20250527;FD-NEWORDER-20250527,R30_CENSUS_ANNUAL,2012-01-01,160.0,False,"SRC-4D82FF8311: U.S. Census Bureau, ""Full Report on Manufacturers' Shipments, Inventories, and Orders, April 2025"" (2025-06-03) https://www.census.gov/manufacturing/m3/historical_data/pressreleases/prel/2025/apr25prel.pdf
SRC-E717BEDA13: U.S. Census Bureau, ""Full Report on Manufacturers' Shipments, Inventories, and Orders, March 2025"" (2025-05-02) https://www.census.gov/manufacturing/m3/historical_data/pressreleases/prel/2025/mar25prel.pdf
SRC-3F18B46728: U.S. Census Bureau, ""Full Report on Manufacturers' Shipments, Inventories, and Orders, February 2025"" (2025-04-02) https://www.census.gov/manufacturing/m3/historical_data/pressreleases/prel/2025/feb25prel.pdf
SRC-1037CAD8F0: U.S. Census Bureau, ""Full Report on Manufacturers' Shipments, Inventories, and Orders, January 2025"" (2025-03-05) https://www.census.gov/manufacturing/m3/historical_data/pressreleases/prel/2025/jan25prel.pdf",notice section; release dated 2025-06-03 || notice section; release dated 2025-05-02 || notice section; release dated 2025-04-02 || notice section; release dated 2025-03-05,"Benchmark notice: Revised historical data from the Manufacturers’ Shipments, Inventories, and Orders (M3) Survey were issued on May 16, 2025. These revisions resulted from: • Benchmarking the M3 shipments and inventories data to the 2022 Economic Census (EC) data on a 2017 NAICS basis, as well as to revised ASM data from 2018 through 2021, resulting from benchmarking the ASM to the 2022 Economic Census; • Incorporating the unfilled orders to shipments ratios obtained for 2021 and 2022 from the Manufacturers’ Unfilled Orders (M3UFO) Survey by applying these ratios to the respective ASM and EC shipments data, as well as incorporating revised unfilled orders to shipments ratios for prior years; • Adjusting the new orders data to be consistent with the benchmarked shipments and unfilled orders data; • Correcting monthly data for late receipts, reclassifications of reported data, and revision ... Figures on new and unfilled orders exclude data for semiconductor manufacturing. ... Any revisions made later than two months will be reflected in the annual benchmark publication. ... 2 Estimates and percent changes of shipments for the semiconductor industry are included in computers and electronic products, and all other applicable aggregate totals. ... 2 Data on new orders are not available for the semiconductor industry. || Benchmark notice: Revised historical data from the Manufacturers’ Shipments, Inventories, and Orders (M3) Survey will be issued on May 16, 2025. These revisions result from: • Benchmarking the M3 shipments and inventories data to the 2022 Economic Census (EC) data on a 2017 NAICS basis, as well as to revised ASM data from 2018 through 2021, resulting from benchmarking the ASM to the 2022 Economic Census; • Incorporating the unfilled orders to shipments ratios obtained for 2021 and 2022 from the Manufacturers’ Unfilled Orders (M3UFO) Survey by applying these ratios to the respective ASM and EC shipments data, as well as incorporating revised unfilled orders to shipments ratios for prior years; • Adjusting the new orders data to be consistent with the benchmarked shipments and unfilled orders data; • Correcting monthly data for late receipts, reclassifications of reported data, and revisio ... Figures on new and unfilled orders exclude data for semiconductor manufacturing. ... Any revisions made later than two months will be reflected in the annual benchmark publication. ... 2 Estimates and percent changes of shipments for the semiconductor industry are included in computers and electronic products, and all other applicable aggregate totals. ... 2 Data on new orders are not available for the semiconductor industry. || Benchmark notice: Revised historical data from the Manufacturers’ Shipments, Inventories, and Orders (M3) Survey will be issued on May 16, 2025. These revisions result from: • Benchmarking the M3 shipments and inventories data to the 2022 Economic Census (EC) data on a 2017 NAICS basis, as well as to revised ASM data from ",2025-05-16;2025-05-16;2025-05-16;2025-05-16,"agency issue date 2025-05-16; ALFRED vintage 2025-05-27 (+11 days) || label owner (2026-10-03): moderate. Benchmark issued May 16, 2025; the same-day ALFRED snapshot shows only routine revisions and the historical revisions first appear in this later snapshot (unexplained timing gap) || agency issue date 2025-05-16; ALFRED vintage 2025-05-27 (+11 days) || label owner (2026-10-03): moderate. Benchmark issued May 16, 2025; the same-day ALFRED snapshot shows only routine revisions and the historical revisions first appear in this later snapshot (unexplained timing gap) || agency issue date 2025-05-16; ALFRED vintage 2025-05-27 (+11 days) || label owner (2026-10-03): moderate. Benchmark issued May 16, 2025; the same-day ALFRED snapshot shows only routine revisions and the historical revisions first appear in this later snapshot (unexplained timing gap) || agency issue date 2025-05-16; ALFRED vintage 2025-05-27 (+11 days) || label owner (2026-10-03): moderate. Benchmark issued May 16, 2025; the same-day ALFRED snapshot shows only routine revisions and the historical revisions first appear in this later snapshot (unexplained timing gap)",annual_benchmark,,moderate,"label owner (2026-10-03): moderate. Benchmark issued May 16, 2025; the same-day ALFRED snapshot shows only routine revisions and the historical revisions first appear in this later snapshot (unexplained timing gap)",,,,,,
FDC-M3-20250603,M3,2025-06-03,AMTMNO,1,FD-AMTMNO-20250603,R30_CENSUS_ANNUAL,2012-01-01,161.0,False,"SRC-526BB525E0: U.S. Census Bureau, ""Full Report on Manufacturers' Shipments, Inventories, and Orders, May 2025"" (2025-07-03) https://www.census.gov/manufacturing/m3/historical_data/pressreleases/prel/2025/may25prel.pdf
SRC-4D82FF8311: U.S. Census Bureau, ""Full Report on Manufacturers' Shipments, Inventories, and Orders, April 2025"" (2025-06-03) https://www.census.gov/manufacturing/m3/historical_data/pressreleases/prel/2025/apr25prel.pdf
SRC-E717BEDA13: U.S. Census Bureau, ""Full Report on Manufacturers' Shipments, Inventories, and Orders, March 2025"" (2025-05-02) https://www.census.gov/manufacturing/m3/historical_data/pressreleases/prel/2025/mar25prel.pdf
SRC-3F18B46728: U.S. Census Bureau, ""Full Report on Manufacturers' Shipments, Inventories, and Orders, February 2025"" (2025-04-02) https://www.census.gov/manufacturing/m3/historical_data/pressreleases/prel/2025/feb25prel.pdf",notice section; release dated 2025-07-03 || notice section; release dated 2025-06-03 || notice section; release dated 2025-05-02 || notice section; release dated 2025-04-02,"Benchmark notice: Revised historical data from the Manufacturers’ Shipments, Inventories, and Orders (M3) Survey were issued on May 16, 2025. These revisions resulted from: • Benchmarking the M3 shipments and inventories data to the 2022 Economic Census (EC) data on a 2017 NAICS basis, as well as to revised ASM data from 2018 through 2021, resulting from benchmarking the ASM to the 2022 Economic Census; • Incorporating the unfilled orders to shipments ratios obtained for 2021 and 2022 from the Manufacturers’ Unfilled Orders (M3UFO) Survey by applying these ratios to the respective ASM and EC shipments data, as well as incorporating revised unfilled orders to shipments ratios for prior years; • Adjusting the new orders data to be consistent with the benchmarked shipments and unfilled orders data; • Correcting monthly data for late receipts, reclassifications of reported data, and revision ... Figures on new and unfilled orders exclude data for semiconductor manufacturing. ... Any revisions made later than two months will be reflected in the annual benchmark publication. ... 2 Estimates and percent changes of shipments for the semiconductor industry are included in computers and electronic products, and all other applicable aggregate totals. ... 2 Data on new orders are not available for the semiconductor industry. || Benchmark notice: Revised historical data from the Manufacturers’ Shipments, Inventories, and Orders (M3) Survey were issued on May 16, 2025. These revisions resulted from: • Benchmarking the M3 shipments and inventories data to the 2022 Economic Census (EC) data on a 2017 NAICS basis, as well as to revised ASM data from 2018 through 2021, resulting from benchmarking the ASM to the 2022 Economic Census; • Incorporating the unfilled orders to shipments ratios obtained for 2021 and 2022 from the Manufacturers’ Unfilled Orders (M3UFO) Survey by applying these ratios to the respective ASM and EC shipments data, as well as incorporating revised unfilled orders to shipments ratios for prior years; • Adjusting the new orders data to be consistent with the benchmarked shipments and unfilled orders data; • Correcting monthly data for late receipts, reclassifications of reported data, and revision ... Figures on new and unfilled orders exclude data for semiconductor manufacturing. ... Any revisions made later than two months will be reflected in the annual benchmark publication. ... 2 Estimates and percent changes of shipments for the semiconductor industry are included in computers and electronic products, and all other applicable aggregate totals. ... 2 Data on new orders are not available for the semiconductor industry. || Benchmark notice: Revised historical data from the Manufacturers’ Shipments, Inventories, and Orders (M3) Survey will be issued on May 16, 2025. These revisions result from: • Benchmarking the M3 shipments and inventories data to the 2022 Economic Census (EC) data on a 2017 NAICS basis, as well as to revised ASM data from ",2025-05-16;2025-05-16;2025-05-16;2025-05-16,agency issue date 2025-05-16; ALFRED vintage 2025-06-03 (+18 days) || agency issue date 2025-05-16; ALFRED vintage 2025-06-03 (+18 days) || agency issue date 2025-05-16; ALFRED vintage 2025-06-03 (+18 days) || agency issue date 2025-05-16; ALFRED vintage 2025-06-03 (+18 days),annual_benchmark,,strong,M3 benchmark notice: historical data issued shortly before this vintage,,,,,,
FDC-MARTS-20020503,MARTS,2002-05-03,RSAFS;RSAFSNA;RSXFS,3,FD-RSAFS-20020503;FD-RSAFSNA-20020503;FD-RSXFS-20020503,R30_CENSUS_ANNUAL,1992-01-01,124.0,True,"SRC-079D0A9032: U.S. Census Bureau, ""Annual Benchmark Report for Retail Trade and Food Services (data year 2001)"" (2002-05) https://www2.census.gov/retail/releases/benchmark/annpub01.pdf",p. 1,"Annual Benchmark Report for Retail Trade and Food Services: January 1992 Through March 2002 Issued May 2002 A Detailed Summary of Retail Sales, Purchases, Accounts Receivable, and Inventories, and Food Services Sales BR/01-A Current Business Reports U.S. Department of Commerce Economics and Statistics Administration U.S. CENSUS BUREAU ACKNOWLEDGMENTS Anne Russell, Assistant Division Chief James W. Hunt, David L. Kinyon and for Service Sector Statistics Division’s Michael McElhatten and Anthony Retail and Wholesale Indicator Programs, Myers. Michael Shimberg assisted in provided general direction in preparing",,"RSAFS: observed start 1992-01 appears in the document's revision statements -> MATCH | RSXFS: observed start 1992-01 appears in the document's revision statements -> MATCH | RSAFSNA: observed start 1992-01 appears in the document's revision statements -> MATCH || label owner (2026-10-03): moderate, not strong. The report identifies the revision periods, but its two-column layout scrambles the extracted text; the January 1992 attribution partly relies on the report's title range. The standing paragraph on samples introduced with the 1999 ARTS and March 2001 MRTS describes earlier survey design, not a sample introduced by this release",annual_benchmark,,moderate,"label owner (2026-10-03): moderate, not strong. The report identifies the revision periods, but its two-column layout scrambles the extracted text; the January 1992 attribution partly relies on the report's title range. The standing paragraph on samples introduced with the 1999 ARTS and March 2001 MRTS describes earlier survey design, not a sample introduced by this release",,,,,,
FDC-MARTS-20030430,MARTS,2003-04-30,RSAFS;RSAFSNA;RSXFS,3,FD-RSAFS-20030430;FD-RSAFSNA-20030430;FD-RSXFS-20030430,R30_CENSUS_ANNUAL,1992-01-01,135.0,True,"SRC-2DB73E6AAB: U.S. Census Bureau, ""Annual Benchmark Report for Retail Trade and Food Services (data year 2002)"" (2003-04) https://www2.census.gov/retail/releases/benchmark/annpub02.pdf",p. 1,"Annual Benchmark Report for Retail Trade and Food Services: January 1992 Through March 2003 Issued April 2003 A Detailed Summary of Retail Sales, Purchases, Accounts Receivable, Inventories, and Food Services Sales BR/02-A Current Business Reports U.S. Department of Commerce Economics and Statistics Administration U.S. CENSUS BUREAU ACKNOWLEDGMENTS Anne Russell, Assistant Division Chief Carol King Chief, Statistical Methods for Service Sector Statistics Division’s Branch, supervised the sample control, Retail and Wholesale Indicator Programs, imputation, and quality control procedures provided general direction in p",,"RSAFS: observed start 1992-01 appears in the document's revision statements -> MATCH | RSXFS: observed start 1992-01 appears in the document's revision statements -> MATCH | RSAFSNA: observed start 1992-01 appears in the document's revision statements -> MATCH || label owner (2026-10-03): moderate, not strong. The report identifies the revision periods, but its two-column layout scrambles the extracted text. The standing paragraph on samples introduced with the 1999 ARTS and March 2001 MRTS describes earlier survey design, not a sample introduced by this release",annual_benchmark,,moderate,"label owner (2026-10-03): moderate, not strong. The report identifies the revision periods, but its two-column layout scrambles the extracted text. The standing paragraph on samples introduced with the 1999 ARTS and March 2001 MRTS describes earlier survey design, not a sample introduced by this release",,,,,,
FDC-MARTS-20040330,MARTS,2004-03-30,RSAFS;RSAFSNA;RSXFS,3,FD-RSAFS-20040330;FD-RSAFSNA-20040330;FD-RSXFS-20040330,R30_CENSUS_ANNUAL,1995-01-01,110.0,False,"SRC-15EA451923: U.S. Census Bureau, ""Annual Benchmark Report for Retail Trade and Food Services (data year 2003)"" (2004-03) https://www2.census.gov/retail/releases/benchmark/annpub03.pdf",p. 1,"Annual Benchmark Report for Retail Trade and Food Services: January 1992 Through February 2004 Issued March 2004 A Detailed Summary of Retail Sales, Purchases, Accounts Receivable, Inventories, and Food Services Sales BR/03-A Current Business Reports U.S. Department of Commerce Economics and Statistics Administration U.S. CENSUS BUREAU ACKNOWLEDGMENTS Anne Russell, Assistant Division Chief Carol King Chief, Statistical Methods for Service Sector Statistics Division’s Branch, supervised the sample control, Retail and Wholesale Indicator Programs, imputation, and quality control procedures provided general direction in p",,"RSAFS: observed start 1995-01 appears in the document's revision statements -> MATCH | RSXFS: observed start 1995-01 appears in the document's revision statements -> MATCH | RSAFSNA: observed start 1998-01 appears in the document's revision statements -> MATCH || label owner (2026-10-03): moderate, not strong. The report identifies the revision periods, but its two-column layout scrambles the extracted text. The standing paragraph on samples introduced with the 1999 ARTS and March 2001 MRTS describes earlier survey design, not a sample introduced by this release",annual_benchmark,,moderate,"label owner (2026-10-03): moderate, not strong. The report identifies the revision periods, but its two-column layout scrambles the extracted text. The standing paragraph on samples introduced with the 1999 ARTS and March 2001 MRTS describes earlier survey design, not a sample introduced by this release",,,,,,
FDC-MARTS-20040402,MARTS,2004-04-02,RSAFS;RSXFS,2,FD-RSAFS-20040402;FD-RSXFS-20040402,R30_CENSUS_ANNUAL,1995-01-01,111.0,False,"SRC-15EA451923: U.S. Census Bureau, ""Annual Benchmark Report for Retail Trade and Food Services (data year 2003)"" (2004-03) https://www2.census.gov/retail/releases/benchmark/annpub03.pdf",p. 1,"Annual Benchmark Report for Retail Trade and Food Services: January 1992 Through February 2004 Issued March 2004 A Detailed Summary of Retail Sales, Purchases, Accounts Receivable, Inventories, and Food Services Sales BR/03-A Current Business Reports U.S. Department of Commerce Economics and Statistics Administration U.S. CENSUS BUREAU ACKNOWLEDGMENTS Anne Russell, Assistant Division Chief Carol King Chief, Statistical Methods for Service Sector Statistics Division’s Branch, supervised the sample control, Retail and Wholesale Indicator Programs, imputation, and quality control procedures provided general direction in p",,RSAFS: observed start 1995-01 appears in the document's revision statements -> MATCH | RSXFS: observed start 1995-01 appears in the document's revision statements -> MATCH,annual_benchmark,sample_redesign,strong,Census annual revision document for this year; stated revision start matches observed,,,,,,
FDC-MARTS-20050331,MARTS,2005-03-31,RSAFS;RSAFSNA;RSXFS,3,FD-RSAFS-20050331;FD-RSAFSNA-20050331;FD-RSXFS-20050331,R30_CENSUS_ANNUAL,1992-01-01,158.0,True,"SRC-99C5D2D278: U.S. Census Bureau, ""Annual Benchmark Report for Retail Trade and Food Services (data year 2004)"" (2005-03) https://www2.census.gov/retail/releases/benchmark/annpub04.pdf",p. 1,"Annual Benchmark Report for Retail Trade and Food Services: January 1992 Through February 2005 Issued March 2005 A Detailed Summary of Retail Sales, Purchases, Accounts Receivable, Inventories, and Food Services Sales BR/04-A Current Business Reports U.S. Department of Commerce Economics and Statistics Administration U.S. CENSUS BUREAU ACKNOWLEDGMENTS Anne Russell, Assistant Division Chief Carol King, Chief, Statistical Methods for Service Sector Statistics Division’s Branch, supervised the sample control, Retail and Wholesale Indicator Programs, imputation, and quality control procedures provided general direction",,"RSAFS: observed start 1992-01 appears in the document's revision statements -> MATCH | RSXFS: observed start 1992-01 appears in the document's revision statements -> MATCH | RSAFSNA: observed start 1992-01 appears in the document's revision statements -> MATCH || label owner (2026-10-03): moderate, not strong. The report identifies the revision periods, but its two-column layout scrambles the extracted text. The standing paragraph on samples introduced with the 1999 ARTS and March 2001 MRTS describes earlier survey design, not a sample introduced by this release",annual_benchmark,,moderate,"label owner (2026-10-03): moderate, not strong. The report identifies the revision periods, but its two-column layout scrambles the extracted text. The standing paragraph on samples introduced with the 1999 ARTS and March 2001 MRTS describes earlier survey design, not a sample introduced by this release",,,,,,
FDC-MARTS-20060330,MARTS,2006-03-30,RSAFS;RSAFSNA;RSXFS,3,FD-RSAFS-20060330;FD-RSAFSNA-20060330;FD-RSXFS-20060330,R30_CENSUS_ANNUAL,1992-01-01,170.0,True,"SRC-319E1F9C2B: U.S. Census Bureau, ""Annual Benchmark Report for Retail Trade and Food Services (data year 2005)"" (2006-03) https://www2.census.gov/retail/releases/benchmark/annpub05.pdf",p. 1,"Annual Revision of Monthly Retail and Food Services: Sales and Inventories— January 1992 Through February 2006 Issued March 2006 BR/05-A Current Business Reports U.S. Department of Commerce Economics and Statistics Administration U.S. CENSUS BUREAU ACKNOWLEDGMENTS Anne Russell, Assistant Division Chief, Service Sector Statistics Division’s Retail and Wholesale Indicator Programs, provided general direction in preparing this report. Scott Scheleur, Chief, Retail Indicators Branch, supervised the planning, implementation, and compilation of the monthly retail sales and inventory estimates with assistance from Jud",,"RSAFS: observed start 1992-01 appears in the document's revision statements -> MATCH | RSXFS: observed start 1992-01 appears in the document's revision statements -> MATCH | RSAFSNA: observed start 1992-01 appears in the document's revision statements -> MATCH || label owner (2026-10-03): moderate, not strong. The report identifies the revision periods, but its two-column layout scrambles the extracted text. The standing paragraph on samples introduced with the 1999 ARTS and March 2001 MRTS describes earlier survey design, not a sample introduced by this release",annual_benchmark,,moderate,"label owner (2026-10-03): moderate, not strong. The report identifies the revision periods, but its two-column layout scrambles the extracted text. The standing paragraph on samples introduced with the 1999 ARTS and March 2001 MRTS describes earlier survey design, not a sample introduced by this release",,,,,,
FDC-MARTS-20070329,MARTS,2007-03-29,RSAFS;RSAFSNA;RSXFS,3,FD-RSAFS-20070329;FD-RSAFSNA-20070329;FD-RSXFS-20070329,R30_CENSUS_ANNUAL,2001-01-01,74.0,False,"SRC-06F791A2D4: U.S. Census Bureau, ""Annual Benchmark Report for Retail Trade and Food Services (data year 2006)"" (2007-03) https://www2.census.gov/retail/releases/benchmark/annpub06.pdf",p. 1,"Annual Revision of Monthly Retail and Food Services: Sales and Inventories— January 1992 Through February 2007 Issued March 2007 BR/06-A Current Business Reports U.S. Department of Commerce Economics and Statistics Administration U.S. CENSUS BUREAU ACKNOWLEDGMENTS Anne Russell, Assistant Division Chief, Service Sector Statistics Division’s Retail and Wholesale Indicator Programs, provided general direction in preparing this report. Scott Scheleur, Chief, Retail Indicators Branch, supervised the planning, implementation, and compilation of the monthly retail sales and inventory estimates with assistance from Jud",,RSAFS: observed start 2001-01 appears in the document's revision statements -> MATCH | RSXFS: observed start 2001-01 appears in the document's revision statements -> MATCH | RSAFSNA: observed start 2004-01 appears in the document's revision statements -> MATCH,annual_benchmark,sample_redesign,strong,Census annual revision document for this year; stated revision start matches observed,,,,,,
FDC-MARTS-20080430,MARTS,2008-04-30,RSAFS;RSAFSNA;RSXFS,3,FD-RSAFS-20080430;FD-RSAFSNA-20080430;FD-RSXFS-20080430,R30_CENSUS_ANNUAL,2002-01-01,75.0,False,"SRC-BA5818D30B: U.S. Census Bureau, ""Annual Revision of Monthly Retail and Food Services: Sales and Inventories, January 1992 Through March 2008 (summary)"" (date n/a) https://www.census.gov/retail/mrts/www/benchmark/2008/html/summary.pdf",p. 1,"Annual Revision of Monthly Retail and Food Services Explanation of Benchmarking Revisions, Summary of Changes, and Definitions INTRODUCTION The U.S. Census Bureau produces the Annual Revision of Monthly Retail and Food Services to provide revised national estimates by kind of business of annual and monthly sales for establishments classified in the retail trade and food services industries. Estimates of end-of-month inventories and inventory-to-sales ratios are also provided, but only for retail trade. We develop the estimates in this report using data from the Advance Monthly Retail Trade and Food Services Survey (MARTS), Monthly Retail Trade Survey (MRTS), Annual Retail Trade Survey (ARTS), and administrative records. For each survey, questionnaires are mailed to a probability sample of firms located in the United States an",,RSAFS: headline stated start 2002-01 = observed 2002-01 -> MATCH | RSXFS: headline stated start 2002-01 = observed 2002-01 -> MATCH | RSAFSNA: headline stated start 2005-01 = observed 2005-01 -> MATCH,annual_benchmark,,strong,Census annual revision document for this year; stated revision start matches observed,,,,,,
FDC-MARTS-20090430,MARTS,2009-04-30,RSAFS;RSAFSNA;RSXFS,3,FD-RSAFS-20090430;FD-RSAFSNA-20090430;FD-RSXFS-20090430,R30_CENSUS_ANNUAL,2002-01-01,87.0,False,"SRC-F59D929EB7: U.S. Census Bureau, ""Annual Revision of Monthly Retail and Food Services: Introduction / Explanation of Revisions (2009)"" (date n/a) https://www.census.gov/retail/mrts/www/benchmark/2009/pdf/Introduction.pdf",p. 1,"Annual Revision of Monthly Retail and Food Services Explantion of Benchmarking Revisions, Summary of Changes, and Definitions INTRODUCTION The U.S. Census Bureau produces the Annual Revision of Monthly Retail and Food Services to provide revised national estimates by kind of business of annual and monthly sales for establishments classified in the retail trade and food services industries. Estimates of end-of-month inventories and inventory-to-sales ratios are also provided, but only for retail trade. We develop the estimates in this report using data from the Advance Monthly Retail Trade and Food Services Survey (MARTS), Monthly Retail Trade Survey (MRTS), Annual Retail Trade Survey (ARTS), and administrative records. For each survey, questionnaires are mailed to a probability sample of firms located in the United States and havi",,RSAFS: headline stated start 2002-01 = observed 2002-01 -> MATCH | RSXFS: headline stated start 2002-01 = observed 2002-01 -> MATCH | RSAFSNA: headline stated start 2005-01 = observed 2005-01 -> MATCH,annual_benchmark,,strong,Census annual revision document for this year; stated revision start matches observed,,,,,,
FDC-MARTS-20100430,MARTS,2010-04-30,RSAFS;RSAFSNA;RSXFS,3,FD-RSAFS-20100430;FD-RSAFSNA-20100430;FD-RSXFS-20100430,R30_CENSUS_ANNUAL,2000-01-01,123.0,False,"SRC-6A56CE4BDE: U.S. Census Bureau, ""Annual Revision of Monthly Retail and Food Services: Introduction / Explanation of Revisions (2010)"" (date n/a) https://www.census.gov/retail/mrts/www/benchmark/2010/pdf/Introduction.pdf",p. 1,"INTRODUCTION The U.S. Census Bureau produces the Annual Revision of Monthly Retail and Food Services to provide revised national estimates by kind of business of monthly sales for establishments classified in the retail trade and food services industries. Revised estimates of end-of-month inventories and inventory-to- sales ratios are also provided, but only for retail trade. We develop the estimates in this report using data from the Advance Monthly Retail Trade and Food Services Survey (MARTS), Monthly Retail Trade Survey (MRTS), Annual Retail Trade Survey (ARTS), and administrative records. For each survey, questionnaires are mailed to a probability sample of firms located in the United States and having paid employees. The samples are updated regularly and periodically reselected. These samples include firms of all sizes. Firms without paid employees (nonempl",,RSAFS: headline stated start 2000-01 = observed 2000-01 -> MATCH | RSXFS: headline stated start 2000-01 = observed 2000-01 -> MATCH | RSAFSNA: headline stated start 2003-01 = observed 2003-01 -> MATCH,annual_benchmark,,strong,Census annual revision document for this year; stated revision start matches observed,,,,,,
FDC-MARTS-20110429,MARTS,2011-04-29,RSAFS;RSAFSNA;RSXFS,3,FD-RSAFS-20110429;FD-RSAFSNA-20110429;FD-RSXFS-20110429,R30_CENSUS_ANNUAL,1995-01-01,195.0,False,"SRC-CFCD3AFE84: U.S. Census Bureau, ""Annual Revision of Monthly Retail and Food Services: Introduction / Explanation of Revisions (2011)"" (date n/a) https://www.census.gov/retail/mrts/www/benchmark/2011/pdf/Introduction.pdf",p. 1,"INTRODUCTION The U.S. Census Bureau produces the Annual Revision of Monthly Retail and Food Services to provide revised national estimates by kind of business of monthly sales for establishments classified in the retail trade and food services industries. Revised estimates of end-of-month inventories and inventory-to- sales ratios are also provided, but only for retail trade. We develop the estimates in this report using data from the Advance Monthly Retail Trade and Food Services Survey (MARTS), Monthly Retail Trade Survey (MRTS), Annual Retail Trade Survey (ARTS), and administrative records. For each survey, questionnaires are mailed to a probability sample of firms located in the United States and having paid employees. The samples are updated regularly and periodically reselected. These samples include firms of all sizes. Firms without paid employees (nonempl",,RSAFS: observed start 1995-01 appears in the document's revision statements -> MATCH | RSXFS: headline stated start 2000-01 = observed 2000-01 -> MATCH | RSAFSNA: headline stated start 2003-01 vs observed 1998-02 -> DIFFERENT || manual: RSXFS SA start 2000-01 = stated; RSAFS 1995-01 = stated NAICS 722 exception ('as far back as January 1995'); RSAFSNA observed 1998-02 lies inside the stated NAICS 722 NSA range from January 1998 (first revised month one month later than stated),annual_benchmark,,moderate,manual: RSXFS SA start 2000-01 = stated; RSAFS 1995-01 = stated NAICS 722 exception ('as far back as January 1995'); RSAFSNA observed 1998-02 lies inside the stated NAICS 722 NSA range from January 1998 (first revised month one month later than stated),,,,,,
FDC-MARTS-20120430,MARTS,2012-04-30,RSAFS;RSAFSNA;RSXFS,3,FD-RSAFS-20120430;FD-RSAFSNA-20120430;FD-RSXFS-20120430,R30_CENSUS_ANNUAL,1992-01-01,243.0,True,"SRC-EB3CE8DCC6: U.S. Census Bureau, ""Annual Revision of Monthly Retail and Food Services: Introduction / Explanation of Revisions (2012)"" (date n/a) https://www.census.gov/retail/mrts/www/benchmark/2012/pdf/Introduction.pdf",p. 1,"INTRODUCTION The U.S. Census Bureau produces the Annual Revision of Monthly Retail and Food Services to provide revised national estimates by kind of business of monthly sales for establishments classified in the retail trade and food services industries. Revised estimates of end-of-month inventories and inventory-to- sales ratios are also provided, but only for retail trade. We develop the estimates in this report using data from the Advance Monthly Retail Trade and Food Services Survey (MARTS), Monthly Retail Trade Survey (MRTS), Annual Retail Trade Survey (ARTS), and administrative data. For each survey, questionnaires are mailed to a probability sample of firms located in the United States and having paid employees. The samples are updated regularly and periodically reselected. These samples include firms of all sizes. Firms without paid employees (nonemploye",,RSAFS: headline stated start 1992-01 = observed 1992-01 -> MATCH | RSXFS: headline stated start 1992-01 = observed 1992-01 -> MATCH | RSAFSNA: headline stated start 1992-01 = observed 1992-01 -> MATCH,annual_benchmark,,strong,Census annual revision document for this year; stated revision start matches observed,,,,,,
FDC-MARTS-20130531,MARTS,2013-05-31,RSAFS;RSAFSNA;RSXFS,3,FD-RSAFS-20130531;FD-RSAFSNA-20130531;FD-RSXFS-20130531,R30_CENSUS_ANNUAL,1992-05-01,252.0,False,"SRC-64685E3444: U.S. Census Bureau, ""Annual Revision of Monthly Retail and Food Services: Introduction / Explanation of Revisions (2013)"" (date n/a) https://www.census.gov/retail/mrts/www/benchmark/2013/pdf/Introduction.pdf",p. 2,"EXPLANATION OF REVISIONS The estimates in this publication reflect the introduction of a newly selected sample of businesses on a 2007 NAICS basis. For more information on the new sample and 2007 NAICS, see our FAQs at http://www.census.gov/retail/mrts_sample_revision_faqs.html. For information on how estimates are linked between samples see the Revisions section below. Revised quarterly retail e-commerce sales estimates are also provided on the website at http://www.census.gov/retail/#ecommerce. Not adjusted estimates of monthly sales are revised for January 1992 through March or April 20131 (if an advance sales estimate is computed), as well as end-of-month inventory estimates for January 1992 through March 2013. Not adjusted estimates of quarterly retail e-commerce sales are revised for fourth quarter 1999 through first quarter 2013. Revisions were made",,"RSAFS: headline stated start 2006-01 vs observed 1992-05 -> DIFFERENT | RSXFS: headline stated start 2006-01 vs observed 1992-05 -> DIFFERENT | RSAFSNA: headline stated start 1992-01 vs observed 1992-06 -> DIFFERENT || manual: document states the estimates reflect a newly selected sample on a 2007 NAICS basis and that not adjusted sales (prior samples, historical corrections) and NAICS 446 adjusted sales are revised from January 1992; observed starts 1992-05 (SA) and 1992-06 (NSA) lie inside that range",annual_benchmark,sample_redesign,moderate,"manual: document states the estimates reflect a newly selected sample on a 2007 NAICS basis and that not adjusted sales (prior samples, historical corrections) and NAICS 446 adjusted sales are revised from January 1992; observed starts 1992-05 (SA) and 1992-06 (NSA) lie inside that range",,,,,,
FDC-MARTS-20140513,MARTS,2014-05-13,RSAFS;RSAFSNA;RSXFS,3,FD-RSAFS-20140513;FD-RSAFSNA-20140513;FD-RSXFS-20140513,R30_CENSUS_ANNUAL,2006-08-01,93.0,False,"SRC-7A83B7D28D: U.S. Census Bureau, ""Annual Revision of Monthly Retail and Food Services: Introduction / Explanation of Revisions (2014)"" (date n/a) https://www.census.gov/retail/mrts/www/benchmark/2014/pdf/Introduction.pdf",p. 1,"EXPLANATION OF REVISIONS Not adjusted estimates of monthly sales are revised for January 2011 through February or March 20141 (if an advance sales estimate is computed), as well as end-of-month inventory estimates for January 2005 through February 2014. Not adjusted estimates of quarterly retail e-commerce sales are revised for fourth quarter 1999 through fourth quarter 2013. Revised quarterly retail e-commerce sales estimates will be available in the 1st Quarter 2014 Quarterly E-commerce Sales Report scheduled to be released on May 15, 2014. Revisions to not adjusted estimates were made in two parts: First, revisions were made to prior Monthly Retail Trade estimates to reflect historical corrections. Then, revisions were made when benchmarking the Monthly Retail Trade estimates to the 2012 Annual Retail Trade estimates. Revisions to seasonally adjusted estimates were made based on t",,RSAFS: observed start 2006-08 appears in the document's revision statements -> MATCH | RSXFS: observed start 2006-08 appears in the document's revision statements -> MATCH | RSAFSNA: headline stated start 2011-01 = observed 2011-01 -> MATCH,annual_benchmark,,strong,Census annual revision document for this year; stated revision start matches observed,,,,,,
FDC-MARTS-20150513,MARTS,2015-05-13,RSAFS;RSAFSNA;RSXFS,3,FD-RSAFS-20150513;FD-RSAFSNA-20150513;FD-RSXFS-20150513,R30_CENSUS_ANNUAL,2000-02-01,183.0,False,"SRC-A7BBCDF9D6: U.S. Census Bureau, ""Annual Revision of Monthly Retail and Food Services: Introduction / Explanation of Revisions (2015)"" (date n/a) https://www.census.gov/retail/mrts/www/benchmark/2015/pdf/Introduction.pdf",p. 1,"EXPLANATION OF REVISIONS Not adjusted estimates of monthly sales are revised for January 2003 through February or March 20151 (if an advance sales estimate is computed), as well as end-of-month inventory estimates for January 1998 through February 2015. Not adjusted estimates of quarterly retail e-commerce sales are revised for fourth quarter 1999 through fourth quarter 2014. Revised quarterly retail e-commerce sales estimates will be available in the 1st Quarter 2015 Quarterly E-commerce Sales Report scheduled to be released on May 15, 2015. Revisions to not adjusted estimates were made in two parts: First, revisions were made to prior Monthly Retail Trade (MRTS) estimates to reflect historical corrections. Then, revisions were made when benchmarking the Monthly Retail Trade estimates to the 2013 Annual Retail Trade (ARTS) estimates. Revisions to seasonally adjusted estimates were m",,RSAFS: headline stated start 2005-01 vs observed 2000-02 -> DIFFERENT | RSXFS: headline stated start 2005-01 vs observed 2000-02 -> DIFFERENT | RSAFSNA: headline stated start 2003-01 = observed 2003-01 -> MATCH || manual: RSAFSNA start 2003-01 = stated; SA observed 2000-02 lies inside the stated range for NAICS levels affected by the NAICS 443112 revision (factors from January 2000),annual_benchmark,,moderate,manual: RSAFSNA start 2003-01 = stated; SA observed 2000-02 lies inside the stated range for NAICS levels affected by the NAICS 443112 revision (factors from January 2000),,,,,,
FDC-MARTS-20160513,MARTS,2016-05-13,RSAFS;RSAFSNA;RSXFS,3,FD-RSAFS-20160513;FD-RSAFSNA-20160513;FD-RSXFS-20160513,R30_CENSUS_ANNUAL,2005-01-01,136.0,False,"SRC-0BADD82ECA: U.S. Census Bureau, ""Annual Revision of Monthly Retail and Food Services: Introduction / Explanation of Revisions (2016)"" (date n/a) https://www.census.gov/retail/mrts/www/benchmark/2016/pdf/Introduction.pdf",p. 1,"EXPLANATION OF REVISIONS Not adjusted estimates of monthly sales are revised for January 2008 through February or March 20161 (if an advance sales estimate is computed), as well as end-of-month inventory estimates for January 2005 through February 2016. Not adjusted estimates of quarterly retail e-commerce sales are revised for fourth quarter 1999 through fourth quarter 2015. Revised quarterly retail e-commerce sales estimates will be available in the 1st Quarter 2016 Quarterly E-commerce Sales Report scheduled to be released on May 17, 2016. Revisions to not adjusted estimates were made in two parts: First, revisions were made to prior Monthly Retail Trade (MRTS) estimates to reflect historical corrections. Then, revisions were made when benchmarking the Monthly Retail Trade estimates to the 2014 Annual Retail Trade (ARTS) estimates. Revisions to seasonally adjusted estimates were m",,RSAFS: headline stated start 2005-01 = observed 2005-01 -> MATCH | RSXFS: headline stated start 2005-01 = observed 2005-01 -> MATCH | RSAFSNA: headline stated start 2008-01 = observed 2008-01 -> MATCH,annual_benchmark,,strong,Census annual revision document for this year; stated revision start matches observed,,,,,,
FDC-MARTS-20160715,MARTS,2016-07-15,RSAFS;RSXFS,2,FD-RSAFS-20160715;FD-RSXFS-20160715,R30_CENSUS_ANNUAL,2015-03-01,16.0,False,"SRC-0BADD82ECA: U.S. Census Bureau, ""Annual Revision of Monthly Retail and Food Services: Introduction / Explanation of Revisions (2016)"" (date n/a) https://www.census.gov/retail/mrts/www/benchmark/2016/pdf/Introduction.pdf",p. 1,"EXPLANATION OF REVISIONS Not adjusted estimates of monthly sales are revised for January 2008 through February or March 20161 (if an advance sales estimate is computed), as well as end-of-month inventory estimates for January 2005 through February 2016. Not adjusted estimates of quarterly retail e-commerce sales are revised for fourth quarter 1999 through fourth quarter 2015. Revised quarterly retail e-commerce sales estimates will be available in the 1st Quarter 2016 Quarterly E-commerce Sales Report scheduled to be released on May 17, 2016. Revisions to not adjusted estimates were made in two parts: First, revisions were made to prior Monthly Retail Trade (MRTS) estimates to reflect historical corrections. Then, revisions were made when benchmarking the Monthly Retail Trade estimates to the 2014 Annual Retail Trade (ARTS) estimates. Revisions to seasonally adjusted estimates were m",,"RSAFS: headline stated start 2005-01 vs observed 2015-03 -> DIFFERENT | RSXFS: headline stated start 2005-01 vs observed 2015-03 -> DIFFERENT || manual: the 2016 annual revision is the separate release FDC-MARTS-20160513; no source explains this July vintage (depth 16, one month beyond the routine window)",unknown,,none,"manual: the 2016 annual revision is the separate release FDC-MARTS-20160513; no source explains this July vintage (depth 16, one month beyond the routine window)",,,,,,
FDC-MARTS-20170512,MARTS,2017-05-12,RSAFS;RSAFSNA;RSXFS,3,FD-RSAFS-20170512;FD-RSAFSNA-20170512;FD-RSXFS-20170512,R30_CENSUS_ANNUAL,2005-01-01,148.0,False,"SRC-E1C415C426: U.S. Census Bureau, ""Annual Revision of Monthly Retail and Food Services: Introduction / Explanation of Revisions (2017)"" (date n/a) https://www.census.gov/retail/mrts/www/benchmark/2017/pdf/Introduction.pdf",p. 1,"EXPLANATION OF REVISIONS Not adjusted estimates of monthly sales are revised for January 2008 through February or March 20171 (if an advance sales estimate is computed), as well as end-of-month inventory estimates for January 2005 through February 2017. Not adjusted estimates of quarterly retail e-commerce sales are revised for fourth quarter 1999 through fourth quarter 2016. Revised quarterly retail e-commerce sales estimates will be available in the 1st Quarter 2017 Quarterly E-commerce Sales Report scheduled to be released on May 16, 2017. Revisions to not adjusted estimates were made in two parts: First, revisions were made to prior Monthly Retail Trade (MRTS) estimates to reflect historical corrections. Then, revisions were made when benchmarking the Monthly Retail Trade estimates to the 2015 Annual Retail Trade (ARTS) estimates. Revisions to seasonally adjusted estimates were m",,RSAFS: headline stated start 2005-01 = observed 2005-01 -> MATCH | RSXFS: headline stated start 2005-01 = observed 2005-01 -> MATCH | RSAFSNA: headline stated start 2008-01 = observed 2008-01 -> MATCH,annual_benchmark,,strong,Census annual revision document for this year; stated revision start matches observed,,,,,,
FDC-MARTS-20180525,MARTS,2018-05-25,RSAFS;RSAFSNA;RSXFS,3,FD-RSAFS-20180525;FD-RSAFSNA-20180525;FD-RSXFS-20180525,R30_CENSUS_ANNUAL,1992-01-01,316.0,True,"SRC-117A62329A: U.S. Census Bureau, ""Annual Revision of Monthly Retail and Food Services: Introduction / Explanation of Revisions (2018)"" (date n/a) https://www.census.gov/retail/mrts/www/benchmark/2018/pdf/Introduction.pdf",p. 1,"EXPLANATION OF REVISIONS Not adjusted estimates of monthly sales are revised for January 2008 through March or April 20181 (if an advance sales estimate is computed), as well as end- of-month inventory estimates for January 2005 through March 2018. Not adjusted sales and end-of month inventories for NAICS 443 (Electronics and Appliance Stores) and NAICS 451 (Sporting Goods, Hobby, Musical Instrument, and Book Stores) are revised back to January 1992. Not adjusted estimates of quarterly retail e-commerce sales are revised for fourth quarter 1999 through first quarter 2018. Revisions to not adjusted estimates were made in three parts: First, revisions were made to restate estimates into terms of 2012 NAICS definitions. Then, revisions were made to prior Monthly Retail Trade (MRTS) estimates to reflect historical corrections. Finally, revisions were made when benchmarking the Monthly Ret",,RSAFS: observed start 1992-01 appears in the document's revision statements -> MATCH | RSXFS: observed start 1992-01 appears in the document's revision statements -> MATCH | RSAFSNA: headline stated start 2008-01 = observed 2008-01 -> MATCH,annual_benchmark,sample_redesign,strong,Census annual revision document for this year; stated revision start matches observed,,,,,,
FDC-MARTS-20190716,MARTS,2019-07-16,RSAFS;RSAFSNA;RSXFS,3,FD-RSAFS-20190716;FD-RSAFSNA-20190716;FD-RSXFS-20190716,R30_CENSUS_ANNUAL,2010-01-01,114.0,False,"SRC-CD28404C67: U.S. Census Bureau, ""Annual Revision of Monthly Retail and Food Services: Introduction / Explanation of Revisions (2019)"" (date n/a) https://www.census.gov/retail/mrts/www/benchmark/2019/pdf/Introduction.pdf",p. 1,"EXPLANATION OF REVISIONS Not adjusted estimates of monthly sales are revised for January 2013 through April or May 20191 (if an advance sales estimate is computed), as well as end-of- month inventory estimates for January 2011 through April 2019. Not adjusted estimates of quarterly retail e-commerce sales are revised for first quarter 2011 through first quarter 2019. Revisions to not adjusted estimates were made in two parts: First, revisions were made to prior Monthly Retail Trade (MRTS) estimates to reflect historical corrections. For most NAICS industries, these revisions were made to the current sample back to January 2018. For select detail NAICS codes, corrections were made to prior sample estimates to reflect data received after last year’s revision report, with the earliest year affected being 2013. Finally, revisions were made when benchmarking the Monthly Retail Trade estima",,RSAFS: headline stated start 2010-01 = observed 2010-01 -> MATCH | RSXFS: headline stated start 2010-01 = observed 2010-01 -> MATCH | RSAFSNA: headline stated start 2013-01 = observed 2013-01 -> MATCH,annual_benchmark,sample_redesign,strong,Census annual revision document for this year; stated revision start matches observed,,,,,,
FDC-MARTS-20200515,MARTS,2020-05-15,RSAFS;RSAFSNA;RSXFS,3,FD-RSAFS-20200515;FD-RSAFSNA-20200515;FD-RSXFS-20200515,R30_CENSUS_ANNUAL,2013-01-01,88.0,False,"SRC-13AB5D9036: U.S. Census Bureau, ""Annual Revision of Monthly Retail and Food Services: Introduction / Explanation of Revisions (2020)"" (date n/a) https://www.census.gov/retail/mrts/www/benchmark/2020/pdf/Introduction.pdf",p. 1,"EXPLANATION OF REVISIONS Not adjusted estimates of monthly sales are revised for January 2016 through February or March 20201 (if an advance sales estimate is computed), as well as end-of-month inventory estimates for January 2011 through February 2020. Not adjusted estimates of quarterly retail e-commerce sales are revised for first quarter 2011 through fourth quarter 2019. Revisions to not adjusted estimates were made in two parts: First, revisions were made to prior Monthly Retail Trade and Food Services (MRTS) estimates to reflect historical corrections. Then, revisions were made when benchmarking the Monthly Retail Trade and Food Services estimates to the 2018 Annual Retail Trade Survey (ARTS) and Service Annual Survey (SAS) estimates. Revisions to seasonally adjusted estimates were made based on the revised not adjusted estimates and revised seasonal adjustment factors. Adjuste",,RSAFS: headline stated start 2013-01 = observed 2013-01 -> MATCH | RSXFS: headline stated start 2013-01 = observed 2013-01 -> MATCH | RSAFSNA: headline stated start 2016-01 = observed 2016-01 -> MATCH,annual_benchmark,,strong,Census annual revision document for this year; stated revision start matches observed,,,,,,
FDC-MARTS-20210426,MARTS,2021-04-26,RSAFS;RSAFSNA;RSXFS,3,FD-RSAFS-20210426;FD-RSAFSNA-20210426;FD-RSXFS-20210426,R30_CENSUS_ANNUAL,2010-01-01,135.0,False,"SRC-83D9B75ED9: U.S. Census Bureau, ""Annual Revision of Monthly Retail and Food Services: Introduction / Explanation of Revisions (2021)"" (date n/a) https://www.census.gov/retail/mrts/www/benchmark/2021/pdf/Introduction.pdf",p. 1,"EXPLANATION OF REVISIONS Not adjusted estimates of monthly sales are revised for January 2013 through February or March 20211 (if an advance sales estimate is computed), as well as end-of-month inventory estimates for January 2011 through February 2021. Not adjusted estimates of quarterly retail e-commerce sales are revised for first quarter 2011 through fourth quarter 2020. Revisions to not adjusted estimates were made in two parts: First, revisions were made to prior Monthly Retail Trade and Food Services (MRTS) estimates to reflect historical corrections. Then, revisions were made when benchmarking the Monthly Retail Trade and Food Services estimates to the 2019 Annual Retail Trade Survey (ARTS) and Service Annual Survey (SAS) estimates. Revisions to seasonally adjusted estimates were made based on the revised not adjusted estimates and revised seasonal adjustment factors. Adjuste",,RSAFS: headline stated start 2010-01 = observed 2010-01 -> MATCH | RSXFS: headline stated start 2010-01 = observed 2010-01 -> MATCH | RSAFSNA: headline stated start 2013-01 = observed 2013-01 -> MATCH,annual_benchmark,,strong,Census annual revision document for this year; stated revision start matches observed,,,,,,
FDC-MARTS-20220425,MARTS,2022-04-25,RSAFS;RSAFSNA;RSXFS,3,FD-RSAFS-20220425;FD-RSAFSNA-20220425;FD-RSXFS-20220425,R30_CENSUS_ANNUAL,2010-01-01,147.0,False,"SRC-8EA726209E: U.S. Census Bureau, ""Annual Revision of Monthly Retail and Food Services: Introduction / Explanation of Revisions (2022)"" (date n/a) https://www.census.gov/retail/mrts/www/benchmark/2022/pdf/Introduction.pdf",p. 1,"EXPLANATION OF REVISIONS Not adjusted estimates of monthly sales are revised for January 2013 through February or March 20221 (if an advance sales estimate is computed), as well as end-of-month inventory estimates for January 2011 through February 2022. Not adjusted estimates of quarterly retail e-commerce sales are revised for first quarter 2011 through fourth quarter 2021. Revisions to not adjusted estimates were made in two parts: First, revisions were made to prior Monthly Retail Trade and Food Services (MRTS) estimates to reflect historical corrections. Then, revisions were made when benchmarking the Monthly Retail Trade and Food Services estimates to the 2020 Annual Retail Trade Survey (ARTS) and Service Annual Survey (SAS) estimates. Revisions to seasonally adjusted estimates were made based on the revised not adjusted estimates and revised seasonal adjustment factors. Adjuste",,RSAFS: headline stated start 2010-01 = observed 2010-01 -> MATCH | RSXFS: headline stated start 2010-01 = observed 2010-01 -> MATCH | RSAFSNA: headline stated start 2013-01 = observed 2013-01 -> MATCH,annual_benchmark,,strong,Census annual revision document for this year; stated revision start matches observed,,,,,,
FDC-MARTS-20230424,MARTS,2023-04-24,RSAFS;RSAFSNA;RSXFS,3,FD-RSAFS-20230424;FD-RSAFSNA-20230424;FD-RSXFS-20230424,R30_CENSUS_ANNUAL,2010-01-01,159.0,False,"SRC-E1E6BAEBAE: U.S. Census Bureau, ""Annual Revision of Monthly Retail and Food Services: Introduction / Explanation of Revisions (2023)"" (date n/a) https://www.census.gov/retail/mrts/www/benchmark/2023/pdf/Introduction.pdf",p. 1,"EXPLANATION OF REVISIONS Not adjusted estimates of monthly sales are revised for January 2013 through February or March 20231 (if an advance sales estimate is computed), as well as end-of-month inventory estimates for January 2011 through February 2023. Not adjusted estimates of quarterly retail e-commerce sales are revised for first quarter 2011 through fourth quarter 2022. Revisions to not adjusted estimates were made in two parts: First, revisions were made to prior Monthly Retail Trade and Food Services (MRTS) estimates to reflect historical corrections. Then, revisions were made when benchmarking the Monthly Retail Trade and Food Services estimates to the 2021 Annual Retail Trade Survey (ARTS) and Service Annual Survey (SAS) estimates. Revisions to seasonally adjusted estimates were made based on the revised not adjusted estimates and revised seasonal adjustment factors. Adjuste",,RSAFS: headline stated start 2010-01 = observed 2010-01 -> MATCH | RSXFS: headline stated start 2010-01 = observed 2010-01 -> MATCH | RSAFSNA: headline stated start 2013-01 = observed 2013-01 -> MATCH,annual_benchmark,,strong,Census annual revision document for this year; stated revision start matches observed,,,,,,
FDC-MARTS-20240423,MARTS,2024-04-23,RSAFS;RSAFSNA;RSXFS,3,FD-RSAFS-20240423;FD-RSAFSNA-20240423;FD-RSXFS-20240423,R30_CENSUS_ANNUAL,2010-01-01,171.0,False,"SRC-3F7193C260: U.S. Census Bureau, ""Annual Revision of Monthly Retail and Food Services: Introduction / Explanation of Revisions (2024)"" (date n/a) https://www.census.gov/retail/mrts/www/benchmark/2024/pdf/Introduction.pdf",p. 1,"EXPLANATION OF REVISIONS Not adjusted estimates of monthly sales are revised for January 2013 through February or March 20241 (if an advance sales estimate is computed), as well as end-of-month inventory estimates for January 2011 through February 2024. Not adjusted estimates of quarterly retail e-commerce sales are revised for first quarter 2011 through fourth quarter 2023. Coefficients of variation (CVs) of totals and standard errors (SEs) of ratios for monthly retail sales and monthly retail end-of-month inventories were revised for March 2018 through February 2024. CVs of totals and SEs of ratios for quarterly e-commerce sales were revised for first quarter 2018 through fourth quarter 2023. Revisions to not adjusted estimates were made in two parts: First, revisions were made to prior Monthly Retail Trade and Food Services (MRTS) estimates to reflect historical corrections. Then,",,RSAFS: headline stated start 2010-01 = observed 2010-01 -> MATCH | RSXFS: headline stated start 2010-01 = observed 2010-01 -> MATCH | RSAFSNA: headline stated start 2013-01 = observed 2013-01 -> MATCH,annual_benchmark,,strong,Census annual revision document for this year; stated revision start matches observed,,,,,,
FDC-MARTS-20250425,MARTS,2025-04-25,RSAFS;RSAFSNA;RSXFS,3,FD-RSAFS-20250425;FD-RSAFSNA-20250425;FD-RSXFS-20250425,R30_CENSUS_ANNUAL,1992-01-01,399.0,True,"SRC-F8EBAD4E1C: U.S. Census Bureau, ""Annual Revision of Monthly Retail and Food Services: Introduction / Explanation of Revisions (2025)"" (date n/a) https://www.census.gov/retail/mrts/www/benchmark/2025/pdf/Introduction.pdf",p. 1,"EXPLANATION OF REVISIONS The annual revisions for the Monthly Retail Trade and Food Services Survey (MRTS) include historical corrections, benchmarking to the latest annual surveys, and updates to seasonal adjustment models. The MRTS is also restating estimates from the 2012 to the 2017 North American Industry Classification System (NAICS) basis. In addition, the MRTS is restating estimates to an employer-only basis to be aligned with the Annual Integrated Economic Survey (AIES). Not adjusted and adjusted estimates of monthly sales are revised for January 1992 through February or March 20251 (if an advance sales estimate is computed), as well as end-of-month inventory estimates for January 1992 through February 2025. Not adjusted and adjusted estimates of quarterly e-commerce sales are revised for fourth quarter 1999 through fourth quarter 2024. Coefficients of variation (CVs) of total",,RSAFS: headline stated start 1992-01 = observed 1992-01 -> MATCH | RSXFS: headline stated start 1992-01 = observed 1992-01 -> MATCH | RSAFSNA: headline stated start 1992-01 = observed 1992-01 -> MATCH,annual_benchmark,rebase_or_definition,strong,Census annual revision document for this year; stated revision start matches observed,,,,,,
FDC-MARTS-20260928,MARTS,2026-09-28,RSAFS;RSAFSNA;RSXFS,3,FD-RSAFS-20260928;FD-RSAFSNA-20260928;FD-RSXFS-20260928,R90_UNCLASSIFIED,2015-01-01,140.0,False,"SRC-CEA2D91CFE: U.S. Census Bureau, ""Annual Revision of Monthly Retail and Food Services: Introduction / Explanation of Revisions (2026)"" (date n/a) https://www.census.gov/retail/mrts/www/benchmark/2026/pdf/Introduction.pdf",p. 1,"EXPLANATION OF REVISIONS The annual revisions for the Monthly Retail Trade and Food Services Survey (MRTS) include historical corrections, benchmarking to the 2024 Annual Integrated Economic Survey (AIES), and updates to seasonal adjustment models. Not adjusted estimates of monthly sales were revised for January 2018 through July or August 20261 (if an advance sales estimate is computed), as well as end- of-month inventory estimates for January 2018 through July 2026. Not adjusted estimates of quarterly e-commerce sales were revised for first quarter 2018 through second quarter 2026. Coefficients of variation (CVs) of totals and standard errors (SEs) of ratios for monthly sales and monthly end-of-month inventories were revised for March 2018 through July 2026. CVs of totals and SEs of ratios for quarterly e-commerce sales were revised for first quarter 2018 through second quarter 2026",,RSAFS: headline stated start 2015-01 = observed 2015-01 -> MATCH | RSXFS: headline stated start 2015-01 = observed 2015-01 -> MATCH | RSAFSNA: headline stated start 2018-01 = observed 2018-01 -> MATCH,annual_benchmark,,strong,Census annual revision document for this year; stated revision start matches observed,,,,,,
FDC-MRTS-20180314,MRTS,2018-03-14,MRTSSM44X72USS,1,FD-MRTSSM44X72USS-20180314,R30_CENSUS_ANNUAL,2016-04-01,23.0,False,"SRC-117A62329A: U.S. Census Bureau, ""Annual Revision of Monthly Retail and Food Services: Introduction / Explanation of Revisions (2018)"" (date n/a) https://www.census.gov/retail/mrts/www/benchmark/2018/pdf/Introduction.pdf",p. 1,"EXPLANATION OF REVISIONS Not adjusted estimates of monthly sales are revised for January 2008 through March or April 20181 (if an advance sales estimate is computed), as well as end- of-month inventory estimates for January 2005 through March 2018. Not adjusted sales and end-of month inventories for NAICS 443 (Electronics and Appliance Stores) and NAICS 451 (Sporting Goods, Hobby, Musical Instrument, and Book Stores) are revised back to January 1992. Not adjusted estimates of quarterly retail e-commerce sales are revised for fourth quarter 1999 through first quarter 2018. Revisions to not adjusted estimates were made in three parts: First, revisions were made to restate estimates into terms of 2012 NAICS definitions. Then, revisions were made to prior Monthly Retail Trade (MRTS) estimates to reflect historical corrections. Finally, revisions were made when benchmarking the Monthly Ret",,MRTSSM44X72USS: headline stated start 2005-01 vs observed 2016-04 -> DIFFERENT || manual: the 2018 annual revision is the separate release FDC-MRTS-20180525; its document does not explain this March vintage,unknown,,none,manual: the 2018 annual revision is the separate release FDC-MRTS-20180525; its document does not explain this March vintage,,,,,,
FDC-MRTS-20180525,MRTS,2018-05-25,MRTSSM44X72USS,1,FD-MRTSSM44X72USS-20180525,R30_CENSUS_ANNUAL,1992-01-01,316.0,True,"SRC-117A62329A: U.S. Census Bureau, ""Annual Revision of Monthly Retail and Food Services: Introduction / Explanation of Revisions (2018)"" (date n/a) https://www.census.gov/retail/mrts/www/benchmark/2018/pdf/Introduction.pdf",p. 1,"EXPLANATION OF REVISIONS Not adjusted estimates of monthly sales are revised for January 2008 through March or April 20181 (if an advance sales estimate is computed), as well as end- of-month inventory estimates for January 2005 through March 2018. Not adjusted sales and end-of month inventories for NAICS 443 (Electronics and Appliance Stores) and NAICS 451 (Sporting Goods, Hobby, Musical Instrument, and Book Stores) are revised back to January 1992. Not adjusted estimates of quarterly retail e-commerce sales are revised for fourth quarter 1999 through first quarter 2018. Revisions to not adjusted estimates were made in three parts: First, revisions were made to restate estimates into terms of 2012 NAICS definitions. Then, revisions were made to prior Monthly Retail Trade (MRTS) estimates to reflect historical corrections. Finally, revisions were made when benchmarking the Monthly Ret",,MRTSSM44X72USS: observed start 1992-01 appears in the document's revision statements -> MATCH,annual_benchmark,sample_redesign,strong,Census annual revision document for this year; stated revision start matches observed,,,,,,
FDC-MRTS-20180914,MRTS,2018-09-14,MRTSSM44X72USS,1,FD-MRTSSM44X72USS-20180914,R90_UNCLASSIFIED,2017-04-01,17.0,False,"SRC-117A62329A: U.S. Census Bureau, ""Annual Revision of Monthly Retail and Food Services: Introduction / Explanation of Revisions (2018)"" (date n/a) https://www.census.gov/retail/mrts/www/benchmark/2018/pdf/Introduction.pdf",p. 1,"EXPLANATION OF REVISIONS Not adjusted estimates of monthly sales are revised for January 2008 through March or April 20181 (if an advance sales estimate is computed), as well as end- of-month inventory estimates for January 2005 through March 2018. Not adjusted sales and end-of month inventories for NAICS 443 (Electronics and Appliance Stores) and NAICS 451 (Sporting Goods, Hobby, Musical Instrument, and Book Stores) are revised back to January 1992. Not adjusted estimates of quarterly retail e-commerce sales are revised for fourth quarter 1999 through first quarter 2018. Revisions to not adjusted estimates were made in three parts: First, revisions were made to restate estimates into terms of 2012 NAICS definitions. Then, revisions were made to prior Monthly Retail Trade (MRTS) estimates to reflect historical corrections. Finally, revisions were made when benchmarking the Monthly Ret",,MRTSSM44X72USS: headline stated start 2005-01 vs observed 2017-04 -> DIFFERENT,advance_to_revised,,moderate,depth slightly beyond the routine window; consistent with concurrent seasonal adjustment (program-level source R20/R22); no release-specific notice,,,,,,
FDC-MRTS-20181115,MRTS,2018-11-15,MRTSSM44X72USS,1,FD-MRTSSM44X72USS-20181115,R90_UNCLASSIFIED,2017-06-01,17.0,False,"SRC-117A62329A: U.S. Census Bureau, ""Annual Revision of Monthly Retail and Food Services: Introduction / Explanation of Revisions (2018)"" (date n/a) https://www.census.gov/retail/mrts/www/benchmark/2018/pdf/Introduction.pdf",p. 1,"EXPLANATION OF REVISIONS Not adjusted estimates of monthly sales are revised for January 2008 through March or April 20181 (if an advance sales estimate is computed), as well as end- of-month inventory estimates for January 2005 through March 2018. Not adjusted sales and end-of month inventories for NAICS 443 (Electronics and Appliance Stores) and NAICS 451 (Sporting Goods, Hobby, Musical Instrument, and Book Stores) are revised back to January 1992. Not adjusted estimates of quarterly retail e-commerce sales are revised for fourth quarter 1999 through first quarter 2018. Revisions to not adjusted estimates were made in three parts: First, revisions were made to restate estimates into terms of 2012 NAICS definitions. Then, revisions were made to prior Monthly Retail Trade (MRTS) estimates to reflect historical corrections. Finally, revisions were made when benchmarking the Monthly Ret",,MRTSSM44X72USS: headline stated start 2005-01 vs observed 2017-06 -> DIFFERENT,advance_to_revised,,moderate,depth slightly beyond the routine window; consistent with concurrent seasonal adjustment (program-level source R20/R22); no release-specific notice,,,,,,
FDC-MRTS-20190716,MRTS,2019-07-16,MRTSSM44X72USS,1,FD-MRTSSM44X72USS-20190716,R30_CENSUS_ANNUAL,2010-01-01,114.0,False,"SRC-CD28404C67: U.S. Census Bureau, ""Annual Revision of Monthly Retail and Food Services: Introduction / Explanation of Revisions (2019)"" (date n/a) https://www.census.gov/retail/mrts/www/benchmark/2019/pdf/Introduction.pdf",p. 1,"EXPLANATION OF REVISIONS Not adjusted estimates of monthly sales are revised for January 2013 through April or May 20191 (if an advance sales estimate is computed), as well as end-of- month inventory estimates for January 2011 through April 2019. Not adjusted estimates of quarterly retail e-commerce sales are revised for first quarter 2011 through first quarter 2019. Revisions to not adjusted estimates were made in two parts: First, revisions were made to prior Monthly Retail Trade (MRTS) estimates to reflect historical corrections. For most NAICS industries, these revisions were made to the current sample back to January 2018. For select detail NAICS codes, corrections were made to prior sample estimates to reflect data received after last year’s revision report, with the earliest year affected being 2013. Finally, revisions were made when benchmarking the Monthly Retail Trade estima",,MRTSSM44X72USS: headline stated start 2010-01 = observed 2010-01 -> MATCH,annual_benchmark,sample_redesign,strong,Census annual revision document for this year; stated revision start matches observed,,,,,,
FDC-MRTS-20200515,MRTS,2020-05-15,MRTSSM44X72USS,1,FD-MRTSSM44X72USS-20200515,R30_CENSUS_ANNUAL,2013-01-01,88.0,False,"SRC-13AB5D9036: U.S. Census Bureau, ""Annual Revision of Monthly Retail and Food Services: Introduction / Explanation of Revisions (2020)"" (date n/a) https://www.census.gov/retail/mrts/www/benchmark/2020/pdf/Introduction.pdf",p. 1,"EXPLANATION OF REVISIONS Not adjusted estimates of monthly sales are revised for January 2016 through February or March 20201 (if an advance sales estimate is computed), as well as end-of-month inventory estimates for January 2011 through February 2020. Not adjusted estimates of quarterly retail e-commerce sales are revised for first quarter 2011 through fourth quarter 2019. Revisions to not adjusted estimates were made in two parts: First, revisions were made to prior Monthly Retail Trade and Food Services (MRTS) estimates to reflect historical corrections. Then, revisions were made when benchmarking the Monthly Retail Trade and Food Services estimates to the 2018 Annual Retail Trade Survey (ARTS) and Service Annual Survey (SAS) estimates. Revisions to seasonally adjusted estimates were made based on the revised not adjusted estimates and revised seasonal adjustment factors. Adjuste",,MRTSSM44X72USS: headline stated start 2013-01 = observed 2013-01 -> MATCH,annual_benchmark,,strong,Census annual revision document for this year; stated revision start matches observed,,,,,,
FDC-MRTS-20200814,MRTS,2020-08-14,MRTSSM44X72USS,1,FD-MRTSSM44X72USS-20200814,R90_UNCLASSIFIED,2019-04-01,16.0,False,"SRC-13AB5D9036: U.S. Census Bureau, ""Annual Revision of Monthly Retail and Food Services: Introduction / Explanation of Revisions (2020)"" (date n/a) https://www.census.gov/retail/mrts/www/benchmark/2020/pdf/Introduction.pdf",p. 1,"EXPLANATION OF REVISIONS Not adjusted estimates of monthly sales are revised for January 2016 through February or March 20201 (if an advance sales estimate is computed), as well as end-of-month inventory estimates for January 2011 through February 2020. Not adjusted estimates of quarterly retail e-commerce sales are revised for first quarter 2011 through fourth quarter 2019. Revisions to not adjusted estimates were made in two parts: First, revisions were made to prior Monthly Retail Trade and Food Services (MRTS) estimates to reflect historical corrections. Then, revisions were made when benchmarking the Monthly Retail Trade and Food Services estimates to the 2018 Annual Retail Trade Survey (ARTS) and Service Annual Survey (SAS) estimates. Revisions to seasonally adjusted estimates were made based on the revised not adjusted estimates and revised seasonal adjustment factors. Adjuste",,MRTSSM44X72USS: headline stated start 2013-01 vs observed 2019-04 -> DIFFERENT,advance_to_revised,,moderate,depth slightly beyond the routine window; consistent with concurrent seasonal adjustment (program-level source R20/R22); no release-specific notice,,,,,,
FDC-MRTS-20210426,MRTS,2021-04-26,MRTSSM44X72USS,1,FD-MRTSSM44X72USS-20210426,R30_CENSUS_ANNUAL,2010-01-01,135.0,False,"SRC-83D9B75ED9: U.S. Census Bureau, ""Annual Revision of Monthly Retail and Food Services: Introduction / Explanation of Revisions (2021)"" (date n/a) https://www.census.gov/retail/mrts/www/benchmark/2021/pdf/Introduction.pdf",p. 1,"EXPLANATION OF REVISIONS Not adjusted estimates of monthly sales are revised for January 2013 through February or March 20211 (if an advance sales estimate is computed), as well as end-of-month inventory estimates for January 2011 through February 2021. Not adjusted estimates of quarterly retail e-commerce sales are revised for first quarter 2011 through fourth quarter 2020. Revisions to not adjusted estimates were made in two parts: First, revisions were made to prior Monthly Retail Trade and Food Services (MRTS) estimates to reflect historical corrections. Then, revisions were made when benchmarking the Monthly Retail Trade and Food Services estimates to the 2019 Annual Retail Trade Survey (ARTS) and Service Annual Survey (SAS) estimates. Revisions to seasonally adjusted estimates were made based on the revised not adjusted estimates and revised seasonal adjustment factors. Adjuste",,MRTSSM44X72USS: headline stated start 2010-01 = observed 2010-01 -> MATCH,annual_benchmark,,strong,Census annual revision document for this year; stated revision start matches observed,,,,,,
FDC-MRTS-20220425,MRTS,2022-04-25,MRTSSM44X72USS,1,FD-MRTSSM44X72USS-20220425,R30_CENSUS_ANNUAL,2010-01-01,147.0,False,"SRC-8EA726209E: U.S. Census Bureau, ""Annual Revision of Monthly Retail and Food Services: Introduction / Explanation of Revisions (2022)"" (date n/a) https://www.census.gov/retail/mrts/www/benchmark/2022/pdf/Introduction.pdf",p. 1,"EXPLANATION OF REVISIONS Not adjusted estimates of monthly sales are revised for January 2013 through February or March 20221 (if an advance sales estimate is computed), as well as end-of-month inventory estimates for January 2011 through February 2022. Not adjusted estimates of quarterly retail e-commerce sales are revised for first quarter 2011 through fourth quarter 2021. Revisions to not adjusted estimates were made in two parts: First, revisions were made to prior Monthly Retail Trade and Food Services (MRTS) estimates to reflect historical corrections. Then, revisions were made when benchmarking the Monthly Retail Trade and Food Services estimates to the 2020 Annual Retail Trade Survey (ARTS) and Service Annual Survey (SAS) estimates. Revisions to seasonally adjusted estimates were made based on the revised not adjusted estimates and revised seasonal adjustment factors. Adjuste",,MRTSSM44X72USS: headline stated start 2010-01 = observed 2010-01 -> MATCH,annual_benchmark,,strong,Census annual revision document for this year; stated revision start matches observed,,,,,,
FDC-MRTS-20230424,MRTS,2023-04-24,MRTSSM44X72USS,1,FD-MRTSSM44X72USS-20230424,R30_CENSUS_ANNUAL,2010-01-01,159.0,False,"SRC-E1E6BAEBAE: U.S. Census Bureau, ""Annual Revision of Monthly Retail and Food Services: Introduction / Explanation of Revisions (2023)"" (date n/a) https://www.census.gov/retail/mrts/www/benchmark/2023/pdf/Introduction.pdf",p. 1,"EXPLANATION OF REVISIONS Not adjusted estimates of monthly sales are revised for January 2013 through February or March 20231 (if an advance sales estimate is computed), as well as end-of-month inventory estimates for January 2011 through February 2023. Not adjusted estimates of quarterly retail e-commerce sales are revised for first quarter 2011 through fourth quarter 2022. Revisions to not adjusted estimates were made in two parts: First, revisions were made to prior Monthly Retail Trade and Food Services (MRTS) estimates to reflect historical corrections. Then, revisions were made when benchmarking the Monthly Retail Trade and Food Services estimates to the 2021 Annual Retail Trade Survey (ARTS) and Service Annual Survey (SAS) estimates. Revisions to seasonally adjusted estimates were made based on the revised not adjusted estimates and revised seasonal adjustment factors. Adjuste",,MRTSSM44X72USS: headline stated start 2010-01 = observed 2010-01 -> MATCH,annual_benchmark,,strong,Census annual revision document for this year; stated revision start matches observed,,,,,,
FDC-MRTS-20240423,MRTS,2024-04-23,MRTSSM44X72USS,1,FD-MRTSSM44X72USS-20240423,R30_CENSUS_ANNUAL,2010-01-01,171.0,False,"SRC-3F7193C260: U.S. Census Bureau, ""Annual Revision of Monthly Retail and Food Services: Introduction / Explanation of Revisions (2024)"" (date n/a) https://www.census.gov/retail/mrts/www/benchmark/2024/pdf/Introduction.pdf",p. 1,"EXPLANATION OF REVISIONS Not adjusted estimates of monthly sales are revised for January 2013 through February or March 20241 (if an advance sales estimate is computed), as well as end-of-month inventory estimates for January 2011 through February 2024. Not adjusted estimates of quarterly retail e-commerce sales are revised for first quarter 2011 through fourth quarter 2023. Coefficients of variation (CVs) of totals and standard errors (SEs) of ratios for monthly retail sales and monthly retail end-of-month inventories were revised for March 2018 through February 2024. CVs of totals and SEs of ratios for quarterly e-commerce sales were revised for first quarter 2018 through fourth quarter 2023. Revisions to not adjusted estimates were made in two parts: First, revisions were made to prior Monthly Retail Trade and Food Services (MRTS) estimates to reflect historical corrections. Then,",,MRTSSM44X72USS: headline stated start 2010-01 = observed 2010-01 -> MATCH,annual_benchmark,,strong,Census annual revision document for this year; stated revision start matches observed,,,,,,
FDC-MRTS-20250425,MRTS,2025-04-25,MRTSSM44X72USS,1,FD-MRTSSM44X72USS-20250425,R30_CENSUS_ANNUAL,1992-01-01,399.0,True,"SRC-F8EBAD4E1C: U.S. Census Bureau, ""Annual Revision of Monthly Retail and Food Services: Introduction / Explanation of Revisions (2025)"" (date n/a) https://www.census.gov/retail/mrts/www/benchmark/2025/pdf/Introduction.pdf",p. 1,"EXPLANATION OF REVISIONS The annual revisions for the Monthly Retail Trade and Food Services Survey (MRTS) include historical corrections, benchmarking to the latest annual surveys, and updates to seasonal adjustment models. The MRTS is also restating estimates from the 2012 to the 2017 North American Industry Classification System (NAICS) basis. In addition, the MRTS is restating estimates to an employer-only basis to be aligned with the Annual Integrated Economic Survey (AIES). Not adjusted and adjusted estimates of monthly sales are revised for January 1992 through February or March 20251 (if an advance sales estimate is computed), as well as end-of-month inventory estimates for January 1992 through February 2025. Not adjusted and adjusted estimates of quarterly e-commerce sales are revised for fourth quarter 1999 through fourth quarter 2024. Coefficients of variation (CVs) of total",,MRTSSM44X72USS: headline stated start 1992-01 = observed 1992-01 -> MATCH,annual_benchmark,rebase_or_definition,strong,Census annual revision document for this year; stated revision start matches observed,,,,,,
FDC-MTIS-19970514,MTIS,1997-05-14,BUSINV;ISRATIO,2,FD-BUSINV-19970514;FD-ISRATIO-19970514,R30_CENSUS_ANNUAL,1993-01-01,52.0,False,"SRC-EB88F35AE7: U.S. Census Bureau, ""Manufacturing and Trade Inventories and Sales, March 1997"" (1997-05-14) https://www2.census.gov/mtis/historical/mtis9703.txt","release dated 1997-05-14, notice section","EDT, Wednesday, May 14, 1997 MANUFACTURING AND TRADE INVENTORIES AND SALES -- MARCH 1997 **************************************************************************** NOTICE OF REVISED ESTIMATES: The unadjusted and adjusted monthly retail and wholesale sales and inventories estimates were revised based on the results of the 1995 Annual Retail Trade Survey and the 1995 Annual Trade Survey, respectively.",,release date matches ALFRED vintage || label owner (2026-10-03): direct MTIS notice naming the annual surveys,annual_benchmark,,strong,label owner (2026-10-03): direct MTIS notice naming the annual surveys,,,,,,
FDC-MTIS-19970716,MTIS,1997-07-16,BUSINV;ISRATIO,2,FD-BUSINV-19970716;FD-ISRATIO-19970716,R30_CENSUS_ANNUAL,1987-01-01,126.0,False,"SRC-C0ED953039: U.S. Census Bureau, ""Manufacturing and Trade Inventories and Sales, May 1997"" (1997-07-16) https://www2.census.gov/mtis/historical/mtis9705.txt","release dated 1997-07-16, notice section","EDT, Wednesday, July 16, 1997 MANUFACTURING AND TRADE INVENTORIES AND SALES -- MAY 1997 *********************************************************************** NOTICE: The estimates in this report reflect the introduction of a new retail sales and retail inventory sample based on a new sample design. The estimates in this report also reflect revisions to manufacturing data from January 1987 through April 1997.",,release date matches ALFRED vintage || label owner (2026-10-03): direct MTIS notice of a new retail sample design,sample_redesign,,strong,label owner (2026-10-03): direct MTIS notice of a new retail sample design,,,,,,
FDC-MTIS-19980514,MTIS,1998-05-14,BUSINV;ISRATIO,2,FD-BUSINV-19980514;FD-ISRATIO-19980514,R30_CENSUS_ANNUAL,1990-01-01,100.0,False,"SRC-326EA1F8C8: U.S. Census Bureau, ""Manufacturing and Trade Inventories and Sales, March 1998"" (1998-05-14) https://www2.census.gov/mtis/historical/mtis9803.txt","release dated 1998-05-14, notice section",,,release date matches ALFRED vintage | no revision notice in the release text || manual: release located (1998-05-14); its text carries no revision notice,unknown,,none,manual: release located (1998-05-14); its text carries no revision notice,,,,,,
FDC-MTIS-19980814,MTIS,1998-08-14,BUSINV;ISRATIO,2,FD-BUSINV-19980814;FD-ISRATIO-19980814,R90_UNCLASSIFIED,1992-01-01,79.0,False,"SRC-4834731CAD: U.S. Census Bureau, ""Manufacturing and Trade Inventories and Sales, June 1998"" (1998-08-14) https://www2.census.gov/mtis/historical/mtis9806.txt","release dated 1998-08-14, notice section","EDT, Friday, August 14, 98 CB-98-147 MANUFACTURING AND TRADE INVENTORIES AND SALES June 98 ******************************************************************************************************************* Notice: The estimates shown in this report reflect revisions to the unadjusted and adjusted monthly estimates to manufacturing shipments and inventories. Revisions to the adjusted sales and inventory estimates begin with January 1992. Revisions to the unadjusted sales estimates begin with January 1993 and revisions to the unadjusted inventory estimates begin with January 1995.",,release date matches ALFRED vintage | BUSINV: stated adjusted-data revisions begin 1992-01 vs observed 1992-01 -> MATCH | ISRATIO: stated adjusted-data revisions begin 1992-01 vs observed 1994-12 -> DIFFERENT || label owner (2026-10-03): revision type not established,unknown,,none,label owner (2026-10-03): revision type not established,,,,,,
FDC-MTIS-19990813,MTIS,1999-08-13,BUSINV;ISRATIO,2,FD-BUSINV-19990813;FD-ISRATIO-19990813,R90_UNCLASSIFIED,1990-01-01,115.0,False,"SRC-952DF833B4: U.S. Census Bureau, ""Manufacturing and Trade Inventories and Sales, June 1999"" (1999-08-13) https://www2.census.gov/mtis/historical/mtis9906.txt","release header, notice paragraph","Notice of Revised Estimates.  The adjusted and unadjusted monthly retail and wholesale estimates for sales and inventories were revised base results from the 1997 Census of Retail Trade data and the 1997 Census of Wholesale Trade data, respectively. Manufacturing estimates were no",,notice states retail and wholesale estimates were revised using 1997 Census of Retail Trade and 1997 Census of Wholesale Trade results; no revision start month stated (no numeric check); source lines truncated at 140 characters in the server file,annual_benchmark,,moderate,manual reading of the release notice (keyword screen missed it),,,,,,
FDC-MTIS-20000512,MTIS,2000-05-12,BUSINV;ISRATIO,2,FD-BUSINV-20000512;FD-ISRATIO-20000512,R30_CENSUS_ANNUAL,1990-01-01,124.0,False,,,,,"manual: the archive copy for this release (mtis0003.txt) holds the data tables only, no text",unknown,,none,"manual: the archive copy for this release (mtis0003.txt) holds the data tables only, no text",,,,,,
FDC-MTIS-20000614,MTIS,2000-06-14,BUSINV;ISRATIO,2,FD-BUSINV-20000614;FD-ISRATIO-20000614,R30_CENSUS_ANNUAL,1995-01-01,65.0,False,,,,,"manual: the archive copy for this release (mtis0004.txt) holds the data tables only, no text",unknown,,none,"manual: the archive copy for this release (mtis0004.txt) holds the data tables only, no text",,,,,,
FDC-MTIS-20010614,MTIS,2001-06-14,BUSINV;ISRATIO,2,FD-BUSINV-20010614;FD-ISRATIO-20010614,R30_CENSUS_ANNUAL,1992-01-01,113.0,True,"SRC-32254B6205: U.S. Census Bureau, ""Manufacturing and Trade Inventories and Sales, April 2001"" (2001-06-14) https://www2.census.gov/mtis/historical/mtis0104.pdf","release header, notice paragraph","SPECIAL NOTICE: This release and all subsequent releases use the North American Industry Classification System (NAICS) in place of the Standard Industrial Classification (SIC) system. Previously, on May 25 for manufacturing and June 1 for retail and wholesale, the unadjusted and adjusted data series from January 1992 through March 2001 were released on a NAICS basis and can be found on the Census Bureau website at:",,"notice states this and all subsequent releases use NAICS in place of SIC and that data series from January 1992 were released on a NAICS basis; observed earliest revised month 1992-01 (BUSINV, ISRATIO) -> MATCH",rebase_or_definition,,strong,manual reading of the release notice (keyword screen missed it),,,,,,
FDC-MTIS-20020515,MTIS,2002-05-15,BUSINV;ISRATIO,2,FD-BUSINV-20020515;FD-ISRATIO-20020515,R30_CENSUS_ANNUAL,1992-01-01,124.0,True,"SRC-984B2C3A26: U.S. Census Bureau, ""Manufacturing and Trade Inventories and Sales, March 2002"" (2002-05-15) https://www2.census.gov/mtis/historical/mtis0203.pdf","release dated 2002-05-15, notice section","EDT, Wednesday, May 15, 2002 CB02-64 MANUFACTURING AND TRADE INVENTORIES AND SALES March 2002 NOTICE OF REVISION: Retail and Wholesale adjusted and unadjusted monthly estimates have been revised based on the Annual Retail and Wholesale Trade Surveys for 2000. Revised historical data can be found on the Internet at: http://www.census.gov/mtis/www/mtis.html SPECIAL NOTICE: Manufacturing estimates exclude the semiconductor industry and therefore are also excluded from the total business aggregate. The Census Bureau of the Department of Commerce announced today that the combined value of distributive trade sales and manufacturers’ (excluding semiconductors) shipments for March, adjusted for seasonal and trading- day differences but not for price changes, were estimated at $810.6 billion, up 0.3 percent (±0.2%) from February but were down 1.9 percent (±0.2%) from March 2001. Manufacturers’ (excluding semiconductors) and trade inventories, adjusted for seasonal variations but not for price changes, were estimated at an end-of-month level of $1,117.4 billion, down 0.3 percent (±0.1%) from February and were down 5.9 percent (±0.3%) from March 2001. Estimated Monthly Retail Sales, Inventories, and Inventories/Sales Ratios, By Kind of Business (In millions of dollars) 1 Sales Inventories PercentChange Inventories/Sales NAICS Kind of Business In Inventories Ratios Code Mar. 3 Total business and manufacturers estimates exclude semiconductor manufacturers. The number of semiconductor manufacturers choosing not to participate in the voluntary manufacturing monthly survey has risen to a level such that the Census Bureau can no longer produce monthly estimates of semiconductor data.",,release date matches ALFRED vintage || label owner (2026-10-03): direct MTIS notice naming the annual surveys,annual_benchmark,,strong,label owner (2026-10-03): direct MTIS notice naming the annual surveys,,,,,,
FDC-MTIS-20020715,MTIS,2002-07-15,BUSINV;ISRATIO,2,FD-BUSINV-20020715;FD-ISRATIO-20020715,R30_CENSUS_ANNUAL,1992-01-01,126.0,True,"SRC-E9C6425D55: U.S. Census Bureau, ""Manufacturing and Trade Inventories and Sales, May 2002"" (2002-07-15) https://www2.census.gov/mtis/historical/mtis0205.pdf","release dated 2002-07-15, notice section","EDT, Monday, July 15, 2002 CB02-92 MANUFACTURING AND TRADE INVENTORIES AND SALES May 2002 NOTICE OF REVISION: Unadjusted and adjusted monthly manufacturing estimates have been revised from January 1992 – April 2002. The Census Bureau of the Department of Commerce announced today that the combined value of distributive trade sales and manufacturers’ shipments (excluding semiconductors) for May, adjusted for seasonal and trading-day differences but not for price changes, were estimated at $819.7 billion, down 0.4 percent (±0.2%) from April and were down 0.7 percent (±0.6%) from May 2001. Manufacturers’ and trade inventories (excluding semiconductors) adjusted for seasonal variations but not for price changes, were estimated at an end-of-month level of $1,116.3 billion, up 0.2 percent (±0.1%) from April but were down 5.7 percent (±0.3%) from May 2001. Estimated Monthly Retail Sales, Inventories, and Inventories/Sales Ratios, By Kind of Business (In millions of dollars) Sales Inventories1 PercentChange Inventories/Sales NAICS Kind of Business InInventories Ratios Code May.2002 Apr. 3 Total business and manufacturers estimates exclude semiconductor manufacturers. The number of semiconductor manufacturers choosing not to participate in the voluntary manufacturing monthly survey has risen to a level such that the Census Bureau can no longer produce monthly estimates of semiconductor data.",,release date matches ALFRED vintage || label owner (2026-10-03): moderate; carried from the M3 benchmark via the MTIS notice,annual_benchmark,,moderate,label owner (2026-10-03): moderate; carried from the M3 benchmark via the MTIS notice,,,,,,
FDC-MTIS-20030414,MTIS,2003-04-14,BUSINV;ISRATIO,2,FD-BUSINV-20030414;FD-ISRATIO-20030414,R30_CENSUS_ANNUAL,1992-01-01,135.0,True,"SRC-D86C8E0F3E: U.S. Census Bureau, ""Manufacturing and Trade Inventories and Sales, February 2003"" (2003-04-14) https://www2.census.gov/mtis/historical/mtis0302.pdf
SRC-A171EF2E9B: U.S. Census Bureau, ""Monthly Wholesale Trade Survey annual revision (benchmark) report, 2003"" (date n/a) https://www2.census.gov/wholesale/pdf/mwts/historic/old_benchmarks/2003_mwts_benchmark.pdf","release dated 2003-04-14, notice section || wholesale annual revision report (Issued April 2003)","ET, Monday, April 14, 2003 CB03-63 MANUFACTURING AND TRADE INVENTORIES AND SALES February 2003 INTENTION TO REVISE: Revisions to the Retail adjusted and unadjusted monthly estimates for sales and inventories are scheduled for release April 30. Revisions to the Wholesale sales and inventories estimates were published April 3 and are reflected in this release. Revisions to the Retail data will be reflected in the March 2003 MTIS scheduled for May 15, 2003. Revised historical data can be found on the Internet at: http://www.census.gov/mtis/www/mtis.html. The Census Bureau of the Department of Commerce announced today that the combined value of distributive trade sales and manufacturers’ shipments (excluding semiconductors) for February, adjusted for seasonal and trading- day differences but not for price changes, were estimated at $836.4 billion, down 1.0 percent (±0.1%) from January and were up 4.1 percent (±0.3%) from February 2002. Manufacturers’ and trade inventories (excluding semiconductors) adjusted for seasonal variations but not for price changes, were estimated at an end-of-month level of $1,155.4 billion, up 0.6 percent (±0.1%) from January and up 3.2 percent (±0.4%) from February 2002. Estimated Monthly Retail Sales, Inventories, and Inventories/Sales Ratios, By Kind of Business (In millions of dollars) 1 Sales Inventories Percent Change Inventories/Sales NAICS Kind of Business In Inventories Ratios Code Feb. 3 Total business and manufacturers estimates exclude semiconductor manufacturers. || Trade Survey (MWTS), and administrative Unadjusted estimates of monthly sales were revised for records.",,release date matches ALFRED vintage || label owner (2026-10-03): moderate; annual_benchmark carried from the Census wholesale report via the MTIS notice || component document (wholesale) for the revision named in the MTIS notice || label owner (2026-10-03): moderate; annual_benchmark carried from the Census wholesale report via the MTIS notice,annual_benchmark,,moderate,label owner (2026-10-03): moderate; annual_benchmark carried from the Census wholesale report via the MTIS notice,,,,,,
FDC-MTIS-20030515,MTIS,2003-05-15,BUSINV;ISRATIO,2,FD-BUSINV-20030515;FD-ISRATIO-20030515,R30_CENSUS_ANNUAL,1992-01-01,136.0,True,"SRC-6212EC8C6B: U.S. Census Bureau, ""Manufacturing and Trade Inventories and Sales, March 2003"" (2003-05-15) https://www2.census.gov/mtis/historical/mtis0303.pdf","release dated 2003-05-15, notice section","ET, Thursday, May 15, 2003 CB03-78 MANUFACTURING AND TRADE INVENTORIES AND SALES March 2003 NOTICE OF REVISION: Revisions to the Retail sales and inventories estimates were published April 30 and are reflected in this release. Revised historical data can be found on the Internet at: http://www.census.gov/mtis/www/mtis.html. The Census Bureau of the Department of Commerce announced today that the combined value of distributive trade sales and manufacturers’ shipments (excluding semiconductors) for March, adjusted for seasonal and trading- day differences but not for price changes, were estimated at $849.9 billion, up 1.8 percent (±0.2%) from February and were up 5.6 percent (±0.3%) from March 2002. Manufacturers’ and trade inventories (excluding semiconductors) adjusted for seasonal variations but not for price changes, were estimated at an end-of-month level of $1,171.7 billion, up 0.4 percent (±0.1%) from February and up 4.0 percent (±0.3%) from March 2002. Estimated Monthly Retail Sales, Inventories, and Inventories/Sales Ratios, By Kind of Business (In millions of dollars) 1 Sales Inventories Percent Change Inventories/Sales NAICS Kind of Business In Inventories Ratios Code Mar. 3 Total business and manufacturers estimates exclude semiconductor manufacturers. The number of semiconductor manufacturers choosing not to participate in the voluntary manufacturing monthly survey has risen to a level such that the Census Bureau can no longer produce monthly estimates of semiconductor data.",,release date matches ALFRED vintage || label owner (2026-10-03): moderate; annual_benchmark carried from the verified retail release via the MTIS notice,annual_benchmark,,moderate,label owner (2026-10-03): moderate; annual_benchmark carried from the verified retail release via the MTIS notice,,,,,,
FDC-MTIS-20030915,MTIS,2003-09-15,BUSINV;ISRATIO,2,FD-BUSINV-20030915;FD-ISRATIO-20030915,R90_UNCLASSIFIED,1992-01-01,140.0,True,"SRC-E5EB169759: U.S. Census Bureau, ""Manufacturing and Trade Inventories and Sales, July 2003"" (2003-09-15) https://www2.census.gov/mtis/historical/mtis0307.pdf","release dated 2003-09-15, notice section","ET, Monday, September 15, 2003 CB-03-138 MANUFACTURING AND TRADE INVENTORIES AND SALES July 2003 Notice of Revision: Revised unadjusted and adjusted estimates of manufacturing shipments and inventories were released on August 19, 2003. The revised manufacturing estimates include the semiconductor industry. The Census Bureau of the Department of Commerce announced today that the combined value of distributive trade sales and manufacturers’ shipments (including semiconductors) for July, adjusted for seasonal and trading-day differences but not for price changes, were estimated at $862.9 billion, up 1.6 percent (±0.2%) from June and up 3.8 percent (±0.2%) from July 2002. Manufacturers’ and trade inventories (including semiconductors) adjusted for seasonal variations but not for price changes, were estimated at an end-of-month level of $1,179.6 billion, down 0.1 percent (±0.1%) from June but up 2.4 percent (±0.5%) from July 2002. Estimated Monthly Retail Sales, Inventories, and Inventories/Sales Ratios, By Kind of Business (In millions of dollars) 1 Sales Inventories Percent Change Inventories/Sales NAICS Kind of Business In Inventories Ratios Code Jul.",,release date matches ALFRED vintage || label owner (2026-10-03): benchmark plus documented semiconductor coverage change,annual_benchmark,rebase_or_definition,moderate,label owner (2026-10-03): benchmark plus documented semiconductor coverage change,,,,,,
FDC-MTIS-20040312,MTIS,2004-03-12,BUSINV;ISRATIO,2,FD-BUSINV-20040312;FD-ISRATIO-20040312,R30_CENSUS_ANNUAL,1992-01-01,146.0,True,"SRC-B2592DCDC4: U.S. Census Bureau, ""Manufacturing and Trade Inventories and Sales, January 2004"" (2004-03-12) https://www2.census.gov/mtis/historical/mtis0401.pdf
SRC-9C68C0382E: U.S. Census Bureau, ""Monthly Wholesale Trade Survey annual revision (benchmark) report, 2004"" (date n/a) https://www2.census.gov/wholesale/pdf/mwts/historic/old_benchmarks/2004_mwts_benchmark.pdf","release dated 2004-03-12, notice section || wholesale annual revision report (Issued March 2004)","ET, Friday, March 12, 2004 CB-04-35 MANUFACTURING AND TRADE INVENTORIES AND SALES January 2004 INTENTION TO REVISE: Revisions to the Retail adjusted and unadjusted monthly estimates for sales and inventories are scheduled for release March 30. Revisions to the Wholesale sales and inventories estimates were published March 3 and are reflected in this release. Revisions to the Retail data will be reflected in the February 2004 MTIS scheduled for April 13, 2004. Revised historical data can be found on the Internet at: http://www.census.gov/mtis/www/mtis.html. Estimated Monthly Retail Sales, Inventories, and Inventories/Sales Ratios, By Kind of Business (In millions of dollars) Sales Inventories1 Percent Change Inventories/Sales NAICS Kind of Business In Inventories Ratios Code Jan. ||  SUMMARY OF CHANGES Unadjusted estimates of monthly sales were revised for January 1999 through December 2003.",,release date matches ALFRED vintage || label owner (2026-10-03): moderate; annual_benchmark carried from the Census wholesale report via the MTIS notice || component document (wholesale) for the revision named in the MTIS notice || label owner (2026-10-03): moderate; annual_benchmark carried from the Census wholesale report via the MTIS notice,annual_benchmark,,moderate,label owner (2026-10-03): moderate; annual_benchmark carried from the Census wholesale report via the MTIS notice,,,,,,
FDC-MTIS-20040413,MTIS,2004-04-13,BUSINV;ISRATIO,2,FD-BUSINV-20040413;FD-ISRATIO-20040413,R30_CENSUS_ANNUAL,1992-01-01,147.0,True,"SRC-2A718CB73B: U.S. Census Bureau, ""Manufacturing and Trade Inventories and Sales, February 2004"" (2004-04-13) https://www2.census.gov/mtis/historical/mtis0402.pdf","release dated 2004-04-13, notice section","ET, Tuesday, April 13, 2004 CB-04-56 MANUFACTURING AND TRADE INVENTORIES AND SALES February 2004 NOTICE OF REVISION: Revisions to the Retail sales and inventories estimates were published March 30 and are reflected in this release. Revised historical data can be found on the Internet at: http://www.census.gov/mtis/www/mtis.html. Estimated Monthly Retail Sales, Inventories, and Inventories/Sales Ratios, By Kind of Business (In millions of dollars) Sales Inventories1 Percent Change Inventories/Sales NAICS Kind of Business In Inventories Ratios Code Feb.",,release date matches ALFRED vintage || label owner (2026-10-03): moderate; annual_benchmark carried from the verified retail release via the MTIS notice,annual_benchmark,,moderate,label owner (2026-10-03): moderate; annual_benchmark carried from the verified retail release via the MTIS notice,,,,,,
FDC-MTIS-20050414,MTIS,2005-04-14,BUSINV;ISRATIO,2,FD-BUSINV-20050414;FD-ISRATIO-20050414,R30_CENSUS_ANNUAL,1992-01-01,159.0,True,"SRC-22B5219D9C: U.S. Census Bureau, ""Manufacturing and Trade Inventories and Sales, February 2005"" (2005-04-14) https://www2.census.gov/mtis/historical/mtis0502.pdf
SRC-79F7F8ACD8: U.S. Census Bureau, ""Monthly Wholesale Trade Survey annual revision (benchmark) report, 2005"" (date n/a) https://www2.census.gov/wholesale/pdf/mwts/historic/old_benchmarks/2005_mwts_benchmark.pdf","release dated 2005-04-14, notice section || wholesale annual revision report (Issued March 2005)","EDT Scott Scheleur (Retail): (301) 763-2713 CB05-48 Nancy Piesto (Wholesale): (301) 763-2747 Chris Savage (Manufacturing): (301) 763-4834 MANUFACTURING AND TRADE INVENTORIES AND SALES FEBRUARY 2005 NOTICE OF REVISION: Revisions to the Retail and Wholesale sales and inventories estimates were published March 31 and are reflected in this release. Revised historical data can be found on the Internet at: http://www.census.gov/bussales. Estimated Monthly Retail Sales, Inventories, and Inventories/Sales Ratios, By Kind of Business (In millions of dollars) Sales Inventories1 Percent Change Inventories/Sales NAICS Kind of Business In Inventories Ratios Code Feb. ||  For the remaining NAICS industries, unadjusted estimates of monthly sales and inventories Wholesale trade, as defined by NAICS Sector 42, includes were revised for January 1992 through January 2005.",,release date matches ALFRED vintage || label owner (2026-10-03): moderate; retail and wholesale benchmarks carried via the MTIS notice || component document (wholesale) for the revision named in the MTIS notice || label owner (2026-10-03): moderate; retail and wholesale benchmarks carried via the MTIS notice,annual_benchmark,,moderate,label owner (2026-10-03): moderate; retail and wholesale benchmarks carried via the MTIS notice,,,,,,
FDC-MTIS-20050915,MTIS,2005-09-15,BUSINV;ISRATIO,2,FD-BUSINV-20050915;FD-ISRATIO-20050915,R90_UNCLASSIFIED,1992-01-01,164.0,True,"SRC-5A75D1D224: U.S. Census Bureau, ""Manufacturing and Trade Inventories and Sales, July 2005"" (2005-09-15) https://www2.census.gov/mtis/historical/mtis0507.pdf","release header, notice paragraph","Notice of Revison: Revised unadjusted and adjusted monthly estimates of manufacturing shipments and inventories were released on August 19, 2005. For further information on these revisions, see http://www.census.gov/indicator/www/m3.",,"notice states revised manufacturing shipments and inventories were released on August 19, 2005 (see release FDC-M3-20050819); the type of revision is not stated in this source; label owner (2026-10-03): cause carried from FDC-M3-20050819 (annual_benchmark), moderate",annual_benchmark,,moderate,manual reading of the release notice (keyword screen missed it),,,,,,
FDC-MTIS-20060413,MTIS,2006-04-13,BUSINV;ISRATIO,2,FD-BUSINV-20060413;FD-ISRATIO-20060413,R30_CENSUS_ANNUAL,1992-01-01,171.0,True,"SRC-663396E136: U.S. Census Bureau, ""Manufacturing and Trade Inventories and Sales, February 2006"" (2006-04-13) https://www2.census.gov/mtis/historical/mtis0602.pdf
SRC-FD224F4C5A: U.S. Census Bureau, ""Monthly Wholesale Trade Survey annual revision (benchmark) report, 2006"" (date n/a) https://www2.census.gov/wholesale/pdf/mwts/historic/old_benchmarks/2006_mwts_benchmark.pdf","release dated 2006-04-13, notice section || wholesale annual revision report (Issued March 2006)","EDT Scott Scheleur (Retail): (301) 763-2713 CB06-55 Joseph Murphy (Wholesale): (301) 763-2747 Chris Savage (Manufacturing): (301) 763-4832 MANUFACTURING AND TRADE INVENTORIES AND SALES February 2006 Notice of Revision: Revisions to the Retail and Wholesale sales and inventories estimates were published March 30 and are reflected in this release. Revised historical data can be found on the internet at: http://www.census.gov/bussales. Revisions to the unadjusted and adjusted monthly estimates of manufacturing shipments and inventories are scheduled for release on May 19, 2006. Estimated Monthly Retail Sales, Inventories, and Inventories/Sales Ratios, By Kind of Business (In millions of dollars) Sales Inventories1 Percent Change Inventories/Sales NAICS Kind of Business In Inventories Ratios Code Feb. || s to Previously Published Estimates’’), unadjusted estimates of monthly sales and inventories were revised for January 1992 through January 2006.",,release date matches ALFRED vintage || label owner (2026-10-03): moderate; retail and wholesale benchmarks carried via the MTIS notice || component document (wholesale) for the revision named in the MTIS notice || label owner (2026-10-03): moderate; retail and wholesale benchmarks carried via the MTIS notice,annual_benchmark,,moderate,label owner (2026-10-03): moderate; retail and wholesale benchmarks carried via the MTIS notice,,,,,,
FDC-MTIS-20060613,MTIS,2006-06-13,BUSINV;ISRATIO,2,FD-BUSINV-20060613;FD-ISRATIO-20060613,R30_CENSUS_ANNUAL,1992-01-01,173.0,True,"SRC-197BFF43AD: U.S. Census Bureau, ""Manufacturing and Trade Inventories and Sales, April 2006"" (2006-06-13) https://www2.census.gov/mtis/historical/mtis0604.pdf","release header, notice paragraph","Notice of Revison: Revised unadjusted and adjusted monthly estimates of manufacturing shipments and inventories were released on May 19, 2006. For further information on these revisions, see http://www.census.gov/m3.",,"notice states revised manufacturing shipments and inventories were released on May 19, 2006 (see release FDC-M3-20060519); the type of revision is not stated in this source; label owner (2026-10-03): cause carried from FDC-M3-20060519 (annual_benchmark), moderate",annual_benchmark,,moderate,manual reading of the release notice (keyword screen missed it),,,,,,
FDC-MTIS-20070416,MTIS,2007-04-16,BUSINV;ISRATIO,2,FD-BUSINV-20070416;FD-ISRATIO-20070416,R30_CENSUS_ANNUAL,1996-01-01,135.0,False,"SRC-24D037252C: U.S. Census Bureau, ""Manufacturing and Trade Inventories and Sales, February 2007"" (2007-04-16) https://www2.census.gov/mtis/historical/mtis0702.pdf
SRC-1A2C3FE46E: U.S. Census Bureau, ""Monthly Wholesale Trade Survey annual revision (benchmark) report, 2007"" (date n/a) https://www2.census.gov/wholesale/pdf/mwts/historic/old_benchmarks/2007_mwts_benchmark.pdf","release dated 2007-04-16, notice section || wholesale annual revision report (Released March 29, 2007)","EDT Scott Scheleur (Retail): (301) 763-2713 CB07-53 John Miller (Wholesale): (301) 763-2747 Chris Savage (Manufacturing): (301) 763-4832 MANUFACTURING AND TRADE INVENTORIES AND SALES FEBRUARY 2007 Notice of Revision: Revisions to the Retail and Wholesale sales and inventories estimates were published March 29, 2007 and are reflected in this release. Revised historical data can be found on the internet at: http://www.census.gov/bussales. Estimated Monthly Retail Sales, Inventories, and Inventories/Sales Ratios, By Kind of Business (In millions of dollars) Sales Inventories1 Percent Change Inventories/Sales NAICS Kind of Business In Inventories Ratios Code Feb. || Released March 29, 2007",,release date matches ALFRED vintage || label owner (2026-10-03): moderate; retail and wholesale benchmarks carried via the MTIS notice || component document (wholesale) for the revision named in the MTIS notice || label owner (2026-10-03): moderate; retail and wholesale benchmarks carried via the MTIS notice,annual_benchmark,,moderate,label owner (2026-10-03): moderate; retail and wholesale benchmarks carried via the MTIS notice,,,,,,
FDC-MTIS-20070613,MTIS,2007-06-13,BUSINV;ISRATIO,2,FD-BUSINV-20070613;FD-ISRATIO-20070613,R30_CENSUS_ANNUAL,1992-01-01,185.0,True,"SRC-0B402A5DED: U.S. Census Bureau, ""Manufacturing and Trade Inventories and Sales, April 2007"" (2007-06-13) https://www2.census.gov/mtis/historical/mtis0704.pdf","release header, notice paragraph","Notice of Revision: Revised unadjusted and adjusted monthly estimates of manufacturing shipments and inventories were released on May 18, 2007. For further information on these revisions, see http://www.census.gov/m3.",,"notice states revised manufacturing shipments and inventories were released on May 18, 2007 (see release FDC-M3-20070518); the type of revision is not stated in this source; label owner (2026-10-03): cause carried from FDC-M3-20070518 (annual_benchmark), moderate",annual_benchmark,,moderate,manual reading of the release notice (keyword screen missed it),,,,,,
FDC-MTIS-20080414,MTIS,2008-04-14,BUSINV;ISRATIO,2,FD-BUSINV-20080414;FD-ISRATIO-20080414,R30_CENSUS_ANNUAL,1996-01-01,147.0,False,"SRC-D98AF0B267: U.S. Census Bureau, ""Manufacturing and Trade Inventories and Sales, February 2008"" (2008-04-14) https://www2.census.gov/mtis/historical/mtis0802.pdf
SRC-DBB359652A: U.S. Census Bureau, ""Monthly Wholesale Trade Survey annual revision (benchmark) report, 2008"" (date n/a) https://www2.census.gov/wholesale/pdf/mwts/historic/old_benchmarks/2008_mwts_benchmark.pdf","release dated 2008-04-14, notice section || wholesale annual revision report (Released March 27, 2008)","EDT Aneta Lukasik (Retail): (301) 763-2713 CB08-56 John Miller (Wholesale): (301) 763-2747 Chris Savage (Manufacturing): (301) 763-4832 MANUFACTURING AND TRADE INVENTORIES AND SALES February 2008 INTENTION TO REVISE: Revisions to the Wholesale estimates for sales and inventories were released on March 27, 2008 and are reflected in this release. Revisions to the Retail and Manufacturing monthly estimates are scheduled for release on April 30, 2008 and May 16, 2008, respectively. Revisions to the Retail data will be reflected in the March 2008 Manufacturing and Trade Inventories and Sales (MTIS) release scheduled for May 13, 2008. Revisions to the Manufacturing data will be reflected in the April 2008 MTIS release scheduled for June 12, 2008. Estimated Monthly Retail Sales, Inventories, and Inventories/Sales Ratios, By Kind of Business (In millions of dollars) Sales Inventories1 Percent Change Inventories/Sales NAICS Kind of Business In Inventories Ratios Code Feb. || Released March 27, 2008",,release date matches ALFRED vintage || label owner (2026-10-03): moderate; annual_benchmark carried from the Census wholesale report via the MTIS notice || component document (wholesale) for the revision named in the MTIS notice || label owner (2026-10-03): moderate; annual_benchmark carried from the Census wholesale report via the MTIS notice,annual_benchmark,,moderate,label owner (2026-10-03): moderate; annual_benchmark carried from the Census wholesale report via the MTIS notice,,,,,,
FDC-MTIS-20080513,MTIS,2008-05-13,BUSINV;ISRATIO,2,FD-BUSINV-20080513;FD-ISRATIO-20080513,R30_CENSUS_ANNUAL,1996-01-01,148.0,False,"SRC-34D2F737EC: U.S. Census Bureau, ""Manufacturing and Trade Inventories and Sales, March 2008"" (2008-05-13) https://www2.census.gov/mtis/historical/mtis0803.pdf","release dated 2008-05-13, notice section","EDT Aneta Lukasik (Retail): (301) 763-2713 CB08-71 John Miller (Wholesale): (301) 763-2747 Chris Savage (Manufacturing): (301) 763-4832 MANUFACTURING AND TRADE INVENTORIES AND SALES March 2008 Notice of Revision: Revisions to the Retail monthly estimates for sales and inventories were released on April 30, 2008 and are reflected in this release. Revisions to the Manufacturing monthly estimates are scheduled for release on May 16, 2008. Revisions to the Manufacturing data will be reflected in the April 2008 Manufacturing and Trade Inventories and Sales release scheduled for June 12, 2008. Estimated Monthly Retail Sales, Inventories, and Inventories/Sales Ratios, By Kind of Business (In millions of dollars) Sales Inventories1 Percent Change Inventories/Sales NAICS Kind of Business In Inventories Ratios Code Mar.",,release date matches ALFRED vintage || label owner (2026-10-03): moderate; annual_benchmark carried from the verified retail release via the MTIS notice,annual_benchmark,,moderate,label owner (2026-10-03): moderate; annual_benchmark carried from the verified retail release via the MTIS notice,,,,,,
FDC-MTIS-20080612,MTIS,2008-06-12,BUSINV;ISRATIO,2,FD-BUSINV-20080612;FD-ISRATIO-20080612,R30_CENSUS_ANNUAL,1992-01-01,197.0,True,"SRC-1B3A8E5A49: U.S. Census Bureau, ""Manufacturing and Trade Inventories and Sales, April 2008"" (2008-06-12) https://www2.census.gov/mtis/historical/mtis0804.pdf","release dated 2008-06-12, notice section","EDT Aneta Lukasik (Retail): (301) 763-2713 CB08-87 John Miller (Wholesale): (301) 763-2703 Chris Savage (Manufacturing): (301) 763-4832 MANUFACTURING AND TRADE INVENTORIES AND SALES APRIL 2008 Notice of Revision: Revisions to the adjusted and not adjusted monthly estimates for Manufacturing shipments and inventories were released May 16, 2008 and are reflected in this release. Estimated Monthly Retail Sales, Inventories, and Inventories/Sales Ratios, By Kind of Business (In millions of dollars) Sales Inventories1 Percent Change Inventories/Sales NAICS Kind of Business In Inventories Ratios Code Apr.",,release date matches ALFRED vintage || label owner (2026-10-03): moderate; carried from the M3 benchmark via the MTIS notice,annual_benchmark,,moderate,label owner (2026-10-03): moderate; carried from the M3 benchmark via the MTIS notice,,,,,,
FDC-MTIS-20090414,MTIS,2009-04-14,BUSINV;ISRATIO,2,FD-BUSINV-20090414;FD-ISRATIO-20090414,R30_CENSUS_ANNUAL,1996-01-01,159.0,False,"SRC-093BC98B80: U.S. Census Bureau, ""Manufacturing and Trade Inventories and Sales, February 2009"" (2009-04-14) https://www2.census.gov/mtis/historical/mtis0902.pdf
SRC-2B06ED35D0: U.S. Census Bureau, ""Monthly Wholesale Trade Survey annual revision (benchmark) report, 2009"" (date n/a) https://www2.census.gov/wholesale/pdf/mwts/historic/old_benchmarks/2009_mwts_benchmark.pdf","release dated 2009-04-14, notice section || wholesale annual revision report (Released March 31, 2009)","EDT Timothy Winters (Retail): (301) 763-2713 CB09-52 John Miller (Wholesale): (301) 763-2703 Chris Savage (Manufacturing): (301) 763-4832 MANUFACTURING AND TRADE INVENTORIES AND SALES February 2009 INTENTION TO REVISE: Revisions to the Wholesale estimates for sales and inventories were released on March 31, 2009 and are reflected in this release. Revisions to the Retail monthly estimates are scheduled for release on April 30, 2009. Revisions to the Retail data will be reflected in the March 2009 Manufacturing and Trade Inventories and Sales (MTIS) release scheduled for May 13, 2009. Revisions to the Manufacturing data will be reflected at a later date. Estimated Monthly Retail Sales, Inventories, and Inventories/Sales Ratios, By Kind of Business (In millions of dollars) Sales Inventories1 Percent Change Inventories/Sales NAICS Kind of Business In Inventories Ratios Code Feb. 4 The 2002 North American Industry Classification System (NAICS) defines merchant wholesalers as including manufacturers’ sales branches and offices. || Released March 31, 2009",,release date matches ALFRED vintage || label owner (2026-10-03): moderate; annual_benchmark carried from the Census wholesale report via the MTIS notice || component document (wholesale) for the revision named in the MTIS notice || label owner (2026-10-03): moderate; annual_benchmark carried from the Census wholesale report via the MTIS notice,annual_benchmark,,moderate,label owner (2026-10-03): moderate; annual_benchmark carried from the Census wholesale report via the MTIS notice,,,,,,
FDC-MTIS-20090513,MTIS,2009-05-13,BUSINV;ISRATIO,2,FD-BUSINV-20090513;FD-ISRATIO-20090513,R30_CENSUS_ANNUAL,1996-03-01,158.0,False,"SRC-A5B2147B3B: U.S. Census Bureau, ""Manufacturing and Trade Inventories and Sales, March 2009"" (2009-05-13) https://www2.census.gov/mtis/historical/mtis0903.pdf","release dated 2009-05-13, notice section","EDT Timothy Winters (Retail): (301) 763-2713 CB09-70 John Miller (Wholesale): (301) 763-2703 Chris Savage (Manufacturing): (301) 763-4832 MANUFACTURING AND TRADE INVENTORIES AND SALES March 2009 Notice of Revision: Revisions to the Retail monthly estimates for sales and inventories were released on April 30, 2009 and are reflected in this release. Revisions to the Manufacturing data will be reflected at a later date. Estimated Monthly Retail Sales, Inventories, and Inventories/Sales Ratios, By Kind of Business (In millions of dollars) Sales Inventories1 Percent Change Inventories/Sales NAICS Kind of Business In Inventories Ratios Code Mar. 4 The 2002 North American Industry Classification System (NAICS) defines merchant wholesalers as including manufacturers’ sales branches and offices.",,release date matches ALFRED vintage || label owner (2026-10-03): moderate; annual_benchmark carried from the verified retail release via the MTIS notice,annual_benchmark,,moderate,label owner (2026-10-03): moderate; annual_benchmark carried from the verified retail release via the MTIS notice,,,,,,
FDC-MTIS-20100128,MTIS,2010-01-28,BUSINV;ISRATIO,2,FD-BUSINV-20100128;FD-ISRATIO-20100128,R90_UNCLASSIFIED,2001-01-01,108.0,False,"SRC-0AC85C4849: U.S. Census Bureau, ""Manufacturing and Trade Inventories and Sales, November 2009"" (2010-01-28) https://www2.census.gov/mtis/historical/mtis0911.pdf","release dated 2010-01-28, notice section","FOR IMMEDIATE RELEASE Timothy Winters (Retail): (301) 763-2713 CB10-05 John Miller (Wholesale): (301) 763-2703 Chris Savage (Manufacturing): (301) 763-4832 MANUFACTURING AND TRADE INVENTORIES AND SALES November 2009 NOTICE OF CORRECTION: The Manufacturing and Trade Inventories and Sales (MTIS) release for November 2009 was revised on January 28, 2010 to reflect revisions issued to the November 2009 Manufacturers' Shipments, Inventories, and Orders (M3) release on January 15, 2010. INTENTION TO REVISE: Revisions to the Wholesale adjusted and not adjusted monthly estimates for sales and inventories are scheduled for release in March 2010. Revisions to the Wholesale data will be reflected in the February 2010 Manufacturing and Trade Inventories and Sales release scheduled for April 14, 2010. Estimated Monthly Retail Sales, Inventories, and Inventories/Sales Ratios, By Kind of Business (In millions of dollars) Sales Inventories1 Percent Change Inventories/Sales NAICS Kind of Business In Inventories Ratios Code Nov. 4 The 2002 North American Industry Classification System (NAICS) defines merchant wholesalers as including manufacturers’ sales branches and offices.",,release date matches ALFRED vintage || label owner (2026-10-03): amendment documented; cause of incorporated M3 revision not established,unknown,,none,label owner (2026-10-03): amendment documented; cause of incorporated M3 revision not established,,,,,,
FDC-MTIS-20100414,MTIS,2010-04-14,BUSINV;ISRATIO,2,FD-BUSINV-20100414;FD-ISRATIO-20100414,R30_CENSUS_ANNUAL,1996-01-01,171.0,False,"SRC-EBA97DA053: U.S. Census Bureau, ""Manufacturing and Trade Inventories and Sales, February 2010"" (2010-04-14) https://www2.census.gov/mtis/historical/mtis1002.pdf
SRC-0E133940D6: U.S. Census Bureau, ""Monthly Wholesale Trade Survey annual revision (benchmark) report, 2010"" (date n/a) https://www2.census.gov/wholesale/pdf/mwts/historic/old_benchmarks/2010_mwts_benchmark.pdf","release dated 2010-04-14, notice section || wholesale annual revision report (Released March 31, 2010)","EDT Timothy Winters (Retail): (301) 763-2713 CB10-48 John Miller (Wholesale): (301) 763-2703 Chris Savage (Manufacturing): (301) 763-4832 MANUFACTURING AND TRADE INVENTORIES AND SALES February 2010 INTENTION TO REVISE: Revisions to the Wholesale estimates for sales and inventories were released on March 31, 2010 and are reflected in this release. Revisions to the Retail monthly estimates are scheduled for release on April 30, 2010. Revisions to the Retail data will be reflected in the March 2010 Manufacturing and Trade Inventories and Sales (MTIS) release scheduled for May 14, 2010. Revisions to the Manufacturing monthly estimates are scheduled for release on May 14, 2010. Revisions to the Manufacturing estimates will be reflected in the April 2010 MTIS release scheduled for June 12, 2010. Estimated Monthly Retail Sales, Inventories, and Inventories/Sales Ratios, By Kind of Business (In millions of dollars) Sales Inventories1 Percent Change Inventories/Sales NAICS Kind of Business In Inventories Ratios Code Feb. 4 The 2002 North American Industry Classification System (NAICS) defines merchant wholesalers as including manufacturers’ sales branches and offices. || Released March 31, 2010",,release date matches ALFRED vintage || label owner (2026-10-03): moderate; annual_benchmark carried from the Census wholesale report via the MTIS notice || component document (wholesale) for the revision named in the MTIS notice || label owner (2026-10-03): moderate; annual_benchmark carried from the Census wholesale report via the MTIS notice,annual_benchmark,,moderate,label owner (2026-10-03): moderate; annual_benchmark carried from the Census wholesale report via the MTIS notice,,,,,,
FDC-MTIS-20100514,MTIS,2010-05-14,BUSINV;ISRATIO,2,FD-BUSINV-20100514;FD-ISRATIO-20100514,R30_CENSUS_ANNUAL,1992-01-01,220.0,True,"SRC-3912AE2199: U.S. Census Bureau, ""Manufacturing and Trade Inventories and Sales, March 2010"" (2010-05-14) https://www2.census.gov/mtis/historical/mtis1003.pdf","release dated 2010-05-14, notice section","EDT Timothy Winters (Retail): (301) 763-2713 CB10-63 John Miller (Wholesale): (301) 763-2703 Chris Savage (Manufacturing): (301) 763-4832 MANUFACTURING AND TRADE INVENTORIES AND SALES March 2010 INTENTION TO REVISE: Revisions to the Retail monthly estimates for sales and inventories were released on April 30, 2010 and are reflected in this release. Revisions to the Manufacturing estimates will be reflected in the April 2010 Manufacturing and Trade Inventories and Sales (MTIS) release scheduled for June 12, 2010. Estimated Monthly Retail Sales, Inventories, and Inventories/Sales Ratios, By Kind of Business (In millions of dollars) Sales Inventories1 Percent Change Inventories/Sales NAICS Kind of Business In Inventories Ratios Code Mar. 4 The 2002 North American Industry Classification System (NAICS) defines merchant wholesalers as including manufacturers’ sales branches and offices.",,release date matches ALFRED vintage || label owner (2026-10-03): moderate; retail benchmark per MTIS notice; 1992-1995 portion unexplained (component ambiguity),annual_benchmark,,moderate,label owner (2026-10-03): moderate; retail benchmark per MTIS notice; 1992-1995 portion unexplained (component ambiguity),,,,,,
FDC-MTIS-20110413,MTIS,2011-04-13,BUSINV;ISRATIO,2,FD-BUSINV-20110413;FD-ISRATIO-20110413,R30_CENSUS_ANNUAL,1996-01-01,183.0,False,"SRC-83421DBC76: U.S. Census Bureau, ""Manufacturing and Trade Inventories and Sales, February 2011"" (2011-04-13) https://www2.census.gov/mtis/historical/mtis1102.pdf
SRC-0BEE88EC78: U.S. Census Bureau, ""Monthly Wholesale Trade Survey annual revision (benchmark) report, 2011"" (date n/a) https://www2.census.gov/wholesale/pdf/mwts/historic/old_benchmarks/2011_mwts_benchmark.pdf","release dated 2011-04-13, notice section || wholesale annual revision report (Released March 31, 2011)","EDT Timothy Winters (Retail): (301) 763-2713 CB11-64 John Miller (Wholesale): (301) 763-2703 Chris Savage (Manufacturing): (301) 763-4832 MANUFACTURING AND TRADE INVENTORIES AND SALES February 2011 INTENTION TO REVISE: Revisions to the Wholesale estimates for sales and inventories were released on March 31, 2011 and are reflected in this release. Revisions to the Retail monthly estimates are scheduled for release on April 29, 2011. Revisions to the Retail data will be reflected in the March 2011 Manufacturing and Trade Inventories and Sales (MTIS) release scheduled for May 12, 2011. Revisions to the Manufacturing monthly estimates are scheduled for release on May 13, 2011. Revisions to the Manufacturing estimates will be reflected in the April 2011 MTIS release scheduled for June 14, 2011. Estimated Monthly Retail Sales, Inventories, and Inventories/Sales Ratios, By Kind of Business (In millions of dollars) Sales Inventories1 Percent Change Inventories/Sales NAICS Kind of Business In Inventories Ratios Code Feb. 4 The 2002 North American Industry Classification System (NAICS) defines merchant wholesalers as including manufacturers’ sales branches and offices. || Released March 31, 2011",,release date matches ALFRED vintage || label owner (2026-10-03): moderate; annual_benchmark carried from the Census wholesale report via the MTIS notice || component document (wholesale) for the revision named in the MTIS notice || label owner (2026-10-03): moderate; annual_benchmark carried from the Census wholesale report via the MTIS notice,annual_benchmark,,moderate,label owner (2026-10-03): moderate; annual_benchmark carried from the Census wholesale report via the MTIS notice,,,,,,
FDC-MTIS-20110512,MTIS,2011-05-12,BUSINV;ISRATIO,2,FD-BUSINV-20110512;FD-ISRATIO-20110512,R30_CENSUS_ANNUAL,1996-01-01,184.0,False,"SRC-AA06D2F45C: U.S. Census Bureau, ""Manufacturing and Trade Inventories and Sales, March 2011"" (2011-05-12) https://www2.census.gov/mtis/historical/mtis1103.pdf","release dated 2011-05-12, notice section","EDT Timothy Winters (Retail): (301) 763-2713 CB11-78 John Miller (Wholesale): (301) 763-2703 Chris Savage (Manufacturing): (301) 763-4832 MANUFACTURING AND TRADE INVENTORIES AND SALES March 2011 INTENTION TO REVISE: Revisions to the Retail monthly estimates for sales and inventories were released on April 29, 2011 and are reflected in this release. Revisions to the Manufacturing estimates are scheduled for release on May 13, 2011 and will be reflected in the April 2011 Manufacturing and Trade Inventories and Sales (MTIS) release scheduled for June 14, 2011. Estimated Monthly Retail Sales, Inventories, and Inventories/Sales Ratios, By Kind of Business (In millions of dollars) Sales Inventories1 Percent Change Inventories/Sales NAICS Kind of Business In Inventories Ratios Code Mar. 4 The 2002 North American Industry Classification System (NAICS) defines merchant wholesalers as including manufacturers’ sales branches and offices.",,release date matches ALFRED vintage || label owner (2026-10-03): moderate; annual_benchmark carried from the verified retail release via the MTIS notice,annual_benchmark,,moderate,label owner (2026-10-03): moderate; annual_benchmark carried from the verified retail release via the MTIS notice,,,,,,
FDC-MTIS-20110614,MTIS,2011-06-14,BUSINV;ISRATIO,2,FD-BUSINV-20110614;FD-ISRATIO-20110614,R30_CENSUS_ANNUAL,1992-01-01,233.0,True,"SRC-971086E0E9: U.S. Census Bureau, ""Manufacturing and Trade Inventories and Sales, April 2011"" (2011-06-14) https://www2.census.gov/mtis/historical/mtis1104.pdf","release dated 2011-06-14, notice section","EDT Timothy Winters (Retail): (301) 763-2713 CB11-102 John Miller (Wholesale): (301) 763-2703 Chris Savage (Manufacturing): (301) 763-4832 MANUFACTURING AND TRADE INVENTORIES AND SALES April 2011 Notice of Revision: Revisions to the adjusted and not adjusted monthly estimates for Manufacturing Shipments and Inventories were released May 13, 2011 and are reflected in this release. Estimated Monthly Retail Sales, Inventories, and Inventories/Sales Ratios, By Kind of Business (In millions of dollars) Sales Inventories1 Percent Change Inventories/Sales NAICS Kind of Business In Inventories Ratios Code Apr. 4 The 2002 North American Industry Classification System (NAICS) defines merchant wholesalers as including manufacturers’ sales branches and offices.",,release date matches ALFRED vintage || label owner (2026-10-03): moderate; carried from the M3 benchmark via the MTIS notice,annual_benchmark,,moderate,label owner (2026-10-03): moderate; carried from the M3 benchmark via the MTIS notice,,,,,,
FDC-MTIS-20120416,MTIS,2012-04-16,BUSINV;ISRATIO,2,FD-BUSINV-20120416;FD-ISRATIO-20120416,R30_CENSUS_ANNUAL,1996-01-01,195.0,False,"SRC-27179C4561: U.S. Census Bureau, ""Manufacturing and Trade Inventories and Sales, February 2012"" (2012-04-16) https://www2.census.gov/mtis/historical/mtis1202.pdf
SRC-22E3657501: U.S. Census Bureau, ""Monthly Wholesale Trade Survey annual revision (benchmark) report, 2012"" (date n/a) https://www2.census.gov/wholesale/pdf/mwts/historic/old_benchmarks/2012_mwts_benchmark.pdf","release dated 2012-04-16, notice section || wholesale annual revision report (Released March 30, 2012)","EDT Paul Bucchioni (Retail): (301) 763-2713 CB12-57 John Miller (Wholesale): (301) 763-2703 Chris Savage (Manufacturing): (301) 763-4832 MANUFACTURING AND TRADE INVENTORIES AND SALES February 2012 INTENTION TO REVISE: Revisions to the Wholesale estimates for sales and inventories were released on March 30, 2012 and are reflected in this release. Revisions to the Retail monthly estimates are scheduled for release on April 30, 2012. Revisions to the Retail estimates will be reflected in the March 2012 Manufacturing and Trade Inventories and Sales (MTIS) release scheduled for May 15, 2012. Revisions to the Manufacturing monthly estimates are scheduled for release on May 18, 2012. Revisions to the Manufacturing estimates will be reflected in the April 2012 MTIS release scheduled for June 13, 2012. Estimated Monthly Retail Sales, Inventories, and Inventories/Sales Ratios, By Kind of Business (In millions of dollars) Sales Inventories1 Percent Change Inventories/Sales NAICS Kind of Business In Inventories Ratios Code Feb. 4 The 2002 North American Industry Classification System (NAICS) defines merchant wholesalers as including manufacturers’ sales branches and offices. || Released March 30, 2012",,release date matches ALFRED vintage || label owner (2026-10-03): moderate; annual_benchmark carried from the Census wholesale report via the MTIS notice || component document (wholesale) for the revision named in the MTIS notice || label owner (2026-10-03): moderate; annual_benchmark carried from the Census wholesale report via the MTIS notice,annual_benchmark,,moderate,label owner (2026-10-03): moderate; annual_benchmark carried from the Census wholesale report via the MTIS notice,,,,,,
FDC-MTIS-20120515,MTIS,2012-05-15,BUSINV;ISRATIO,2,FD-BUSINV-20120515;FD-ISRATIO-20120515,R30_CENSUS_ANNUAL,1992-01-01,244.0,True,"SRC-FFDBE2BA0F: U.S. Census Bureau, ""Manufacturing and Trade Inventories and Sales, March 2012"" (2012-05-15) https://www2.census.gov/mtis/historical/mtis1203.pdf","release dated 2012-05-15, notice section","EDT Paul Bucchioni (Retail): (301) 763-2713 CB12-77 John Miller (Wholesale): (301) 763-2703 Chris Savage (Manufacturing): (301) 763-4832 MANUFACTURING AND TRADE INVENTORIES AND SALES March 2012 INTENTION TO REVISE: Revisions to the Retail monthly estimates for sales and inventories were released on April 30, 2012 and are reflected in this release. Revisions to the Manufacturing estimates are scheduled for release on May 18, 2012 and will be reflected in the April 2012 Manufacturing and Trade Inventories and Sales (MTIS) release scheduled for June 13, 2012. Estimated Monthly Retail Sales, Inventories, and Inventories/Sales Ratios, By Kind of Business (In millions of dollars) Sales Inventories1 Percent Change Inventories/Sales NAICS Kind of Business In Inventories Ratios Code Mar. 4 The 2002 North American Industry Classification System (NAICS) defines merchant wholesalers as including manufacturers’ sales branches and offices.",,release date matches ALFRED vintage || label owner (2026-10-03): moderate; annual_benchmark carried from the verified retail release via the MTIS notice,annual_benchmark,,moderate,label owner (2026-10-03): moderate; annual_benchmark carried from the verified retail release via the MTIS notice,,,,,,
FDC-MTIS-20120613,MTIS,2012-06-13,BUSINV;ISRATIO,2,FD-BUSINV-20120613;FD-ISRATIO-20120613,R30_CENSUS_ANNUAL,1992-01-01,245.0,True,"SRC-90CB9045A7: U.S. Census Bureau, ""Manufacturing and Trade Inventories and Sales, April 2012"" (2012-06-13) https://www2.census.gov/mtis/historical/mtis1204.pdf","release dated 2012-06-13, notice section","EDT Ian Thomas (Retail): (301) 763-2713 CB12-101 John Miller (Wholesale): (301) 763-2703 Chris Savage (Manufacturing): (301) 763-4832 MANUFACTURING AND TRADE INVENTORIES AND SALES April 2012 Notice of Revision: Revisions to the adjusted and not adjusted monthly estimates for Manufacturing Shipments and Inventories were released May 18, 2012 and are reflected in this release. Estimated Monthly Retail Sales, Inventories, and Inventories/Sales Ratios, By Kind of Business (In millions of dollars) Sales Inventories1 Percent Change Inventories/Sales NAICS Kind of Business In Inventories Ratios Code Apr. 4 The 2002 North American Industry Classification System (NAICS) defines merchant wholesalers as including manufacturers’ sales branches and offices.",,release date matches ALFRED vintage || label owner (2026-10-03): moderate; carried from the M3 benchmark via the MTIS notice,annual_benchmark,,moderate,label owner (2026-10-03): moderate; carried from the M3 benchmark via the MTIS notice,,,,,,
FDC-MTIS-20130613,MTIS,2013-06-13,BUSINV;ISRATIO,2,FD-BUSINV-20130613;FD-ISRATIO-20130613,R30_CENSUS_ANNUAL,1992-01-01,257.0,True,"SRC-FDBE03E7A2: U.S. Census Bureau, ""Manufacturing and Trade Inventories and Sales, April 2013"" (2013-06-13) https://www2.census.gov/mtis/historical/mtis1304.pdf
SRC-3E1FB3D378: U.S. Census Bureau, ""Monthly Wholesale Trade Survey annual revision (benchmark) report, 2013"" (date n/a) https://www2.census.gov/wholesale/pdf/mwts/historic/old_benchmarks/2013_mwts_benchmark.pdf","release dated 2013-06-13, notice section || wholesale annual revision report (Released May 31, 2013)","Revisions to the retail and wholesale estimates in this report also reflect the introduction of new samples for these surveys. Revised monthly manufacturing estimates that are input to this report were released on May 17, 2013. Revised monthly retail and wholesale estimates that are input to this report were released on May 31, 2013. Estimated Monthly Retail Sales, Inventories, and Inventories/Sales Ratios, By Kind of Business (In millions of dollars) Sales Inventories1 Percent Change Inventories/Sales NAICS Kind of Business In Inventories Ratios Code Apr. 4 The 2007 North American Industry Classification System (NAICS) defines merchant wholesalers as including manufacturers’ sales branches and offices. ||  Seasonally adjusted estimates of monthly sales are revised for January 2000 through March 2013.  Seasonally adjusted end-of month inventory estimates are revised for January 1996 through March 2013.",,release date matches ALFRED vintage || label owner (2026-10-03): direct MTIS notice || component document (wholesale) for the revision named in the MTIS notice || label owner (2026-10-03): direct MTIS notice,annual_benchmark,sample_redesign,strong,label owner (2026-10-03): direct MTIS notice,,,,,,
FDC-MTIS-20140414,MTIS,2014-04-14,BUSINV;ISRATIO;TOTBUSSMSA,3,FD-BUSINV-20140414;FD-ISRATIO-20140414;FD-TOTBUSSMSA-20140414,R30_CENSUS_ANNUAL,2002-02-01,146.0,False,"SRC-58911EE87D: U.S. Census Bureau, ""Manufacturing and Trade Inventories and Sales, February 2014"" (2014-04-14) https://www2.census.gov/mtis/historical/mtis1402.pdf
SRC-CC81FBEF48: U.S. Census Bureau, ""Monthly Wholesale Trade Survey annual revision (benchmark) report, 2014"" (date n/a) https://www2.census.gov/wholesale/pdf/mwts/historic/old_benchmarks/2014_mwts_benchmark.pdf","release dated 2014-04-14, notice section || wholesale annual revision report (Released March 31, 2014)","EDT Ian Thomas (Retail): (301) 763-2713 CB14-59 William Abriatis (Wholesale): (301) 763-2703 Chris Savage (Manufacturing): (301) 763-4832 MANUFACTURING AND TRADE INVENTORIES AND SALES February 2014 NOTICE OF REVISION: Revisions to the Wholesale estimates for sales and inventories were released on March 31, 2014 and are reflected in this release. Revisions to the Retail estimates were released on April 30, 2014 and are not reflected in this release. Revisions to the Retail estimates will be reflected in the March 2014 Manufacturing and Trade Inventories and Sales (MTIS) release scheduled for May 13, 2014. Revisions to the Manufacturing estimates will be reflected in the April 2014 MTIS release scheduled for June 12, 2014. ||  Seasonally adjusted estimates of monthly sales are revised for January 2008 through January 2014.  Seasonally adjusted end-of month inventories estimates are revised for January 2002 through January 2014.",,release date matches ALFRED vintage || label owner (2026-10-03): moderate; annual_benchmark carried from the Census wholesale report via the MTIS notice || component document (wholesale) for the revision named in the MTIS notice || label owner (2026-10-03): moderate; annual_benchmark carried from the Census wholesale report via the MTIS notice,annual_benchmark,,moderate,label owner (2026-10-03): moderate; annual_benchmark carried from the Census wholesale report via the MTIS notice,,,,,,
FDC-MTIS-20140513,MTIS,2014-05-13,BUSINV;ISRATIO;TOTBUSSMSA,3,FD-BUSINV-20140513;FD-ISRATIO-20140513;FD-TOTBUSSMSA-20140513,R30_CENSUS_ANNUAL,2002-01-01,148.0,False,"SRC-8D2625B73B: U.S. Census Bureau, ""Manufacturing and Trade Inventories and Sales, March 2014"" (2014-05-13) https://www2.census.gov/mtis/historical/mtis1403.pdf","release dated 2014-05-13, notice section","EDT Ian Thomas (Retail): (301) 763-2713 CB14-82 William Abriatis (Wholesale): (301) 763-2703 Chris Savage (Manufacturing): (301) 763-4832 MANUFACTURING AND TRADE INVENTORIES AND SALES March 2014 Notice of Revision: Revisions to the Retail estimates for sales and inventories were released on April 30, 2014 and are reflected in this release. Revisions to the Manufacturing estimates will be reflected in the April 2014 MTIS release scheduled for June 12, 2014. Estimated Monthly Retail Sales, Inventories, and Inventories/Sales Ratios, By Kind of Business (In millions of dollars) Sales Inventories1 Percent Change Inventories/Sales NAICS Kind of Business In Inventories Ratios Code Mar. 4 The 2007 North American Industry Classification System (NAICS) defines merchant wholesalers as including manufacturers’ sales branches and offices.",,release date matches ALFRED vintage || label owner (2026-10-03): moderate; annual_benchmark carried from the verified retail release via the MTIS notice,annual_benchmark,,moderate,label owner (2026-10-03): moderate; annual_benchmark carried from the verified retail release via the MTIS notice,,,,,,
FDC-MTIS-20140612,MTIS,2014-06-12,BUSINV;ISRATIO;TOTBUSSMSA,3,FD-BUSINV-20140612;FD-ISRATIO-20140612;FD-TOTBUSSMSA-20140612,R30_CENSUS_ANNUAL,1992-01-01,269.0,True,"SRC-189CBB635A: U.S. Census Bureau, ""Manufacturing and Trade Inventories and Sales, April 2014"" (2014-06-12) https://www2.census.gov/mtis/historical/mtis1404.pdf","release dated 2014-06-12, notice section","EDT Ian Thomas (Retail): (301) 763-2713 CB14-97 William Abriatis (Wholesale): (301) 763-2703 Chris Savage (Manufacturing): (301) 763-4832 MANUFACTURING AND TRADE INVENTORIES AND SALES April 2014 Notice of Revision: On May 15, 2014, monthly seasonally adjusted data for Manufacturers’ Shipments, Inventories, and Orders were revised for January 1992 through March 2014 and are reflected in this release. Estimated Monthly Retail Sales, Inventories, and Inventories/Sales Ratios, By Kind of Business (In millions of dollars) Sales Inventories1 Percent Change Inventories/Sales NAICS Kind of Business In Inventories Ratios Code Apr. 4 The 2007 North American Industry Classification System (NAICS) defines merchant wholesalers as including manufacturers’ sales branches and offices.",,release date matches ALFRED vintage | BUSINV: stated adjusted-data revisions begin 2014-04 vs observed 1992-01 -> DIFFERENT | ISRATIO: stated adjusted-data revisions begin 2014-04 vs observed 1992-06 -> DIFFERENT | TOTBUSSMSA: stated adjusted-data revisions begin 2014-04 vs observed 1992-01 -> DIFFERENT || label owner (2026-10-03): moderate; carried from the M3 seasonal-model revision via the MTIS notice,seasonal_factor_recompute,,moderate,label owner (2026-10-03): moderate; carried from the M3 seasonal-model revision via the MTIS notice,,,,,,
FDC-MTIS-20150414,MTIS,2015-04-14,BUSINV;ISRATIO;TOTBUSSMSA,3,FD-BUSINV-20150414;FD-ISRATIO-20150414;FD-TOTBUSSMSA-20150414,R30_CENSUS_ANNUAL,2000-01-01,183.0,False,"SRC-F89CFA79EA: U.S. Census Bureau, ""Manufacturing and Trade Inventories and Sales, February 2015"" (2015-04-14) https://www2.census.gov/mtis/historical/mtis1502.pdf
SRC-8CA40A296D: U.S. Census Bureau, ""Monthly Wholesale Trade Survey annual revision (benchmark) report, 2015"" (date n/a) https://www2.census.gov/wholesale/pdf/mwts/historic/old_benchmarks/2015_mwts_benchmark.pdf","release dated 2015-04-14, notice section || wholesale annual revision report (Released March 31, 2015)","EDT Paul Bucchioni (Retail): (301) 763-2713 CB15-59 William Abriatis (Wholesale): (301) 763-6856 Adriana Stoica (Manufacturing): (301) 763-4832 MANUFACTURING AND TRADE INVENTORIES AND SALES February 2015 Intention to Revise: Revisions to the Wholesale estimates for sales and inventories were released on March 31, 2015 and are reflected in this release. Revisions to the Retail estimates will be released on April 30, 2015 and will be reflected in the March 2015 MTIS release scheduled for May 13, 2015. Revised historical data from the Manufacturers’ Shipments, Inventories, and Orders (M3) Survey will be issued on May 14, 2015. Revisions to the Manufacturing estimates will be reflected in the April 2015 MTIS release scheduled for June 11, 2015. Estimated Monthly Retail Sales, Inventories, and Inventories/Sales Ratios, By Kind of Business (In millions of dollars) Sales Inventories1 Percent Change Inventories/Sales NAICS Kind of Business In Inventories Ratios Code Feb. 4 The 2007 North American Industry Classification System (NAICS) defines merchant wholesalers as including manufacturers’ sales branches and offices. ||  Corresponding seasonally adjusted estimates of monthly sales are revised for January 2005 through January 2015.  Corresponding seasonally adjusted end-of month inventories estimates are revised for January 2002 through January 2015.",,release date matches ALFRED vintage || label owner (2026-10-03): moderate; annual_benchmark carried from the Census wholesale report via the MTIS notice || component document (wholesale) for the revision named in the MTIS notice || label owner (2026-10-03): moderate; annual_benchmark carried from the Census wholesale report via the MTIS notice,annual_benchmark,,moderate,label owner (2026-10-03): moderate; annual_benchmark carried from the Census wholesale report via the MTIS notice,,,,,,
FDC-MTIS-20150513,MTIS,2015-05-13,BUSINV;ISRATIO;TOTBUSSMSA,3,FD-BUSINV-20150513;FD-ISRATIO-20150513;FD-TOTBUSSMSA-20150513,R30_CENSUS_ANNUAL,1997-09-01,212.0,False,"SRC-569EF26262: U.S. Census Bureau, ""Manufacturing and Trade Inventories and Sales, March 2015"" (2015-05-13) https://www2.census.gov/mtis/historical/mtis1503.pdf","release dated 2015-05-13, notice section","EDT Paul Bucchioni (Retail): (301) 763-2713 CB15-79 William Abriatis (Wholesale): (301) 763-6856 Adriana Stoica (Manufacturing): (301) 763-4832 MANUFACTURING AND TRADE INVENTORIES AND SALES March 2015 Notice of Revision: Revisions to the Retail adjusted and not adjusted monthly estimates for sales and inventories were released on April 30, 2015 and are reflected in this release. Revised historical data from the Manufacturers’ Shipments, Inventories, and Orders (M3) Survey will be issued on May 14, 2015. Revisions to the Manufacturing estimates will be reflected in the April 2015 MTIS release scheduled for June 11, 2015. Estimated Monthly Retail Sales, Inventories, and Inventories/Sales Ratios, By Kind of Business (In millions of dollars) Sales Inventories1 Percent Change Inventories/Sales NAICS Kind of Business In Inventories Ratios Code Mar. 4 The 2007 North American Industry Classification System (NAICS) defines merchant wholesalers as including manufacturers’ sales branches and offices.",,release date matches ALFRED vintage || label owner (2026-10-03): moderate; annual_benchmark carried from the verified retail release via the MTIS notice,annual_benchmark,,moderate,label owner (2026-10-03): moderate; annual_benchmark carried from the verified retail release via the MTIS notice,,,,,,
FDC-MTIS-20150611,MTIS,2015-06-11,BUSINV;ISRATIO;TOTBUSSMSA,3,FD-BUSINV-20150611;FD-ISRATIO-20150611;FD-TOTBUSSMSA-20150611,R30_CENSUS_ANNUAL,1997-01-01,221.0,False,"SRC-392E7F4B6D: U.S. Census Bureau, ""Manufacturing and Trade Inventories and Sales, April 2015"" (2015-06-11) https://www2.census.gov/mtis/historical/mtis1504.pdf","release dated 2015-06-11, notice section","EDT Rebecca DeNale (Retail): (301) 763-2713 CB15-103 William Abriatis (Wholesale): (301) 763-6856 Adriana Stoica (Manufacturing): (301) 763-4832 MANUFACTURING AND TRADE INVENTORIES AND SALES April 2015 Notice of Revision: Revised historical data from Manufacturers’ Shipments, Inventories, and Orders (M3) was released on May 14, 2015 and is reflected in this report. Estimated Monthly Retail Sales, Inventories, and Inventories/Sales Ratios, By Kind of Business (In millions of dollars) Sales Inventories1 Percent Change Inventories/Sales NAICS Kind of Business In Inventories Ratios Code Apr. 4 The 2007 North American Industry Classification System (NAICS) defines merchant wholesalers as including manufacturers’ sales branches and offices.",,release date matches ALFRED vintage || label owner (2026-10-03): moderate; carried from the M3 benchmark via the MTIS notice,annual_benchmark,,moderate,label owner (2026-10-03): moderate; carried from the M3 benchmark via the MTIS notice,,,,,,
FDC-MTIS-20160413,MTIS,2016-04-13,BUSINV;ISRATIO;TOTBUSSMSA,3,FD-BUSINV-20160413;FD-ISRATIO-20160413;FD-TOTBUSSMSA-20160413,R30_CENSUS_ANNUAL,2000-03-01,193.0,False,"SRC-39F744A6A6: U.S. Census Bureau, ""Manufacturing and Trade Inventories and Sales, February 2016"" (2016-04-13) https://www2.census.gov/mtis/historical/mtis1602.pdf
SRC-6A90F97444: U.S. Census Bureau, ""Monthly Wholesale Trade Survey annual revision (benchmark) report, 2016"" (date n/a) https://www2.census.gov/wholesale/pdf/mwts/historic/old_benchmarks/2016_mwts_benchmark.pdf","release dated 2016-04-13, notice section || wholesale annual revision report (Released March 31, 2016)","EDT Rebecca DeNale (Retail): (301) 763-2713 CB16-59 William Abriatis (Wholesale): (301) 763-6856 Adriana Stoica (Manufacturing): (301) 763-4832 MANUFACTURING AND TRADE INVENTORIES AND SALES February 2016 Intention to Revise: Revisions to the Wholesale estimates for sales and inventories were released on March 31, 2016 and are reflected in this release. Revisions to the retail estimates will be released on April 29, 2016 and will be reflected in the March 2016 MTIS release scheduled for May 13, 2016. Revised historical data from the Manufacturers' Shipments, Inventories, and Orders (M3) Survey will be issued on May 18, 2016. Revisions to the Manufacturing estimates will be reflected in the April 2016 MTIS release scheduled for June 14, 2016. Estimated Monthly Retail Sales, Inventories, and Inventories/Sales Ratios, By Kind of Business (In millions of dollars) Sales Inventories1 Percent Change Inventories/Sales NAICS Kind of Business In Inventories Ratios Code Feb. 4 The 2007 North American Industry Classification System (NAICS) defines merchant wholesalers as including manufacturers’ sales branches and offices. ||  Corresponding seasonally adjusted estimates were revised for January 2000 through January 2016.  Corresponding seasonally adjusted estimates of monthly sales were revised for January 2005 through January 2016.  Corresponding seasonally adjusted end-of month inventories estimates were revised for January 2002 through January 2016.",,release date matches ALFRED vintage || label owner (2026-10-03): moderate; annual_benchmark carried from the Census wholesale report via the MTIS notice || component document (wholesale) for the revision named in the MTIS notice || label owner (2026-10-03): moderate; annual_benchmark carried from the Census wholesale report via the MTIS notice,annual_benchmark,,moderate,label owner (2026-10-03): moderate; annual_benchmark carried from the Census wholesale report via the MTIS notice,,,,,,
FDC-MTIS-20160513,MTIS,2016-05-13,BUSINV;ISRATIO;TOTBUSSMSA,3,FD-BUSINV-20160513;FD-ISRATIO-20160513;FD-TOTBUSSMSA-20160513,R30_CENSUS_ANNUAL,2002-04-01,169.0,False,"SRC-EA36D13E30: U.S. Census Bureau, ""Manufacturing and Trade Inventories and Sales, March 2016"" (2016-05-13) https://www2.census.gov/mtis/historical/mtis1603.pdf","release dated 2016-05-13, notice section","Notice of Revision: Revisions to the Retail adjusted and not adjusted monthly estimates for sales and inventories were released on April 29, 2016 and are reflected in this release. Revised historical data from the Manufacturers’ Shipments, Inventories, and Orders (M3) Survey will be issued on May 18, 2016. Revisions to the Manufacturing estimates will be reflected in the April 2016 MTIS release scheduled for June 14, 2016. Estimated Monthly Retail Sales, Inventories, and Inventories/Sales Ratios, By Kind of Business (In millions of dollars) Sales Inventories1 Percent Change Inventories/Sales NAICS Kind of Business In Inventories Ratios Code Mar. 4 The 2007 North American Industry Classification System (NAICS) defines merchant wholesalers as including manufacturers’ sales branches and offices.",,release date matches ALFRED vintage || label owner (2026-10-03): moderate; annual_benchmark carried from the verified retail release via the MTIS notice,annual_benchmark,,moderate,label owner (2026-10-03): moderate; annual_benchmark carried from the verified retail release via the MTIS notice,,,,,,
FDC-MTIS-20160614,MTIS,2016-06-14,BUSINV;ISRATIO;TOTBUSSMSA,3,FD-BUSINV-20160614;FD-ISRATIO-20160614;FD-TOTBUSSMSA-20160614,R30_CENSUS_ANNUAL,1997-01-01,233.0,False,"SRC-6F4B96F91B: U.S. Census Bureau, ""Manufacturing and Trade Inventories and Sales, April 2016"" (2016-06-14) https://www2.census.gov/mtis/historical/mtis1604.pdf","release dated 2016-06-14, notice section","Notice of Revision: Revised historical data from the Manufacturers’ Shipments, Inventories, and Orders (M3) Survey were released on May 18, 2016, and are reflected in this report. Estimated Monthly Retail Sales, Inventories, and Inventories/Sales Ratios, By Kind of Business (In millions of dollars) Sales Inventories1 Percent Change Inventories/Sales NAICS Kind of Business In Inventories Ratios Code Apr. 4 The 2007 North American Industry Classification System (NAICS) defines merchant wholesalers as including manufacturers’ sales branches and offices.",,release date matches ALFRED vintage || label owner (2026-10-03): moderate; carried from the M3 benchmark via the MTIS notice,annual_benchmark,,moderate,label owner (2026-10-03): moderate; carried from the M3 benchmark via the MTIS notice,,,,,,
FDC-MTIS-20170414,MTIS,2017-04-14,BUSINV;ISRATIO;TOTBUSSMSA,3,FD-BUSINV-20170414;FD-ISRATIO-20170414;FD-TOTBUSSMSA-20170414,R30_CENSUS_ANNUAL,2000-01-01,207.0,False,"SRC-2A6B4B4B03: U.S. Census Bureau, ""Manufacturing and Trade Inventories and Sales, February 2017"" (2017-04-14) https://www2.census.gov/mtis/historical/mtis1702.pdf
SRC-F3E7FAF945: U.S. Census Bureau, ""Monthly Wholesale Trade Survey annual revision (benchmark) report, 2017"" (date n/a) https://www2.census.gov/wholesale/pdf/mwts/historic/old_benchmarks/2017_mwts_benchmark.pdf","release dated 2017-04-14, notice section || wholesale annual revision report (Released March 24, 2017)","Intention to Revise: Revisions to the Wholesale estimates for sales and inventories were released on March 24, 2017 and are reflected in this release. Revisions to the Retail estimates will be released on April 26, 2017 and will be reflected in the March 2017 MTIS release scheduled for May 12, 2017. Revised historical data from the Manufacturers' Shipments, Inventories, and Orders (M3) Survey will be issued on May 18, 2017 and will be reflected in the April 2017 MTIS release scheduled for June 14, 2017. Estimated Monthly Retail Sales, Inventories, and Inventories/Sales Ratios, By Kind of Business (In millions of dollars) Sales Inventories3 Percent Change Inventories/Sales NAICS Kind of Business In Inventories Ratios Code Feb. 4 The 2007 North American Industry Classification System (NAICS) defines merchant wholesalers as including manufacturers' sales branches and offices. ||  Corresponding seasonally adjusted estimates were revised for January 2000 through January 2017.  Corresponding seasonally adjusted estimates of monthly sales were revised for January 2005 through January 2017.  Corresponding seasonally adjusted end-of month inventories estimates were revised for January 2002 through January 2017.",,release date matches ALFRED vintage || label owner (2026-10-03): moderate; annual_benchmark carried from the Census wholesale report via the MTIS notice || component document (wholesale) for the revision named in the MTIS notice || label owner (2026-10-03): moderate; annual_benchmark carried from the Census wholesale report via the MTIS notice,annual_benchmark,,moderate,label owner (2026-10-03): moderate; annual_benchmark carried from the Census wholesale report via the MTIS notice,,,,,,
FDC-MTIS-20170512,MTIS,2017-05-12,BUSINV;ISRATIO;TOTBUSSMSA,3,FD-BUSINV-20170512;FD-ISRATIO-20170512;FD-TOTBUSSMSA-20170512,R30_CENSUS_ANNUAL,2002-04-01,181.0,False,"SRC-D28FEBFE69: U.S. Census Bureau, ""Manufacturing and Trade Inventories and Sales, March 2017"" (2017-05-12) https://www2.census.gov/mtis/historical/mtis1703.pdf","release dated 2017-05-12, notice section","Notice of Revision: Revisions to the Retail monthly estimates for sales and inventories were released on April 26, 2017 and are reflected in this release. Revised historical data from the Manufacturer’s Shipments, Inventories, and Orders (M3) Survey will be issued on May 18, 2017 and will be reflected in the April 2017 MTIS release scheduled for June 14, 2017. Estimated Monthly Retail Sales, Inventories, and Inventories/Sales Ratios, By Kind of Business (In millions of dollars) Sales Inventories3 Percent Change Inventories/Sales NAICS Kind of Business In Inventories Ratios Code Mar. 4 The 2007 North American Industry Classification System (NAICS) defines merchant wholesalers as including manufacturers' sales branches and offices.",,release date matches ALFRED vintage || label owner (2026-10-03): moderate; annual_benchmark carried from the verified retail release via the MTIS notice,annual_benchmark,,moderate,label owner (2026-10-03): moderate; annual_benchmark carried from the verified retail release via the MTIS notice,,,,,,
FDC-MTIS-20170614,MTIS,2017-06-14,BUSINV;ISRATIO;TOTBUSSMSA,3,FD-BUSINV-20170614;FD-ISRATIO-20170614;FD-TOTBUSSMSA-20170614,R30_CENSUS_ANNUAL,2002-01-01,185.0,False,"SRC-0621C1839B: U.S. Census Bureau, ""Manufacturing and Trade Inventories and Sales, April 2017"" (2017-06-14) https://www2.census.gov/mtis/historical/mtis1704.pdf","release dated 2017-06-14, notice section","Notice of Revision: Revised historical data from the Manufacturers’ Shipments, Inventories, and Orders (M3) Survey were released on May 18, 2017 and are reflected in this report. Estimated Monthly Retail Sales, Inventories, and Inventories/Sales Ratios, By Kind of Business (In millions of dollars) Sales Inventories3 Percent Change Inventories/Sales NAICS Kind of Business In Inventories Ratios Code Apr. 4 The 2007 North American Industry Classification System (NAICS) defines merchant wholesalers as including manufacturers' sales branches and offices.",,release date matches ALFRED vintage || label owner (2026-10-03): moderate; carried from the M3 benchmark via the MTIS notice,annual_benchmark,,moderate,label owner (2026-10-03): moderate; carried from the M3 benchmark via the MTIS notice,,,,,,
FDC-MTIS-20180614,MTIS,2018-06-14,BUSINV;ISRATIO;TOTBUSSMSA,3,FD-BUSINV-20180614;FD-ISRATIO-20180614;FD-TOTBUSSMSA-20180614,R30_CENSUS_ANNUAL,1992-01-01,317.0,True,"SRC-C10A22112F: U.S. Census Bureau, ""Manufacturing and Trade Inventories and Sales, April 2018"" (2018-06-14) https://www2.census.gov/mtis/historical/mtis1804.pdf
SRC-1BBFD05D82: U.S. Census Bureau, ""Monthly Wholesale Trade Survey annual revision (benchmark) report, 2018"" (date n/a) https://www2.census.gov/wholesale/pdf/mwts/historic/old_benchmarks/2018_mwts_benchmark.pdf","release dated 2018-06-14, notice section || wholesale annual revision report (Released May 25, 2018)","FOR RELEASE AT 10:00 AM EDT, THURSDAY, JUNE 14, 2018 MANUFACTURING AND TRADE INVENTORIES AND SALES, APRIL 2018 Release Number: CB18-91 Notice of Revision: Adjusted and not adjusted estimates in this report reflect new seasonal factors, the introduction of the 2012 NAICS, and the results of the 2016 annual surveys of the retail, wholesale, and manufacturing sectors. Revisions to the retail and wholesale estimates in this report also reflect the introduction of new samples for these surveys. Revised monthly manufacturing estimates that are input to this report were released on May 17, 2018. Revised monthly retail and wholesale estimates that are input to this report were released on May 25, 2018. Estimated Monthly Retail Sales, Inventories, and Inventories/Sales Ratios, By Kind of Business (In millions of dollars) Sales Inventories3 Percent Change Inventories/Sales NAICS Kind of Business In Inventories Ratios Code Apr. 4 The 2012 North American Industry Classification System (NAICS) defines merchant wholesalers as including manufacturers' sales branches and offices. ||  Corresponding seasonally adjusted estimates were revised for January 2000 through March 2018.  Corresponding seasonally adjusted estimates of monthly sales were revised for January 2005 through March 2018.  Corresponding seasonally adjusted end-of month inventories estimates were revised for January 2002 through March 2018.",,release date matches ALFRED vintage || label owner (2026-10-03): direct MTIS notice; 2012 NAICS introduction also documented || component document (wholesale) for the revision named in the MTIS notice || label owner (2026-10-03): direct MTIS notice; 2012 NAICS introduction also documented,annual_benchmark,sample_redesign,strong,label owner (2026-10-03): direct MTIS notice; 2012 NAICS introduction also documented,,,,,,
FDC-MTIS-20190418,MTIS,2019-04-18,BUSINV;ISRATIO;TOTBUSSMSA,3,FD-BUSINV-20190418;FD-ISRATIO-20190418;FD-TOTBUSSMSA-20190418,R30_CENSUS_ANNUAL,2005-05-01,167.0,False,"SRC-1B8411DE58: U.S. Census Bureau, ""Manufacturing and Trade Inventories and Sales, February 2019"" (2019-04-18) https://www2.census.gov/mtis/historical/mtis1902.pdf
SRC-589A0D91C0: U.S. Census Bureau, ""Monthly Wholesale Trade 2019 Revisions Notice"" (date n/a) https://www2.census.gov/wholesale/pdf/mwts/historic/old_benchmarks/2019_mwts_revisions_notice.pdf","release dated 2019-04-18, notice section || wholesale annual revision report","FOR RELEASE AT 10:00 AM EDT, THURSDAY, APRIL 18, 2019 MANUFACTURING AND TRADE INVENTORIES AND SALES, FEBRUARY 2019 Release Number: CB19-49 Intention to Revise: Revisions to the Wholesale adjusted and not adjusted monthly estimates that are input to this report were revised to reflect the 2017 Annual Wholesale Survey and were released on April 11, 2019. Revised historical data from the Manufacturers' Shipments, Inventories, and Orders (M3) will be issued on May 16, 2019. Revisions to the Retail adjusted and not adjusted monthly estimates for sales and inventories will be revised to reflect the results of the 2017 Annual Retail Survey and will be released on June 25, 2019. Revisions to the M3 estimates will be reflected in the April 2019 MTIS release scheduled for June 14, 2019 and revised Retail estimates will be reflected in the May 2019 MTIS release scheduled for July 16, 2019. Estimated Monthly Retail Sales, Inventories, and Inventories/Sales Ratios, By Kind of Business (In millions of dollars) Sales Inventories Percent Change Inventories/Sales NAICS Kind of Business In Inventories Ratios Code Feb. 4 The 2012 North American Industry Classification System (NAICS) defines merchant wholesalers as including manufacturers' sales branches and offices. ||  Corresponding seasonally adjusted estimates of monthly wholesale sales were revised for January 2013 through January 2019.  Corresponding seasonally adjusted monthly wholesale end-of month inventories estimates were revised for January 2005 through January 2019.",,release date matches ALFRED vintage || label owner (2026-10-03): moderate; annual_benchmark carried from the Census wholesale report via the MTIS notice || component document (wholesale) for the revision named in the MTIS notice || label owner (2026-10-03): moderate; annual_benchmark carried from the Census wholesale report via the MTIS notice,annual_benchmark,,moderate,label owner (2026-10-03): moderate; annual_benchmark carried from the Census wholesale report via the MTIS notice,,,,,,
FDC-MTIS-20190614,MTIS,2019-06-14,BUSINV;ISRATIO;TOTBUSSMSA,3,FD-BUSINV-20190614;FD-ISRATIO-20190614;FD-TOTBUSSMSA-20190614,R30_CENSUS_ANNUAL,2002-01-01,209.0,False,"SRC-EEBF1B9D7B: U.S. Census Bureau, ""Manufacturing and Trade Inventories and Sales, April 2019"" (2019-06-14) https://www2.census.gov/mtis/historical/mtis1904.pdf","release dated 2019-06-14, notice section","FOR RELEASE AT 10:00 AM EDT, FRIDAY, JUNE 14, 2019 MANUFACTURING AND TRADE INVENTORIES AND SALES, APRIL 2019 Release Number: CB19-81 Notice of Revision: Revised historical data from the Manufacturers' Shipments, Inventories, and Orders Survey (M3) were released on May 16, 2019 and are reflected in this release. Revisions to the Retail adjusted and not adjusted monthly estimates for sales and inventories will be revised to reflect the results of the 2017 Annual Retail Survey and will be released on June 25, 2019. Revisions to the Retail estimates will be reflected in the May 2019 MTIS release scheduled for July 16, 2019. Estimated Monthly Retail Sales, Inventories, and Inventories/Sales Ratios, By Kind of Business (In millions of dollars) Sales Inventories3 Percent Change Inventories/Sales NAICS Kind of Business In Inventories Ratios Code Apr. 4 The 2012 North American Industry Classification System (NAICS) defines merchant wholesalers as including manufacturers' sales branches and offices.",,release date matches ALFRED vintage || label owner (2026-10-03): moderate; carried from the M3 seasonal-model revision via the MTIS notice,seasonal_factor_recompute,,moderate,label owner (2026-10-03): moderate; carried from the M3 seasonal-model revision via the MTIS notice,,,,,,
FDC-MTIS-20190716,MTIS,2019-07-16,BUSINV;ISRATIO;TOTBUSSMSA,3,FD-BUSINV-20190716;FD-ISRATIO-20190716;FD-TOTBUSSMSA-20190716,R30_CENSUS_ANNUAL,2008-01-01,138.0,False,"SRC-84E1C2B44F: U.S. Census Bureau, ""Manufacturing and Trade Inventories and Sales, May 2019"" (2019-07-16) https://www2.census.gov/mtis/historical/mtis1905.pdf","release dated 2019-07-16, notice section","FOR RELEASE AT 10:00 AM EDT, TUESDAY, JULY 16, 2019 MANUFACTURING AND TRADE INVENTORIES AND SALES, MAY 2019 Release Number: CB19-100 Notice of Revision: Revisions to the Retail adjusted and not adjusted monthly estimates for sales and inventories that are input to this report were revised to reflect the 2017 Annual Retail Survey and were released on June 25, 2019. Estimated Monthly Retail Sales, Inventories, and Inventories/Sales Ratios, By Kind of Business (In millions of dollars) Sales Inventories3 Percent Change Inventories/Sales NAICS Kind of Business In Inventories Ratios Code May 2019 Apr. 4 The 2012 North American Industry Classification System (NAICS) defines merchant wholesalers as including manufacturers' sales branches and offices.",,release date matches ALFRED vintage || label owner (2026-10-03): moderate; annual_benchmark carried from the verified retail release via the MTIS notice,annual_benchmark,,moderate,label owner (2026-10-03): moderate; annual_benchmark carried from the verified retail release via the MTIS notice,,,,,,
FDC-MTIS-20200415,MTIS,2020-04-15,BUSINV;ISRATIO;TOTBUSSMSA,3,FD-BUSINV-20200415;FD-ISRATIO-20200415;FD-TOTBUSSMSA-20200415,R30_CENSUS_ANNUAL,2005-02-01,182.0,False,"SRC-AF93E9F05B: U.S. Census Bureau, ""Manufacturing and Trade Inventories and Sales, February 2020"" (2020-04-15) https://www2.census.gov/mtis/historical/mtis2002.pdf
SRC-5D5EB5BA2D: U.S. Census Bureau, ""Monthly Wholesale Trade 2020 Revisions Notice"" (date n/a) https://www2.census.gov/wholesale/pdf/mwts/historic/old_benchmarks/2020_mwts_revisions_notice.pdf","release dated 2020-04-15, notice section || wholesale annual revision report","FOR RELEASE AT 10:00 AM EDT, WEDNESDAY, APRIL 15, 2020 MANUFACTURING AND TRADE INVENTORIES AND SALES, FEBRUARY 2020 Release Number: CB20-57 Intention to Revise: Revisions to the Wholesale estimates for sales and inventories were released on March 24, 2020 and are reflected in this release. Revisions to the Retail estimates will be released on April 27, 2020 and will be reflected in the March 2020 MTIS release scheduled for May 15, 2020. Revised historical data from the Manufacturers’ Shipments, Inventories, and Orders (M3) Survey will be issued on May 15, 2020 and will be reflected in the April 2020 MTIS release scheduled for June 16, 2020. Estimated Monthly Retail Sales, Inventories, and Inventories/Sales Ratios, By Kind of Business (In millions of dollars) Sales Inventories3 Percent Change Inventories/Sales NAICS Kind of Business In Inventories Ratios Code Feb. 4 The 2012 North American Industry Classification System (NAICS) defines merchant wholesalers as including manufacturers' sales branches and offices. ||  Corresponding seasonally adjusted estimates of monthly wholesale sales were revised for January 2013 through January 2020.  Corresponding seasonally adjusted monthly wholesale end-of month inventories estimates were revised for January 2005 through January 2020.",,release date matches ALFRED vintage || label owner (2026-10-03): moderate; annual_benchmark carried from the Census wholesale revisions notice via the MTIS notice || component document (wholesale) for the revision named in the MTIS notice || label owner (2026-10-03): moderate; annual_benchmark carried from the Census wholesale revisions notice via the MTIS notice,annual_benchmark,,moderate,label owner (2026-10-03): moderate; annual_benchmark carried from the Census wholesale revisions notice via the MTIS notice,,,,,,
FDC-MTIS-20200515,MTIS,2020-05-15,BUSINV;ISRATIO;TOTBUSSMSA,3,FD-BUSINV-20200515;FD-ISRATIO-20200515;FD-TOTBUSSMSA-20200515,R30_CENSUS_ANNUAL,2008-01-01,148.0,False,"SRC-8651FC6A04: U.S. Census Bureau, ""Manufacturing and Trade Inventories and Sales, March 2020"" (2020-05-15) https://www2.census.gov/mtis/historical/mtis2003.pdf","release dated 2020-05-15, notice section","Data Inquiries Media Inquiries Economic Indicators Division Public Information Office Retail: 301-763-2713 eid.retail.indicator.branch@census.gov 301-763-3030 Wholesale: 301-763-6856 eid.wholesale.indicator.branch@census.gov pio@census.gov Manufacturing: 301-763-4832 eid.m3.qs@census.gov Notice of revision: Revisions to the Retail monthly estimates for sales and inventories were released on April 27, 2020 and are reflected in this release. Revised historical data from the Manufacturers’ Shipments, Inventories, and Orders (M3) Survey will be issued on May 15, 2020 and will be reflected in the April 2020 MTIS release scheduled for June 16, 2020. Estimated Monthly Retail Sales, Inventories, and Inventories/Sales Ratios, By Kind of Business (In millions of dollars) 3 Sales Inventories Percent Change Inventories/Sales NAICS Kind of Business In Inventories Ratios Code Mar. 4 The 2012 North American Industry Classification System (NAICS) defines merchant wholesalers as including manufacturers' sales branches and offices.",,release date matches ALFRED vintage || label owner (2026-10-03): moderate; annual_benchmark carried from the verified retail release via the MTIS notice,annual_benchmark,,moderate,label owner (2026-10-03): moderate; annual_benchmark carried from the verified retail release via the MTIS notice,,,,,,
FDC-MTIS-20200616,MTIS,2020-06-16,BUSINV;ISRATIO;TOTBUSSMSA,3,FD-BUSINV-20200616;FD-ISRATIO-20200616;FD-TOTBUSSMSA-20200616,R30_CENSUS_ANNUAL,2007-01-01,161.0,False,"SRC-556216931E: U.S. Census Bureau, ""Manufacturing and Trade Inventories and Sales, April 2020"" (2020-06-16) https://www2.census.gov/mtis/historical/mtis2004.pdf","release dated 2020-06-16, notice section","Data Inquiries Media Inquiries Economic Indicators Division Public Information Office Retail: 301-763-2713 eid.retail.indicator.branch@census.gov 301-763-3030 Wholesale: 301-763-6856 eid.wholesale.indicator.branch@census.gov pio@census.gov Manufacturing: 301-763-4832 eid.m3.qs@census.gov Notice of revision: Revised historical data from the Manufacturers’ Shipments, Inventories, and Orders (M3) Survey were released on May 15, 2020 and are reflected in this report. Estimated Monthly Retail Sales, Inventories, and Inventories/Sales Ratios, By Kind of Business (In millions of dollars) 3 Sales Inventories Percent Change Inventories/Sales NAICS Kind of Business In Inventories Ratios Code Apr. 4 The 2012 North American Industry Classification System (NAICS) defines merchant wholesalers as including manufacturers' sales branches and offices.",,release date matches ALFRED vintage || label owner (2026-10-03): moderate; carried from the M3 benchmark via the MTIS notice,annual_benchmark,,moderate,label owner (2026-10-03): moderate; carried from the M3 benchmark via the MTIS notice,,,,,,
FDC-MTIS-20210415,MTIS,2021-04-15,BUSINV;ISRATIO;TOTBUSSMSA,3,FD-BUSINV-20210415;FD-ISRATIO-20210415;FD-TOTBUSSMSA-20210415,R30_CENSUS_ANNUAL,2005-01-01,195.0,False,"SRC-AC3391817E: U.S. Census Bureau, ""Manufacturing and Trade Inventories and Sales, February 2021"" (2021-04-15) https://www2.census.gov/mtis/historical/mtis2102.pdf
SRC-FFB0B9E1C7: U.S. Census Bureau, ""Monthly Wholesale Trade 2021 Revisions Notice"" (date n/a) https://www2.census.gov/wholesale/pdf/mwts/historic/old_benchmarks/2021_mwts_revisions_notice.pdf","release dated 2021-04-15, notice section || wholesale annual revision report","FOR RELEASE AT 10:00 AM EDT, THURSDAY, APRIL 15, 2021 MANUFACTURING AND TRADE INVENTORIES AND SALES, FEBRUARY 2021 Release Number: CB21-55 Intention to Revise: Revisions to the Wholesale estimates for sales and inventories were released on March 24, 2021 and are reflected in this release. Revisions to the Retail estimates will be released on April 26, 2021 and will be reflected in the March 2021 MTIS release scheduled for May 14, 2021. Revised historical data from the Manufacturers’ Shipments, Inventories, and Orders (M3) Survey will be issued on May 14, 2021 and will be reflected in the April 2021 MTIS release scheduled for June 15, 2021. Estimated Monthly Retail Sales, Inventories, and Inventories/Sales Ratios, By Kind of Business (In millions of dollars) 3 Sales Inventories Percent Change Inventories/Sales NAICS Kind of Business In Inventories Ratios Code Feb. 4 The 2012 North American Industry Classification System (NAICS) defines merchant wholesalers as including manufacturers' sales branches and offices. ||  Corresponding seasonally adjusted estimates were revised for January 2005 through January 2021.  Corresponding seasonally adjusted estimates of monthly wholesale sales were revised for January 2010 through January 2021.  Not adjusted monthly wholesale end-of-month inventories estimates were revised for January 2008 through January 2021.",,release date matches ALFRED vintage || label owner (2026-10-03): moderate; annual_benchmark carried from the Census wholesale revisions notice via the MTIS notice || component document (wholesale) for the revision named in the MTIS notice || label owner (2026-10-03): moderate; annual_benchmark carried from the Census wholesale revisions notice via the MTIS notice,annual_benchmark,,moderate,label owner (2026-10-03): moderate; annual_benchmark carried from the Census wholesale revisions notice via the MTIS notice,,,,,,
FDC-MTIS-20210514,MTIS,2021-05-14,BUSINV;ISRATIO;TOTBUSSMSA,3,FD-BUSINV-20210514;FD-ISRATIO-20210514;FD-TOTBUSSMSA-20210514,R30_CENSUS_ANNUAL,2008-01-01,160.0,False,"SRC-BD46620A82: U.S. Census Bureau, ""Manufacturing and Trade Inventories and Sales, March 2021"" (2021-05-14) https://www2.census.gov/mtis/historical/mtis2103.pdf","release dated 2021-05-14, notice section","FOR RELEASE AT 10:00 AM EDT, FRIDAY, MAY 14, 2021 MANUFACTURING AND TRADE INVENTORIES AND SALES, MARCH 2021 Release Number: CB21-70 Notice of Revision: Revisions to the Retail monthly estimates for sales and inventories were released on April 26, 2021 and are reflected in this release. Revised historical data from the Manufacturers’ Shipments, Inventories, and Orders (M3) Survey will be issued on May 14, 2021 and will be reflected in the April 2021 MTIS release scheduled for June 15, 2021. Estimated Monthly Retail Sales, Inventories, and Inventories/Sales Ratios, By Kind of Business (In millions of dollars) 3 Sales Inventories Percent Change Inventories/Sales NAICS Kind of Business In Inventories Ratios Code Mar. 4 The 2012 North American Industry Classification System (NAICS) defines merchant wholesalers as including manufacturers' sales branches and offices.",,release date matches ALFRED vintage || label owner (2026-10-03): moderate; annual_benchmark carried from the verified retail release via the MTIS notice,annual_benchmark,,moderate,label owner (2026-10-03): moderate; annual_benchmark carried from the verified retail release via the MTIS notice,,,,,,
FDC-MTIS-20210615,MTIS,2021-06-15,BUSINV;ISRATIO;TOTBUSSMSA,3,FD-BUSINV-20210615;FD-ISRATIO-20210615;FD-TOTBUSSMSA-20210615,R30_CENSUS_ANNUAL,2007-01-01,173.0,False,"SRC-583F5D6489: U.S. Census Bureau, ""Manufacturing and Trade Inventories and Sales, April 2021"" (2021-06-15) https://www2.census.gov/mtis/historical/mtis2104.pdf","release dated 2021-06-15, notice section","FOR RELEASE AT 10:00 AM EDT, TUESDAY, JUNE 15, 2021 MANUFACTURING AND TRADE INVENTORIES AND SALES, APRIL 2021 Release Number: CB21-91 Notice of Revision: Revised historical data from the Manufacturers’ Shipments, Inventories, and Orders (M3) Survey were released on May 14, 2021 and are reflected in this report. Estimated Monthly Retail Sales, Inventories, and Inventories/Sales Ratios, By Kind of Business (In millions of dollars) 3 Sales Inventories Percent Change Inventories/Sales NAICS Kind of Business In Inventories Ratios Code Apr. 4 The 2012 North American Industry Classification System (NAICS) defines merchant wholesalers as including manufacturers' sales branches and offices.",,release date matches ALFRED vintage || label owner (2026-10-03): moderate; carried from the M3 benchmark via the MTIS notice,annual_benchmark,,moderate,label owner (2026-10-03): moderate; carried from the M3 benchmark via the MTIS notice,,,,,,
FDC-MTIS-20220414,MTIS,2022-04-14,BUSINV;ISRATIO;TOTBUSSMSA,3,FD-BUSINV-20220414;FD-ISRATIO-20220414;FD-TOTBUSSMSA-20220414,R30_CENSUS_ANNUAL,2005-01-01,207.0,False,"SRC-5F6BEF0EFA: U.S. Census Bureau, ""Manufacturing and Trade Inventories and Sales, February 2022"" (2022-04-14) https://www2.census.gov/mtis/historical/mtis2202.pdf
SRC-0BEB23523F: U.S. Census Bureau, ""Monthly Wholesale Trade 2022 Revisions Notice"" (date n/a) https://www2.census.gov/wholesale/pdf/mwts/historic/old_benchmarks/2022_mwts_revisions_notice.pdf","release dated 2022-04-14, notice section || wholesale annual revision report","FOR RELEASE AT 10:00 AM EDT, THURSDAY, APRIL 14, 2022 MANUFACTURING AND TRADE INVENTORIES AND SALES, FEBRUARY 2022 Release Number: CB22-60 Intention to Revise: Revisions to the Wholesale estimates for sales and inventories were released on March 24, 2022 and are reflected in this release. Revisions to the Retail estimates will be released on April 25, 2022 and will be reflected in the March 2022 MTIS release scheduled for May 17, 2022. Revised historical data from the Manufacturers’ Shipments, Inventories, and Orders (M3) Survey will be issued on May 13, 2022 and will be reflected in the April 2022 MTIS release scheduled for June 15, 2022. Estimated Monthly Retail Sales, Inventories, and Inventories/Sales Ratios, By Kind of Business (In millions of dollars) 3 Sales Inventories Percent Change Inventories/Sales NAICS Kind of Business In Inventories Ratios Code Feb. 4 The 2012 North American Industry Classification System (NAICS) defines merchant wholesalers as including manufacturers' sales branches and offices. || 2 Revisions Notice Summary of Revisions Not adjusted estimates of monthly wholesale sales were revised for January 2013 through January 2022.  Corresponding seasonally adjusted estimates of monthly wholesale sales were revised for January 2010 through January 2022.  Not adjusted monthly wholesale end-of-month inventories estimates were revised for January 2008 through January 2022.",,release date matches ALFRED vintage || label owner (2026-10-03): moderate; annual_benchmark carried from the Census wholesale revisions notice via the MTIS notice || component document (wholesale) for the revision named in the MTIS notice || label owner (2026-10-03): moderate; annual_benchmark carried from the Census wholesale revisions notice via the MTIS notice,annual_benchmark,,moderate,label owner (2026-10-03): moderate; annual_benchmark carried from the Census wholesale revisions notice via the MTIS notice,,,,,,
FDC-MTIS-20220517,MTIS,2022-05-17,BUSINV;ISRATIO;TOTBUSSMSA,3,FD-BUSINV-20220517;FD-ISRATIO-20220517;FD-TOTBUSSMSA-20220517,R30_CENSUS_ANNUAL,2008-01-01,172.0,False,"SRC-DD00F38E35: U.S. Census Bureau, ""Manufacturing and Trade Inventories and Sales, March 2022"" (2022-05-17) https://www2.census.gov/mtis/historical/mtis2203.pdf","release dated 2022-05-17, notice section","FOR RELEASE AT 10:00 AM EDT, TUESDAY, MAY 17, 2022 MANUFACTURING AND TRADE INVENTORIES AND SALES, MARCH 2022 Release Number: CB22-75 Notice of Revision: Revisions to the Retail monthly estimates for sales and inventories were released on April 25, 2022 and are reflected in this release. Revised historical data from the Manufacturers’ Shipments, Inventories, and Orders (M3) Survey were issued on May 13, 2022 and will be reflected in the April 2022 MTIS release scheduled for June 15, 2022. Estimated Monthly Retail Sales, Inventories, and Inventories/Sales Ratios, By Kind of Business (In millions of dollars) 3 Sales Inventories Percent Change Inventories/Sales NAICS Kind of Business In Inventories Ratios Code Mar. 4 The 2012 North American Industry Classification System (NAICS) defines merchant wholesalers as including manufacturers' sales branches and offices.",,release date matches ALFRED vintage || label owner (2026-10-03): moderate; annual_benchmark carried from the verified retail release via the MTIS notice,annual_benchmark,,moderate,label owner (2026-10-03): moderate; annual_benchmark carried from the verified retail release via the MTIS notice,,,,,,
FDC-MTIS-20220615,MTIS,2022-06-15,BUSINV;ISRATIO;TOTBUSSMSA,3,FD-BUSINV-20220615;FD-ISRATIO-20220615;FD-TOTBUSSMSA-20220615,R30_CENSUS_ANNUAL,2012-01-01,125.0,False,"SRC-E5BA6C8C22: U.S. Census Bureau, ""Manufacturing and Trade Inventories and Sales, April 2022"" (2022-06-15) https://www2.census.gov/mtis/historical/mtis2204.pdf","release dated 2022-06-15, notice section","FOR RELEASE AT 10:00 AM EDT, WEDNESDAY, JUNE 15, 2022 MANUFACTURING AND TRADE INVENTORIES AND SALES, APRIL 2022 Release Number: CB22-99 Notice of Revision: Revised historical data from the Manufacturers’ Shipments, Inventories, and Orders (M3) Survey were released on May 13, 2022 and are reflected in this report. Estimated Monthly Retail Sales, Inventories, and Inventories/Sales Ratios, By Kind of Business (In millions of dollars) 3 Sales Inventories Percent Change Inventories/Sales NAICS Kind of Business In Inventories Ratios Code Apr. 4 The 2012 North American Industry Classification System (NAICS) defines merchant wholesalers as including manufacturers' sales branches and offices.",,release date matches ALFRED vintage || label owner (2026-10-03): moderate; carried from the M3 benchmark via the MTIS notice,annual_benchmark,,moderate,label owner (2026-10-03): moderate; carried from the M3 benchmark via the MTIS notice,,,,,,
FDC-MTIS-20230414,MTIS,2023-04-14,BUSINV;ISRATIO;TOTBUSSMSA,3,FD-BUSINV-20230414;FD-ISRATIO-20230414;FD-TOTBUSSMSA-20230414,R30_CENSUS_ANNUAL,2005-01-01,219.0,False,"SRC-6511E14494: U.S. Census Bureau, ""Manufacturing and Trade Inventories and Sales, February 2023"" (2023-04-14) https://www2.census.gov/mtis/historical/mtis2302.pdf
SRC-0FF4FE880D: U.S. Census Bureau, ""Monthly Wholesale Trade 2023 Revisions Notice"" (date n/a) https://www2.census.gov/wholesale/pdf/mwts/historic/old_benchmarks/2023_mwts_revisions_notice.pdf","release dated 2023-04-14, notice section || wholesale annual revision report","FOR RELEASE AT 10:00 AM EDT, FRIDAY, APRIL 14, 2023 MANUFACTURING AND TRADE INVENTORIES AND SALES, FEBRUARY 2023 Release Number: CB23-56 Intention to Revise: Revisions to the Wholesale estimates for sales and inventories were released on March 24, 2023 and are reflected in this release. Revisions to the Retail estimates will be released on April 24, 2023 and will be reflected in the March 2023 MTIS release scheduled for May 16, 2023. Revised historical data from the Manufacturers’ Shipments, Inventories, and Orders (M3) Survey will be issued on May 12, 2023 and will be reflected in the April 2023 MTIS release scheduled for June 15, 2023. Estimated Monthly Retail Sales, Inventories, and Inventories/Sales Ratios, By Kind of Business (In millions of dollars) 3 Sales Inventories Percent Change Inventories/Sales NAICS Kind of Business In Inventories Ratios Code Feb. 4 The 2012 North American Industry Classification System (NAICS) defines merchant wholesalers as including manufacturers' sales branches and offices. || 3 Revisions Notice Summary of Revisions Not adjusted estimates of monthly wholesale sales were revised for January 2013 through January 2023.  Corresponding seasonally adjusted estimates of monthly wholesale sales were revised for January 2010 through January 2023.  Not adjusted monthly wholesale end-of-month inventories estimates were revised for January 2008 through January 2023.",,release date matches ALFRED vintage || label owner (2026-10-03): moderate; annual_benchmark carried from the Census wholesale revisions notice via the MTIS notice || component document (wholesale) for the revision named in the MTIS notice || label owner (2026-10-03): moderate; annual_benchmark carried from the Census wholesale revisions notice via the MTIS notice,annual_benchmark,,moderate,label owner (2026-10-03): moderate; annual_benchmark carried from the Census wholesale revisions notice via the MTIS notice,,,,,,
FDC-MTIS-20230516,MTIS,2023-05-16,BUSINV;ISRATIO;TOTBUSSMSA,3,FD-BUSINV-20230516;FD-ISRATIO-20230516;FD-TOTBUSSMSA-20230516,R30_CENSUS_ANNUAL,2008-01-01,184.0,False,"SRC-DD41C8D417: U.S. Census Bureau, ""Manufacturing and Trade Inventories and Sales, March 2023"" (2023-05-16) https://www2.census.gov/mtis/historical/mtis2303.pdf","release dated 2023-05-16, notice section","FOR RELEASE AT 10:00 AM EDT, TUESDAY, MAY 16, 2023 MANUFACTURING AND TRADE INVENTORIES AND SALES, MARCH 2023 Release Number: CB23-76 Notice of Revision: Revisions to the Retail estimates were released on April 24, 2023 and are reflected in this release. Revised historical data from the Manufacturers’ Shipments, Inventories, and Orders (M3) Survey were released on May 12, 2023 and will be reflected in the April 2023 MTIS release scheduled for June 15, 2023. Estimated Monthly Retail Sales, Inventories, and Inventories/Sales Ratios, By Kind of Business (In millions of dollars) 3 Sales Inventories Percent Change Inventories/Sales NAICS Kind of Business In Inventories Ratios Code Mar. 4 The 2012 North American Industry Classification System (NAICS) defines merchant wholesalers as including manufacturers' sales branches and offices.",,release date matches ALFRED vintage || label owner (2026-10-03): moderate; annual_benchmark carried from the verified retail release via the MTIS notice,annual_benchmark,,moderate,label owner (2026-10-03): moderate; annual_benchmark carried from the verified retail release via the MTIS notice,,,,,,
FDC-MTIS-20230615,MTIS,2023-06-15,BUSINV;ISRATIO;TOTBUSSMSA,3,FD-BUSINV-20230615;FD-ISRATIO-20230615;FD-TOTBUSSMSA-20230615,R30_CENSUS_ANNUAL,2012-01-01,137.0,False,"SRC-1F2D3B2A7B: U.S. Census Bureau, ""Manufacturing and Trade Inventories and Sales, April 2023"" (2023-06-15) https://www2.census.gov/mtis/historical/mtis2304.pdf","release dated 2023-06-15, notice section","FOR RELEASE AT 10:00 AM EDT, THURSDAY, JUNE 15, 2023 MANUFACTURING AND TRADE INVENTORIES AND SALES, APRIL 2023 Release Number: CB23-94 Notice of Revision: Revised historical data from the Manufacturers’ Shipments, Inventories, and Orders (M3) Survey were released on May 12, 2023 and are reflected in this report. Estimated Monthly Retail Sales, Inventories, and Inventories/Sales Ratios, By Kind of Business (In millions of dollars) 3 Sales Inventories Percent Change Inventories/Sales NAICS Kind of Business In Inventories Ratios Code Apr. 4 The 2012 North American Industry Classification System (NAICS) defines merchant wholesalers as including manufacturers' sales branches and offices.",,release date matches ALFRED vintage || label owner (2026-10-03): moderate; carried from the M3 benchmark via the MTIS notice,annual_benchmark,,moderate,label owner (2026-10-03): moderate; carried from the M3 benchmark via the MTIS notice,,,,,,
FDC-MTIS-20240415,MTIS,2024-04-15,BUSINV;ISRATIO;TOTBUSSMSA,3,FD-BUSINV-20240415;FD-ISRATIO-20240415;FD-TOTBUSSMSA-20240415,R30_CENSUS_ANNUAL,2005-01-01,231.0,False,"SRC-E6B998EC4C: U.S. Census Bureau, ""Manufacturing and Trade Inventories and Sales, February 2024"" (2024-04-15) https://www2.census.gov/mtis/historical/mtis2402.pdf
SRC-80A0C85D4A: U.S. Census Bureau, ""Monthly Wholesale Trade 2024 Revisions Notice"" (date n/a) https://www2.census.gov/wholesale/pdf/mwts/historic/old_benchmarks/2024_mwts_revisions_notice.pdf","release dated 2024-04-15, notice section || wholesale annual revision report","FOR RELEASE AT 10:00 AM EDT, MONDAY, APRIL 15, 2024 MANUFACTURING AND TRADE INVENTORIES AND SALES, FEBRUARY 2024 Release Number: CB24-59 Intention to Revise: Revisions to the Wholesale estimates for sales and inventories were released on March 27, 2024, and are reflected in this release. Revisions to the Retail estimates will be released on April 23, 2024, and will be reflected in the March 2024 MTIS release scheduled for May 15, 2024. Revised historical data from the Manufacturers’ Shipments, Inventories, and Orders (M3) Survey will be issued on May 14, 2024, and these revisions will be based on the results of the annual review of the seasonal adjustment models. Revisions to the Manufacturing estimates will be reflected in the March 2024 MTIS release scheduled for May 15, 2024. Estimated Monthly Retail Sales, Inventories, and Inventories/Sales Ratios, By Kind of Business (In millions of dollars) 3 Sales Inventories Percent Change Inventories/Sales NAICS Kind of Business In Inventories Ratios Code Feb. 4 The 2012 North American Industry Classification System (NAICS) defines merchant wholesalers as including manufacturers' sales branches and offices. || 4 Revisions Notice Summary of Revisions Not adjusted estimates of monthly wholesale sales were revised for January 2013 through January 2024.  Corresponding seasonally adjusted estimates of monthly wholesale sales were revised for January 2010 through January 2024.  Not adjusted monthly wholesale end-of-month inventories estimates were revised for January 2008 through January 2024.",,release date matches ALFRED vintage || label owner (2026-10-03): moderate; annual_benchmark carried from the Census wholesale revisions notice via the MTIS notice || component document (wholesale) for the revision named in the MTIS notice || label owner (2026-10-03): moderate; annual_benchmark carried from the Census wholesale revisions notice via the MTIS notice,annual_benchmark,,moderate,label owner (2026-10-03): moderate; annual_benchmark carried from the Census wholesale revisions notice via the MTIS notice,,,,,,
FDC-MTIS-20240515,MTIS,2024-05-15,BUSINV;ISRATIO;TOTBUSSMSA,3,FD-BUSINV-20240515;FD-ISRATIO-20240515;FD-TOTBUSSMSA-20240515,R30_CENSUS_ANNUAL,2008-01-01,196.0,False,"SRC-696695B53A: U.S. Census Bureau, ""Manufacturing and Trade Inventories and Sales, March 2024"" (2024-05-15) https://www2.census.gov/mtis/historical/mtis2403.pdf","release dated 2024-05-15, notice section","FOR RELEASE AT 10:00 AM EDT, WEDNESDAY, MAY 15, 2024 MANUFACTURING AND TRADE INVENTORIES AND SALES, MARCH 2024 Release Number: CB24-75 Notice of Revision: Revisions to the Retail estimates were released on April 23, 2024, and are reflected in this release. Revised historical data from the Manufacturers’ Shipments, Inventories, and Orders (M3) Survey were released on May 14, 2024, and are reflected in this report. Estimated Monthly Retail Sales, Inventories, and Inventories/Sales Ratios, By Kind of Business (In millions of dollars) 3 Sales Inventories Percent Change Inventories/Sales NAICS Kind of Business In Inventories Ratios Code Mar. 4 The 2012 North American Industry Classification System (NAICS) defines merchant wholesalers as including manufacturers' sales branches and offices.",,release date matches ALFRED vintage || label owner (2026-10-03): retail benchmark plus M3 seasonal-model revision,annual_benchmark,seasonal_factor_recompute,moderate,label owner (2026-10-03): retail benchmark plus M3 seasonal-model revision,,,,,,
FDC-MTIS-20250416,MTIS,2025-04-16,BUSINV;ISRATIO;TOTBUSSMSA,3,FD-BUSINV-20250416;FD-ISRATIO-20250416;FD-TOTBUSSMSA-20250416,R30_CENSUS_ANNUAL,2005-02-01,242.0,False,"SRC-433DBA91D9: U.S. Census Bureau, ""Manufacturing and Trade Inventories and Sales, February 2025"" (2025-04-16) https://www2.census.gov/mtis/historical/mtis2502.pdf
SRC-A927973B5E: U.S. Census Bureau, ""Monthly Wholesale Trade 2025 Revisions Notice"" (date n/a) https://www2.census.gov/wholesale/pdf/mwts/historic/old_benchmarks/2025_mwts_revisions_notice.pdf","release dated 2025-04-16, notice section || wholesale annual revision report","Data Inquiries Media Inquiries Economic Indicators Division Public Information Office Retail: 301-763-2713 eid.retail.indicator.branch@census.gov 301-763-3030 Wholesale: 301-763-6856 eid.wholesale.indicator.branch@census.gov pio@census.gov Manufacturing: 301-763-4832 eid.m3.qs@census.gov Notice of Revision: Revisions to the Wholesale adjusted and not adjusted monthly estimates for sales and inventories were released on March 25, 2025, and are reflected in this release. Revised historical data from the Manufacturers’ Shipments, Inventories, and Orders (M3) Survey will be issued on May 16, 2025. These revisions result from: benchmarking the M3 shipments and inventories data to the 2022 Economic Census (EC) data on a 2017 NAICS basis, as well as to revised ASM data from 2018 through 2021, resulting from benchmarking the ASM to the 2022 Economic Census. Revisions to the Manufacturing estimates will be reflected in the April 2025 MTIS release scheduled for June 17, 2025. Intention to Revise: Monthly retail estimates will be revised to reflect historical corrections and will reflect the restated results of the 2022 Annual Retail Trade Survey. Estimates will be restated to incorporate the 2017 North American Industry Classification System (NAICS) changes. In addition to the 2017 NAICS changes, the restated data will represent employer-only firms to be aligned with the Annual Integrated Economic Survey (AIES) and the Economic Census. Publication tables will be reformatted to incorporate the 2017 NAICS definitions. || 5 Revisions Notice Summary of Revisions Not adjusted estimates of monthly wholesale sales were revised for January 2013 through January 2025.  Corresponding seasonally adjusted estimates of monthly wholesale sales were revised for January 2010 through January 2025.  Not adjusted monthly wholesale end-of-month inventories estimates were revised for January 2008 through January 2025.",,release date matches ALFRED vintage || label owner (2026-10-03): moderate; annual_benchmark carried from the Census wholesale revisions notice via the MTIS notice || component document (wholesale) for the revision named in the MTIS notice || label owner (2026-10-03): moderate; annual_benchmark carried from the Census wholesale revisions notice via the MTIS notice,annual_benchmark,,moderate,label owner (2026-10-03): moderate; annual_benchmark carried from the Census wholesale revisions notice via the MTIS notice,,,,,,
FDC-MTIS-20250515,MTIS,2025-05-15,BUSINV;ISRATIO;TOTBUSSMSA,3,FD-BUSINV-20250515;FD-ISRATIO-20250515;FD-TOTBUSSMSA-20250515,R30_CENSUS_ANNUAL,1992-01-01,400.0,True,"SRC-95AF4B06A1: U.S. Census Bureau, ""Manufacturing and Trade Inventories and Sales, March 2025"" (2025-05-15) https://www2.census.gov/mtis/historical/mtis2503.pdf","release dated 2025-05-15, notice section","Data Inquiries Media Inquiries Economic Indicators Division Public Information Office Retail: 301-763-2713 eid.retail.indicator.branch@census.gov 301-763-3030 Wholesale: 301-763-6856 eid.wholesale.indicator.branch@census.gov pio@census.gov Manufacturing: 301-763-4832 eid.m3.qs@census.gov Intention to Revise: Revised historical data from the Manufacturers’ Shipments, Inventories, and Orders (M3) Survey will be issued on May 16, 2025. These revisions result from: benchmarking the M3 shipments and inventories data to the 2022 Economic Census (EC) data on a 2017 NAICS basis, as well as to revised ASM data from 2018 through 2021, resulting from benchmarking the ASM to the 2022 Economic Census. Revisions to the Manufacturing estimates will be reflected in the April 2025 MTIS release scheduled for June 17, 2025. Notice of Revision: Monthly retail estimates were revised to reflect historical corrections and reflect the restated results of the 2022 Annual Retail Trade Survey. Estimates were restated to incorporate the 2017 North American Industry Classification System (NAICS) changes. In addition to the 2017 NAICS changes, the restated data represents employer-only firms to be aligned with the Annual Integrated Economic Survey (AIES) and the Economic Census. Publication tables were reformatted to incorporate the 2017 NAICS definitions. Revised not adjusted estimates and corresponding adjusted estimates were released on April 25, 2025 at 10:00 a.m.",,release date matches ALFRED vintage || label owner (2026-10-03): retail benchmark with 2017 NAICS and employer-only restatement,annual_benchmark,rebase_or_definition,moderate,label owner (2026-10-03): retail benchmark with 2017 NAICS and employer-only restatement,,,,,,
FDC-MTIS-20250617,MTIS,2025-06-17,BUSINV;ISRATIO;TOTBUSSMSA,3,FD-BUSINV-20250617;FD-ISRATIO-20250617;FD-TOTBUSSMSA-20250617,R30_CENSUS_ANNUAL,2012-01-01,161.0,False,"SRC-97B8972E48: U.S. Census Bureau, ""Manufacturing and Trade Inventories and Sales, April 2025"" (2025-06-17) https://www2.census.gov/mtis/historical/mtis2504.pdf","release dated 2025-06-17, notice section","Data Inquiries Media Inquiries Economic Indicators Division Public Information Office Retail: 301-763-2713 eid.retail.indicator.branch@census.gov 301-763-3030 Wholesale: 301-763-6856 eid.wholesale.indicator.branch@census.gov pio@census.gov Manufacturing: 301-763-4832 eid.m3.qs@census.gov Notice of Revision: Revised historical data from the Manufacturers’ Shipments, Inventories, and Orders (M3) Survey were released on May 16, 2025. These revisions result from: benchmarking the M3 shipments and inventories data to the 2022 Economic Census (EC) data on a 2017 NAICS basis, as well as to revised ASM data from 2018 through 2021, resulting from benchmarking the ASM to the 2022 Economic Census. Revisions to the Manufacturing estimates are reflected in this release. Estimated Monthly Retail Sales, Inventories, and Inventories/Sales Ratios, By Kind of Business (In millions of dollars) 3 Sales Inventories Percent Change Inventories/Sales NAICS Kind of Business In Inventories Ratios Code Apr. 4 The 2017 North American Industry Classification System (NAICS) defines merchant wholesalers as including manufacturers' sales branches and offices.",,release date matches ALFRED vintage || label owner (2026-10-03): moderate; carried from the M3 benchmark via the MTIS notice,annual_benchmark,,moderate,label owner (2026-10-03): moderate; carried from the M3 benchmark via the MTIS notice,,,,,,
FDC-PPI-20150218,PPI,2015-02-18,PPIFIS,1,FD-PPIFIS-20150218,R10_BLS_SA_FEB,2010-12-01,50.0,False,"SRC-EA7398E3D8: U.S. Bureau of Labor Statistics, ""Producer Price Indexes news release (2015-02-18)"" (2015-02-18) https://www.bls.gov/news.release/archives/ppi_02182015.pdf",,"NAICS Code Industry 113310 Logging 212312 Crushed and broken limestone mining 212313 Crushed and broken granite mining 313320 Fabric coating mills 315990 Apparel accessories and other apparel manufacturing 322121 Paper, except newsprint, mills 322130 Paperboard mills 325311 Nitrogenous fertilizer manufacturing 325312 Phosphatic fertilizer manufacturing 325314 Fertilizer, mixing only, manufacturing 325413 In-vitro diagnostic substance manufacturing 327992 Ground or treated minerals and earths manufacturing 333316 Photographic and photocopying equipment manufacturing 333995 Fluid power cylinder and actuator manufacturing 333996 Fluid power pump and motor manufacturing 335312 Motor and generato This routine annual recalculation may affect previously published seasonally adjusted indexes and percent changes for January 2010 through December 2014. Revised seasonally adjusted data for this period, as well as seasonal adjustment factors for directly adjusted commodity indexes to be used through December 2015, were released February 13, 2015.",,news release dated 2015-02-18 (+0 days after the ALFRED vintage) | PPIFIS: earliest revised 2010-12; stated window starts 2010-01 -> MATCH (within first year of the 5-year window),seasonal_factor_recompute,,strong,BLS release on this date announces the annual seasonal-factor recalculation,,,,,,
FDC-PPI-20160217,PPI,2016-02-17,PPIFIS,1,FD-PPIFIS-20160217,R10_BLS_SA_FEB,2011-10-01,52.0,False,"SRC-1FC1590946: U.S. Bureau of Labor Statistics, ""Producer Price Indexes news release (2016-02-17)"" (2016-02-17) https://www.bls.gov/news.release/archives/ppi_02172016.pdf",,"(EDT). ***** 5 Recalculation of Seasonal Adjustment Factors Effective with this release, seasonal adjustment factors have been recalculated to reflect price-movement patterns during 2015 for the Final Demand-Intermediate Demand (FD-ID) System and commodity-grouping indexes. This routine annual recalculation may affect previously published seasonally adjusted indexes and percent changes for January 2011 through December 2015. Revised seasonally adjusted data for this period, as well as seasonal adjustment factors for directly adjusted commodity indexes to be used through December 2016, were released February 12, 2016.",,news release dated 2016-02-17 (+0 days after the ALFRED vintage) | PPIFIS: earliest revised 2011-10; stated window starts 2011-01 -> MATCH (within first year of the 5-year window),seasonal_factor_recompute,,strong,BLS release on this date announces the annual seasonal-factor recalculation,,,,,,
FDC-PPI-20170210,PPI,2017-02-10,PPIFIS,1,FD-PPIFIS-20170210,R10_BLS_SA_FEB,2012-04-01,58.0,False,"SRC-EF0BB62701: U.S. Bureau of Labor Statistics, ""Producer Price Indexes news release (2017-02-14)"" (2017-02-14) https://www.bls.gov/news.release/archives/ppi_02142017.pdf",,"(EDT). 5 ***** Recalculation of Seasonal Adjustment Factors Effective with this release, seasonal adjustment factors have been recalculated to reflect price-movement patterns during 2016 for the Final Demand-Intermediate Demand (FD-ID) System and commodity-grouping indexes. This routine annual recalculation may affect previously published seasonally adjusted indexes and percent changes for January 2012 through December 2016. Revised seasonally adjusted data for this period, as well as seasonal adjustment factors for directly adjusted commodity indexes to be used through December 2017, were released February 10, 2017.",,news release dated 2017-02-14 (+4 days after the ALFRED vintage) | PPIFIS: earliest revised 2012-04; stated window starts 2012-01 -> MATCH (within first year of the 5-year window),seasonal_factor_recompute,,strong,BLS release on this date announces the annual seasonal-factor recalculation,,,,,,
FDC-PPI-20180215,PPI,2018-02-15,PPIFIS,1,FD-PPIFIS-20180215,R10_BLS_SA_FEB,2013-09-01,53.0,False,"SRC-21F2636B43: U.S. Bureau of Labor Statistics, ""Producer Price Indexes news release (2018-02-15)"" (2018-02-15) https://www.bls.gov/news.release/archives/ppi_02152018.pdf",,"NAICS Code Industry 213115 Support activities for nonmetallic minerals (except fuels) mining 311212 Rice milling 311213 Malt manufacturing 322219 Other paperboard container manufacturing 325193 Ethyl alcohol manufacturing 325510 Paint and coating manufacturing 325520 Adhesive manufacturing 326122 Plastics pipe and pipe fitting manufacturing 326130 Laminated plastics plate, sheet (except packaging), and shape manufacturing 326191 Plastics plumbing fixture manufacturing 326299 All other rubber product manufacturing 331110 Iron and steel mills and ferroalloy manufacturing 331210 Iron and steel pipe and tube manufacturing from purchased steel 331221 Rolled steel shape manufacturing 331222 Steel  This routine annual recalculation may affect previously published seasonally adjusted indexes and percent changes for January 2013 through December 2017. Revised seasonally adjusted data for this period, as well as seasonal adjustment factors for directly adjusted commodity indexes to be used through December 2018, were released February 13, 2018.",,news release dated 2018-02-15 (+0 days after the ALFRED vintage) | PPIFIS: earliest revised 2013-09; stated window starts 2013-01 -> MATCH (within first year of the 5-year window),seasonal_factor_recompute,,strong,BLS release on this date announces the annual seasonal-factor recalculation,,,,,,
FDC-PPI-20190212,PPI,2019-02-12,PPIFIS,1,FD-PPIFIS-20190212,R10_BLS_SA_FEB,2014-06-01,56.0,False,"SRC-D1F4EDA4FB: U.S. Bureau of Labor Statistics, ""Producer Price Indexes news release (2019-02-14)"" (2019-02-14) https://www.bls.gov/news.release/archives/ppi_02142019.pdf",,"(EDT). 5 ***** Recalculation of Seasonal Adjustment Factors Effective with this release, seasonal adjustment factors have been recalculated to reflect price-movement patterns during 2018 for the Final Demand-Intermediate Demand (FD-ID) System and commodity-grouping indexes. This routine annual recalculation may affect previously published seasonally adjusted indexes and percent changes for January 2014 through December 2018. Revised seasonally adjusted data for this period, as well as seasonal adjustment factors for directly adjusted commodity indexes to be used through December 2019, were released February 12, 2019.",,news release dated 2019-02-14 (+2 days after the ALFRED vintage) | PPIFIS: earliest revised 2014-06; stated window starts 2014-01 -> MATCH (within first year of the 5-year window),seasonal_factor_recompute,,strong,BLS release on this date announces the annual seasonal-factor recalculation,,,,,,
FDC-PPI-20200214,PPI,2020-02-14,PPIFIS,1,FD-PPIFIS-20200214,R10_BLS_SA_FEB,2015-05-01,57.0,False,"SRC-D0C35F9527: U.S. Bureau of Labor Statistics, ""Producer Price Indexes news release (2020-02-19)"" (2020-02-19) https://www.bls.gov/news.release/archives/ppi_02192020.pdf",,"(EDT). 5 ***** Recalculation of Seasonal Adjustment Factors Effective with this release, seasonal adjustment factors have been recalculated to reflect price-movement patterns during 2019 for the Final Demand-Intermediate Demand (FD-ID) system and commodity-grouping indexes. This routine annual recalculation may affect previously published seasonally adjusted indexes and percent changes for January 2015 through December 2019. Revised seasonally adjusted data for this period, as well as seasonal adjustment factors for directly adjusted commodity indexes to be used through December 2020, were released February 14, 2020.",,news release dated 2020-02-19 (+5 days after the ALFRED vintage) | PPIFIS: earliest revised 2015-05; stated window starts 2015-01 -> MATCH (within first year of the 5-year window),seasonal_factor_recompute,,strong,BLS release on this date announces the annual seasonal-factor recalculation,,,,,,
FDC-PPI-20210217,PPI,2021-02-17,PPIFIS,1,FD-PPIFIS-20210217,R10_BLS_SA_FEB,2016-04-01,58.0,False,"SRC-45B4667795: U.S. Bureau of Labor Statistics, ""Producer Price Indexes news release (2021-02-17)"" (2021-02-17) https://www.bls.gov/news.release/archives/ppi_02172021.pdf",p. 6,"For more information about this update, contact Jonathan Weinhagen at weinhagen.jonathan@bls.gov or (202) 691-7709. ***** 6 Recalculation of Seasonal Adjustment Factors Effective with this release, seasonal adjustment factors have been recalculated to reflect price-movement patterns during 2020 for the Final Demand-Intermediate Demand (FD-ID) system and commodity- grouping indexes. This routine annual recalculation may affect previously published seasonally adjusted indexes and percent changes for January 2016 through December 2020. Revised seasonally adjusted data for this period, as well as seasonal adjustment factors for directly adjusted commodity indexes to be used through December 2021, were released February 12, 2021.",,news release dated 2021-02-17 (+0 days after the ALFRED vintage) | PPIFIS: earliest revised 2016-04; stated window starts 2016-01 -> MATCH (within first year of the 5-year window),seasonal_factor_recompute,,strong,BLS release on this date announces the annual seasonal-factor recalculation,,,,,,
FDC-PPI-20220211,PPI,2022-02-11,PPIFIS,1,FD-PPIFIS-20220211,R10_BLS_SA_FEB,2017-05-01,57.0,False,"SRC-4DA2B17718: U.S. Bureau of Labor Statistics, ""Producer Price Indexes news release (2022-02-15)"" (2022-02-15) https://www.bls.gov/news.release/archives/ppi_02152022.pdf",,"(ET). 5 ***** Recalculation of Seasonal Adjustment Factors Effective with this release, seasonal adjustment factors have been recalculated to reflect price-movement patterns during 2021 for the Final Demand-Intermediate Demand (FD-ID) system and commodity-grouping indexes. This routine annual recalculation may affect previously published seasonally adjusted indexes and percent changes for January 2017 through December 2021. Revised seasonally adjusted data for this period, as well as seasonal adjustment factors for directly adjusted commodity indexes to be used through December 2022, were released February 11, 2022.",,news release dated 2022-02-15 (+4 days after the ALFRED vintage) | PPIFIS: earliest revised 2017-05; stated window starts 2017-01 -> MATCH (within first year of the 5-year window),seasonal_factor_recompute,,strong,BLS release on this date announces the annual seasonal-factor recalculation,,,,,,
FDC-PPI-20230214,PPI,2023-02-14,PPIFIS,1,FD-PPIFIS-20230214,R10_BLS_SA_FEB,2018-03-01,59.0,False,"SRC-A72F09D269: U.S. Bureau of Labor Statistics, ""Producer Price Indexes news release (2023-02-16)"" (2023-02-16) https://www.bls.gov/news.release/archives/ppi_02162023.pdf",,"NAICS Code Industry 212110 Coal mining 311520 Ice cream and frozen dessert manufacturing 311710 Seafood product preparation and packaging 311811 Retail bakeries 312130 Wineries 316110 Leather and hide tanning and finishing 322120 Paper mills 325220 Artificial fibers and filaments manufacturing 327215 Glass product manufacturing, made of purchased glass 327991 Cut stone and stone product manufacturing 331420 Copper rolling, drawing, extruding, and alloying 331492 Secondary smelting, refining, and alloying of nonferrous metal (except copper and aluminum) 332992 Small arms ammunition manufacturing 333241 Food product machinery manufacturing 333612 Speed changer, drive, and gear manufacturing 33 This routine annual recalculation may affect previously published seasonally adjusted indexes and percent changes for January 2018 through December 2022. Revised seasonally adjusted data for this period, as well as seasonal adjustment factors for directly adjusted commodity indexes to be used through December 2023, were released February 14, 2023.",,news release dated 2023-02-16 (+2 days after the ALFRED vintage) | PPIFIS: earliest revised 2018-03; stated window starts 2018-01 -> MATCH (within first year of the 5-year window),seasonal_factor_recompute,,strong,BLS release on this date announces the annual seasonal-factor recalculation,,,,,,
FDC-PPI-20240214,PPI,2024-02-14,PPIFIS,1,FD-PPIFIS-20240214,R10_BLS_SA_FEB,2019-07-01,55.0,False,"SRC-CE11F277CD: U.S. Bureau of Labor Statistics, ""Producer Price Indexes news release (2024-02-16)"" (2024-02-16) https://www.bls.gov/news.release/archives/ppi_02162024.pdf",,"(ET). ***** 5 Recalculation of Seasonal Adjustment Factors Effective with this release, seasonal adjustment factors have been recalculated to reflect price-movement patterns during 2023 for the Final Demand-Intermediate Demand (FD-ID) system and commodity-grouping indexes. This routine annual recalculation may affect previously published seasonally adjusted indexes and percent changes for January 2019 through December 2023. Revised seasonally adjusted data for this period, as well as seasonal adjustment factors for directly adjusted commodity indexes to be used through December 2024, were released February 14, 2024.",,news release dated 2024-02-16 (+2 days after the ALFRED vintage) | PPIFIS: earliest revised 2019-07; stated window starts 2019-01 -> MATCH (within first year of the 5-year window),seasonal_factor_recompute,,strong,BLS release on this date announces the annual seasonal-factor recalculation,,,,,,
FDC-PPI-20250213,PPI,2025-02-13,PPIFIS,1,FD-PPIFIS-20250213,R10_BLS_SA_FEB,2020-01-01,61.0,False,"SRC-5444173533: U.S. Bureau of Labor Statistics, ""Producer Price Indexes news release (2025-02-13)"" (2025-02-13) https://www.bls.gov/news.release/archives/ppi_02132025.pdf",,"(ET). ***** 5 Recalculated Relative Importance Figures and Seasonal Adjustment Factors Available Each year with the release of data for January, relative importance figures and seasonal adjustment factors are recalculated to reflect price movements from the just-completed calendar year. Relative Importance Figure Tables for December 2024: • Final demand by individual commodities • Final demand by component series • Individual commodities of intermediate demand by commodity type • Component series of intermediate demand by commodity type • Individual commodities of intermediate demand by production flow • Component series of intermediate demand by production flow • Commodities, all levels • Wherever-provided services and construction Seasonal Factor Update: • Direct seasonal factors for PPI commodity indexes for 2025 • Recalculated seasonal factors for the last 5 years (2020-2024) for PPI commodity indexes • Recalculated seasonal factors for the last 5 years (2020-2024) for  For additional information, contact the PPI Section of Index Analysis and Public Information at ppi- info@bls.gov or (202) 691-7705. ***** 6 PPI Recalculates Seasonal Adjustment Factors Effective with this release, Producer Price Index (PPI) seasonal adjustment factors have been recalculated to reflect price-movement patterns during 2024 for the Final Demand-Intermediate Demand (FD-ID) system and commodity-grouping indexes.",,news release dated 2025-02-13 (+0 days after the ALFRED vintage) | PPIFIS: earliest revised 2020-01; stated window starts 2020-01 -> MATCH (within first year of the 5-year window),seasonal_factor_recompute,,strong,BLS release on this date announces the annual seasonal-factor recalculation,,,,,,
FDC-PPI-20260227,PPI,2026-02-27,PPIFIS,1,FD-PPIFIS-20260227,R10_BLS_SA_FEB,2021-04-01,58.0,False,"SRC-802CF04FC0: U.S. Bureau of Labor Statistics, ""Producer Price Indexes news release (2026-02-27)"" (2026-02-27) https://www.bls.gov/news.release/archives/ppi_02272026.pdf",p. 6,"The PPI release schedule for 2026 is available at www.bls.gov/schedule/news_release/ppi.htm. ***** 6 PPI Recalculates Seasonal Adjustment Factors Effective with this release, Producer Price Index (PPI) seasonal adjustment factors have been recalculated to reflect price-movement patterns during 2025 for the Final Demand-Intermediate Demand (FD-ID) system and commodity-grouping indexes. This routine annual recalculation impacts previously published seasonally adjusted indexes and percent changes for January 2021 through December 2025. Tables E and F provide seasonally adjusted percent changes for major FD-ID system indexes in 2025, based on former and recalculated seasonal factors.",,news release dated 2026-02-27 (+0 days after the ALFRED vintage) | PPIFIS: earliest revised 2021-04; stated window starts 2021-01 -> MATCH (within first year of the 5-year window),seasonal_factor_recompute,,strong,BLS release on this date announces the annual seasonal-factor recalculation,,,,,,
FDC-TSI-20160113,TSI,2016-01-13,TSITTL,1,FD-TSITTL-20160113,R27_TSI_SCREENED,2003-10-01,147.0,False,,,,,,unknown,,none,no agency source located,,,,,,
FDC-TSI-20180411,TSI,2018-04-11,TSIFRGHT,1,FD-TSIFRGHT-20180411,R27_TSI_SCREENED,2000-02-01,218.0,True,,,,,,unknown,,none,no agency source located,,,,,,
FDC-TSI-20180613,TSI,2018-06-13,TSIFRGHT;TSITTL,2,FD-TSIFRGHT-20180613;FD-TSITTL-20180613,R27_TSI_SCREENED,2000-02-01,220.0,True,,,,,,unknown,,none,no agency source located,,,,,,
FDC-TSI-20200709,TSI,2020-07-09,TSITTL,1,FD-TSITTL-20200709,R27_TSI_SCREENED,2000-09-01,238.0,False,,,,,,unknown,,none,no agency source located,,,,,,
FDC-TSI-20200812,TSI,2020-08-12,TSITTL,1,FD-TSITTL-20200812,R27_TSI_SCREENED,2000-09-01,239.0,False,,,,,,unknown,,none,no agency source located,,,,,,
FDC-TSI-20200910,TSI,2020-09-10,TSITTL,1,FD-TSITTL-20200910,R27_TSI_SCREENED,2001-10-01,227.0,False,,,,,,unknown,,none,no agency source located,,,,,,
FDC-TSI-20201015,TSI,2020-10-15,TSIFRGHT,1,FD-TSIFRGHT-20201015,R27_TSI_SCREENED,2000-02-01,248.0,True,"SRC-048D1B823E: Bureau of Transportation Statistics, ""August 2020 Freight Transportation Services Index (TSI) Down 1.3% from July"" (2020-10-15) https://www.bts.gov/newsroom/august-2020-freight-transportation-services-index-tsi-down-13-july","release text, revisions paragraph (excerpt capture)","The July index was revised to 132.8 from 128.9 in last month’s release. This was largely due to a revision in the (non-seasonally adjusted) ATA truck tonnage index from an advanced estimate of a 2.5% decrease, to a final estimate of a 1.3% increase.   Monthly numbers for May and June were revised up slightly. March and April were revised down slightly.",,stated July 2020 128.9 -> 132.8 vs observed TSIFRGHT 2020-07 128.9 -> 132.8 -> MATCH; revision is upstream (ATA truck tonnage advanced -> final estimate),advance_to_revised,,strong,release-specific source (see quote),,,,,,
FDC-TSI-20210310,TSI,2021-03-10,TSIFRGHT;TSITTL,2,FD-TSIFRGHT-20210310;FD-TSITTL-20210310,R27_TSI_SCREENED,2000-03-01,252.0,True,"SRC-D59A10394B: Bureau of Transportation Statistics, ""CORRECTED: January 2021 Freight Transportation Services Index (TSI) Rose 1.1% from December"" (2021-03-30) https://www.bts.gov/newsroom/corrected-january-2021-freight-transportation-services-index-tsi-rose-11-december",correction notice (excerpt capture),"The numbers in this release are corrected from the release issued on March 10 in which the December index number was incorrect. Data revisions due to changes in source data from previous months: The December index was revised to 134.6 from 136.3 in last month’s release following a downward revision in truck tonnage. Monthly numbers for January, May, August, and November 2020 were revised down slightly. February, September, and October 2020 were revised up slightly. The revisions were released previously in the March 10 release.",,TSIFRGHT 2020-12 136.3 -> 141.3 in this vintage is the value BTS later declared incorrect; no cause of the change stated. TSITTL revisions not addressed,unknown,,none,release-specific source (see quote),,,,,,
FDC-TSI-20210414,TSI,2021-04-14,TSIFRGHT,1,FD-TSIFRGHT-20210414,R27_TSI_SCREENED,2000-01-01,255.0,True,"SRC-D59A10394B: Bureau of Transportation Statistics, ""CORRECTED: January 2021 Freight Transportation Services Index (TSI) Rose 1.1% from December"" (2021-03-30) https://www.bts.gov/newsroom/corrected-january-2021-freight-transportation-services-index-tsi-rose-11-december",correction notice (excerpt capture),"The numbers in this release are corrected from the release issued on March 10 in which the December index number was incorrect. Data revisions due to changes in source data from previous months: The December index was revised to 134.6 from 136.3 in last month’s release following a downward revision in truck tonnage. Monthly numbers for January, May, August, and November 2020 were revised down slightly. February, September, and October 2020 were revised up slightly. The revisions were released previously in the March 10 release.",,corrected December 2020 value 134.6 vs observed TSIFRGHT 2020-12 141.3 -> 134.6 in this vintage -> MATCH,correction,,strong,release-specific source (see quote),,,,,,
FDC-TSI-20210609,TSI,2021-06-09,TSIFRGHT;TSITTL,2,FD-TSIFRGHT-20210609;FD-TSITTL-20210609,R27_TSI_SCREENED,2000-01-01,257.0,True,"SRC-89A1046B13: Bureau of Transportation Statistics, ""April 2021 Freight Transportation Services Index (TSI) Equaled Highest Level since Start of Pandemic"" (2021-06-09) https://www.bts.gov/newsroom/april-2021-freight-transportation-services-index-tsi-equaled-highest-level-start-pandemic","release text, freight revisions paragraph (excerpt capture)",The March index was revised to 135.9 from 130.0 in last month’s release due primarily to a 7.9% upward revision in the American Trucking Associations’ unadjusted truck tonnage index.  January was revised down slightly and February was revised up slightly. The entire series was revised to incorporate revised economic weights for 2020.,,stated March 2021 130.0 -> 135.9 vs observed TSIFRGHT 2021-03 130.0 -> 135.9 -> MATCH (freight only); combined-index (TSITTL) revisions not explained,unknown,,none,release-specific source (see quote),,,,,,
FDC-TSI-20230117,TSI,2023-01-17,TSITTL,1,FD-TSITTL-20230117,R27_TSI_SCREENED,2000-06-01,271.0,False,,,,,,unknown,,none,no agency source located,,,,,,
