source_id,publisher,title,doc_type,document_id,publication_date,url,retrieval,accessed_utc,sha256,bytes
SRC-01DB2BC685,U.S. Census Bureau,"Full Report on Manufacturers' Shipments, Inventories, and Orders, June 1998",release,,1998-08-06,https://www.census.gov/manufacturing/m3/historical_data/pressreleases/prel/1998/jun98prel.pdf,direct_download,2026-10-03T18:20:53Z,00e7448216b33f14d556696371bc0a190ea391b72280ed0c5944d4c84f68a520,895242
SRC-03BD431077,U.S. Bureau of Labor Statistics,Consumer Price Index news release (2024-02-13),release,,2024-02-13,https://www.bls.gov/news.release/archives/cpi_02132024.pdf,direct_download,2026-10-03T18:26:39Z,14d836bdf6bf8c99d1a21c84e8db8094415b331e8b2b18e919079443db183a6d,522728
SRC-048D1B823E,Bureau of Transportation Statistics,August 2020 Freight Transportation Services Index (TSI) Down 1.3% from July,release,,2020-10-15,https://www.bts.gov/newsroom/august-2020-freight-transportation-services-index-tsi-down-13-july,"browser_excerpt_capture: evidence/captures/bts_tsi_release_2020-10-15.excerpt.txt (selected lines of the <main> text of the HTML served to the built-in browser (same-origin request from an approved bts.gov page), 2026-10-03T23:12:34Z); sha256 is of the capture, not the server file; page HTML at capture time: 134489 bytes, sha256 cc6677d4fbb74a8f3216150e2a991f41d0d533da4dc7f1bfbbf0a1f35334f958 (not stored)",2026-10-03T23:12:34Z,7538d7bbe61fd241f6facbab63a0317e231dceb614285865aca18e584635f97a,655
SRC-0621C1839B,U.S. Census Bureau,"Manufacturing and Trade Inventories and Sales, April 2017",release,mtis1704,2017-06-14,https://www2.census.gov/mtis/historical/mtis1704.pdf,direct_download,2026-10-03T18:24:48Z,5a78186aafab563ed1039d2e1a165137b410cffcb759d24e66aacc76e7c198ad,173413
SRC-06F791A2D4,U.S. Census Bureau,Annual Benchmark Report for Retail Trade and Food Services (data year 2006),benchmark_report,annpub06,2007-03,https://www2.census.gov/retail/releases/benchmark/annpub06.pdf,direct_download,2026-10-03T18:22:52Z,43ec8b800bb32596141ea6a550d5311391e784fb7e4f793200d12e0e1887e2a5,2293847
SRC-079D0A9032,U.S. Census Bureau,Annual Benchmark Report for Retail Trade and Food Services (data year 2001),benchmark_report,annpub01,2002-05,https://www2.census.gov/retail/releases/benchmark/annpub01.pdf,direct_download,2026-10-03T18:58:02Z,cb43ac7e444b33b09fbd938b7fe4d5e84dc6cceb03ede14f5034f24660c29e61,905216
SRC-08C8258568,U.S. Bureau of Labor Statistics,PPI archived news releases (index),index,,,https://www.bls.gov/bls/news-release/ppi.htm,direct_download,2026-10-03T18:27:07Z,d5a2dfd4ad2165a5cd69887be7642e923dcf475e498ae0782d190eaf92ad4cd5,129768
SRC-093BC98B80,U.S. Census Bureau,"Manufacturing and Trade Inventories and Sales, February 2009",release,mtis0902,2009-04-14,https://www2.census.gov/mtis/historical/mtis0902.pdf,direct_download,2026-10-03T18:24:09Z,472a094e97c163038c067d5237f4079cd5d86f77a655efdde64a68a941bb8e7a,61359
SRC-093D4DCCFB,U.S. Census Bureau,"Full Report on Manufacturers' Shipments, Inventories, and Orders, January 2008",release,,2008-03-05,https://www.census.gov/manufacturing/m3/historical_data/pressreleases/prel/2008/jan08prel.pdf,direct_download,2026-10-03T18:21:27Z,e480f02d5c6d82b474743c671cda27efcfd161ffb2e1f6497da42cbc1451d36d,139095
SRC-0A8F011238,U.S. Census Bureau,"Manufacturing and Trade Inventories and Sales, January 2009",release,mtis0901,2009-03-12,https://www2.census.gov/mtis/historical/mtis0901.pdf,direct_download,2026-10-03T18:24:10Z,3f8724ba6afa0febe683a340cd78bdbc5b7c4ba18a862f6418dde438549e40c5,61784
SRC-0AC85C4849,U.S. Census Bureau,"Manufacturing and Trade Inventories and Sales, November 2009",release,mtis0911,2010-01-28,https://www2.census.gov/mtis/historical/mtis0911.pdf,direct_download,2026-10-03T18:24:13Z,5f457cb0a6c77f140b74a5218c921e671e999b513ff43171f4333142a7b383b5,75300
SRC-0B402A5DED,U.S. Census Bureau,"Manufacturing and Trade Inventories and Sales, April 2007",release,mtis0704,2007-06-13,https://www2.census.gov/mtis/historical/mtis0704.pdf,direct_download,2026-10-03T18:24:02Z,7c67290054353520432dd492ec7a18c50b1b4f73f2b7d6debbe4e55cd19c5610,65605
SRC-0BADD82ECA,U.S. Census Bureau,Annual Revision of Monthly Retail and Food Services: Introduction / Explanation of Revisions (2016),benchmark_report,retail-annual-2016,,https://www.census.gov/retail/mrts/www/benchmark/2016/pdf/Introduction.pdf,direct_download,2026-10-03T18:23:02Z,26352893ed6c7dc893814e774aa13612710aed7f5ac5cb06267f18b30fac082c,105705
SRC-0C3D639734,U.S. Census Bureau,"Advance Monthly Sales for Retail and Food Services, August 2026 (CB26-153)",release,CB26-153,2026-09-16,https://www2.census.gov/retail/releases/historical/marts/adv2608.pdf,direct_download,2026-10-03T18:19:56Z,a34c6613df9d573c838ded6113c72688f1562f8452d2d682a4658a5e50921b21,375380
SRC-0C80FE5245,U.S. Census Bureau,"Manufacturing and Trade Inventories and Sales, May 2015",release,mtis1505,2015-07-14,https://www2.census.gov/mtis/historical/mtis1505.pdf,direct_download,2026-10-03T18:24:39Z,35d77398ea8e9aa4bfe3c8f0b917dd4d1c3f369f1d9ddae56bc3ad9b40df9e80,61307
SRC-0E2CEE177B,U.S. Census Bureau,"Manufacturing and Trade Inventories and Sales, April 2003",release,mtis0304,2003-06-12,https://www2.census.gov/mtis/historical/mtis0304.pdf,direct_download,2026-10-03T18:23:40Z,f57dbc87914ce67889575ae2197e6b56bfb7aaf034dc3b2781f612410f610ce2,319020
SRC-0EBDD4D27F,U.S. Bureau of Labor Statistics,Consumer Price Index news release (2020-02-13),release,,2020-02-13,https://www.bls.gov/news.release/archives/cpi_02132020.pdf,direct_download,2026-10-03T18:26:34Z,32848395c0f16448f226cff4110d96b48aa9d057f4df5849fac3a66cebd1c841,403401
SRC-0FBCD1F15F,U.S. Census Bureau,"Manufacturing and Trade Inventories and Sales, July 1998",release,mtis9807,1998-09-16,https://www2.census.gov/mtis/historical/mtis9807.txt,direct_download,2026-10-03T19:01:44Z,6ff5ee17fc310116310bd7b990e93bc23e9a6f8bea6cec67921086b6753c5394,13535
SRC-1037CAD8F0,U.S. Census Bureau,"Full Report on Manufacturers' Shipments, Inventories, and Orders, January 2025",release,,2025-03-05,https://www.census.gov/manufacturing/m3/historical_data/pressreleases/prel/2025/jan25prel.pdf,direct_download,2026-10-03T18:22:43Z,810ef0551fd7af5cb3bcb0329bdc439ddf3675552237931fade68d0392e11efc,548746
SRC-11477B34AE,U.S. Census Bureau,"Full Report on Manufacturers' Shipments, Inventories, and Orders, February 2021",release,,2021-04-05,https://www.census.gov/manufacturing/m3/historical_data/pressreleases/prel/2021/feb21prel.pdf,direct_download,2026-10-03T18:22:26Z,ea5d4a524bee6c5d671d9342463353ad68b994b320bd2350b6e7ef531627a368,532188
SRC-117A62329A,U.S. Census Bureau,Annual Revision of Monthly Retail and Food Services: Introduction / Explanation of Revisions (2018),benchmark_report,retail-annual-2018,,https://www.census.gov/retail/mrts/www/benchmark/2018/pdf/Introduction.pdf,direct_download,2026-10-03T18:23:03Z,7c10ed0c6db2cb05773ef8b85e4298d244b85cc66b0b2a218631c3cee1885449,207499
SRC-128A0E0EC1,U.S. Census Bureau,"Full Report on Manufacturers' Shipments, Inventories, and Orders, September 2009",release,,2009-11-03,https://www.census.gov/manufacturing/m3/historical_data/pressreleases/prel/2009/sep09prel.pdf,direct_download,2026-10-03T18:21:32Z,9576050487e2681a196399cb2e2e0097aa5fdfaf202ae16ee5f75708442a969d,112110
SRC-13AB5D9036,U.S. Census Bureau,Annual Revision of Monthly Retail and Food Services: Introduction / Explanation of Revisions (2020),benchmark_report,retail-annual-2020,,https://www.census.gov/retail/mrts/www/benchmark/2020/pdf/Introduction.pdf,direct_download,2026-10-03T18:23:05Z,5959d16f39d85720e6ea78c0deea9df7f1d0063908e84d1393d0d50037f9d4c9,109857
SRC-1439A7368B,U.S. Bureau of Labor Statistics,Consumer Price Index news release (2016-02-19),release,,2016-02-19,https://www.bls.gov/news.release/archives/cpi_02192016.pdf,direct_download,2026-10-03T18:20:38Z,2cc8dc0d3462bb90850d2659d8d7647f5c24fda76787d3413972cfbb7fa53a4d,417096
SRC-14B7122F07,U.S. Census Bureau,"Full Report on Manufacturers' Shipments, Inventories, and Orders, April 2018",release,,2018-06-04,https://www.census.gov/manufacturing/m3/historical_data/pressreleases/prel/2018/apr18prel.pdf,direct_download,2026-10-03T18:22:08Z,50b75efe26522a8af81886af07fd77af522a1f1ec1ade89f6821c7eec458f9e4,233725
SRC-14B998F800,U.S. Census Bureau,"Full Report on Manufacturers' Shipments, Inventories, and Orders, April 2023",release,,2023-06-05,https://www.census.gov/manufacturing/m3/historical_data/pressreleases/prel/2023/apr23prel.pdf,direct_download,2026-10-03T18:22:32Z,95084a1d5524a4e521454948c6d8ba097c6a192eefc32a54fa0006cb0e4dafb9,635007
SRC-1546FEEF69,U.S. Census Bureau,"Full Report on Manufacturers' Shipments, Inventories, and Orders, February 2007",release,,2007-04-04,https://www.census.gov/manufacturing/m3/historical_data/pressreleases/prel/2007/feb07prel.pdf,direct_download,2026-10-03T18:21:22Z,74681aa77121780c6a0d13788881f2cc33e30c7abcdaceceb54f3c5515005adc,136220
SRC-1550885147,U.S. Census Bureau,"Full Report on Manufacturers' Shipments, Inventories, and Orders, April 1998",release,,1998-06-04,https://www.census.gov/manufacturing/m3/historical_data/pressreleases/prel/1998/apr98prel.pdf,direct_download,2026-10-03T18:20:55Z,36b4c3422e463469651c16582ab9cb67c8a6dda170255355d96462e0c2f0b1b6,880573
SRC-155FCBF102,U.S. Census Bureau,"Full Report on Manufacturers' Shipments, Inventories, and Orders, April 2019",release,,2019-06-04,https://www.census.gov/manufacturing/m3/historical_data/pressreleases/prel/2019/apr19prel.pdf,direct_download,2026-10-03T18:22:13Z,99d5371ca529534bb7d1b025df3082aabe086cb7b64a3fa99959b7bf70e2e3cf,317900
SRC-15EA451923,U.S. Census Bureau,Annual Benchmark Report for Retail Trade and Food Services (data year 2003),benchmark_report,annpub03,2004-03,https://www2.census.gov/retail/releases/benchmark/annpub03.pdf,direct_download,2026-10-03T18:22:47Z,47c78c4838f0d44c15f7001c5f622dfc75c998ecd51c4e1cb09eb48e05e8c6b6,1516833
SRC-15F794A8BB,U.S. Census Bureau,"Full Report on Manufacturers' Shipments, Inventories, and Orders, January 2019",release,,2019-03-19,https://www.census.gov/manufacturing/m3/historical_data/pressreleases/prel/2019/jan19prel.pdf,direct_download,2026-10-03T18:22:16Z,0e53e07d000e5b20bd592890501da11011c25f1b0e1170275d6eb8ef73e9eb49,426247
SRC-16085A9F52,U.S. Bureau of Labor Statistics,Consumer Price Index news release (2003-02-21),release,,2003-02-21,https://www.bls.gov/news.release/archives/cpi_02212003.pdf,direct_download,2026-10-03T18:20:26Z,3372365211e3123fc1e9791ce489c92a9465954466e7e925bcb33940e039c9a9,89044
SRC-174E46DBCC,U.S. Census Bureau,"Manufacturing and Trade Inventories and Sales, January 2006",release,mtis0601,2006-03-14,https://www2.census.gov/mtis/historical/mtis0601.pdf,direct_download,2026-10-03T18:23:56Z,84aedfc6baf6d7a9f4ef5287c29cd471cd6adfab66ebe53556b26ea03b54e27b,65940
SRC-18071FA047,U.S. Census Bureau,"Manufacturing and Trade Inventories and Sales, December 2009",release,mtis0912,2010-02-12,https://www2.census.gov/mtis/historical/mtis0912.pdf,direct_download,2026-10-03T18:24:12Z,f98585c15b267d8cd55b2c3ba25c22cb0202f324ca7246a98f2352a5407369ab,62065
SRC-187E88CB43,U.S. Census Bureau,"Manufacturing and Trade Inventories and Sales, January 2023",release,mtis2301,2023-03-15,https://www2.census.gov/mtis/historical/mtis2301.pdf,direct_download,2026-10-03T18:25:18Z,b9af6ce357e6c4c2a724a42829ad5af48f5a9e382b89c4ca1d4717c9786fc683,943077
SRC-189CBB635A,U.S. Census Bureau,"Manufacturing and Trade Inventories and Sales, April 2014",release,mtis1404,2014-06-12,https://www2.census.gov/mtis/historical/mtis1404.pdf,direct_download,2026-10-03T18:24:34Z,b2366b1a6f9d3143f481c03c5371bf3944697d6cbe2854c592c9ecb0ac1b7d6f,62372
SRC-197BFF43AD,U.S. Census Bureau,"Manufacturing and Trade Inventories and Sales, April 2006",release,mtis0604,2006-06-13,https://www2.census.gov/mtis/historical/mtis0604.pdf,direct_download,2026-10-03T18:23:57Z,ffc63577f7184564a8595bc20366ccc69c1a720b59b7f7bdcd14b31b83a53533,65493
SRC-1B3A8E5A49,U.S. Census Bureau,"Manufacturing and Trade Inventories and Sales, April 2008",release,mtis0804,2008-06-12,https://www2.census.gov/mtis/historical/mtis0804.pdf,direct_download,2026-10-03T18:24:06Z,cdeee6202bd56399ed4a24bb5a602d1eea2d6199292dd8baf456556c6beb826b,84550
SRC-1B8411DE58,U.S. Census Bureau,"Manufacturing and Trade Inventories and Sales, February 2019",release,mtis1902,2019-04-18,https://www2.census.gov/mtis/historical/mtis1902.pdf,direct_download,2026-10-03T18:24:54Z,faa5419971236f88e6dd70aab68a467361dd38a3afbdf8ab7197c89964b84308,199811
SRC-1C11AB5D49,U.S. Census Bureau,"Manufacturing and Trade Inventories and Sales, April 1998",release,mtis9804,1998-06-12,https://www2.census.gov/mtis/historical/mtis9804.txt,direct_download,2026-10-03T19:01:41Z,6963447f7d72ecaebd563210e58f39bd44c3d3037835b35bc4ff047f2ab67ff0,13510
SRC-1C66F3C991,U.S. Census Bureau,"Full Report on Manufacturers' Shipments, Inventories, and Orders, March 2010",release,,2010-05-04,https://www.census.gov/manufacturing/m3/historical_data/pressreleases/prel/2010/mar10prel.pdf,direct_download,2026-10-03T18:21:34Z,1f2a92f8dcb91993d47cb45527c862a54ee9457cc38daf3b18737381b8e63071,121315
SRC-1D5DC7E6E3,U.S. Census Bureau,"Full Report on Manufacturers' Shipments, Inventories, and Orders, May 2002",release,,2002-07-03,https://www.census.gov/manufacturing/m3/historical_data/pressreleases/prel/2002/may02prel.pdf,direct_download,2026-10-03T18:21:05Z,39de72303778e61948ef52469ba4de048b2a49d1c4ba18acebc158a7528093b1,1156845
SRC-1E62C1EBE0,U.S. Census Bureau,"Full Report on Manufacturers' Shipments, Inventories, and Orders, February 2006",release,,2006-03-31,https://www.census.gov/manufacturing/m3/historical_data/pressreleases/prel/2006/feb06prel.pdf,direct_download,2026-10-03T18:21:18Z,7168246338aaee57855832a35583820c428b6d7c048a12e91112661a4e8d0a7a,136584
SRC-1F2D3B2A7B,U.S. Census Bureau,"Manufacturing and Trade Inventories and Sales, April 2023",release,mtis2304,2023-06-15,https://www2.census.gov/mtis/historical/mtis2304.pdf,direct_download,2026-10-03T18:25:19Z,56ad73e02f1266f88d7b7e2d23170ff4ab88ca4c9a022c35b7b4a5189054461e,279199
SRC-1FC1590946,U.S. Bureau of Labor Statistics,Producer Price Indexes news release (2016-02-17),release,,2016-02-17,https://www.bls.gov/news.release/archives/ppi_02172016.pdf,direct_download,2026-10-03T18:25:31Z,3b2c93c89ed9d81c6c42ceffa7631e3185d4853dd5663b73d64656cad30fad6c,477575
SRC-1FE2F88F19,Bureau of Transportation Statistics,May 2025 Freight Transportation Services Index (TSI) Down 0.1% from the Previous Month and Down 0.9% from the Same Month Last Year (BTS 42-25),release,BTS 42-25,2025-07-10,https://www.bts.gov/newsroom/may-2025-freight-transportation-services-index-tsi-down-01-previous-month-and-down-09-same,"browser_excerpt_capture: evidence/captures/bts_tsi_release_2025-07-10.excerpt.txt (text of the page's <main> element, built-in browser, 2026-10-03T22:35:05Z); sha256 is of the capture, not the server file; page HTML at capture time: 275972 bytes, sha256 165e03529e8a6d001c2364f2e72c39f2eca1f28979fa0378fe13b2d886925bec (not stored)",2026-10-03T22:35:05Z,e277184d27a6ac40e4aab8c49fabe2fd0a446506817b5051de1c9ae804713805,454
SRC-21F2636B43,U.S. Bureau of Labor Statistics,Producer Price Indexes news release (2018-02-15),release,,2018-02-15,https://www.bls.gov/news.release/archives/ppi_02152018.pdf,direct_download,2026-10-03T18:25:33Z,9fae13924e56d9f1ef4714d1403cab54b26889a7efda9872850370b6352c2ed8,381989
SRC-22B5219D9C,U.S. Census Bureau,"Manufacturing and Trade Inventories and Sales, February 2005",release,mtis0502,2005-04-14,https://www2.census.gov/mtis/historical/mtis0502.pdf,direct_download,2026-10-03T18:23:49Z,614b2ea7463b77936d2d33ae19638ef326bcc8ad67416da9e4e8e4ac38cb0599,92471
SRC-2371B90D86,U.S. Census Bureau,"Manufacturing and Trade Inventories and Sales, May 2001",release,mtis0105,2001-07-16,https://www2.census.gov/mtis/historical/mtis0105.pdf,direct_download,2026-10-03T18:23:29Z,a99a158f335fe1988590ff9cc1564fe2f5db927e113ee7f1503ad1a6b928afec,109996
SRC-24D037252C,U.S. Census Bureau,"Manufacturing and Trade Inventories and Sales, February 2007",release,mtis0702,2007-04-16,https://www2.census.gov/mtis/historical/mtis0702.pdf,direct_download,2026-10-03T18:24:00Z,80d0a22fa7298fd99733fe4bc48240c76912677a5088fb945fd15e96fc9b708e,65689
SRC-24DEC67B59,U.S. Census Bureau,"Full Report on Manufacturers' Shipments, Inventories, and Orders, January 2018",release,,2018-03-06,https://www.census.gov/manufacturing/m3/historical_data/pressreleases/prel/2018/jan18prel.pdf,direct_download,2026-10-03T18:22:11Z,bb55a4a945867fee005c7d9d26beda886190a81b43dbd9a6ce83bbc6f2e90e50,205994
SRC-25EE8BB9AF,U.S. Bureau of Labor Statistics,CPI archived news releases (index),index,,,https://www.bls.gov/bls/news-release/cpi.htm,direct_download,2026-10-03T18:26:20Z,e522ffbbd037e18febae96b978ac1873617661e9e75a8f5f6ac6b4271ffd6c43,128514
SRC-27179C4561,U.S. Census Bureau,"Manufacturing and Trade Inventories and Sales, February 2012",release,mtis1202,2012-04-16,https://www2.census.gov/mtis/historical/mtis1202.pdf,direct_download,2026-10-03T18:24:25Z,85c743e59593101bce3c9824309b44139a697e06fb512828dd3484c08e837806,62599
SRC-2814BDB274,U.S. Census Bureau,"Manufacturing and Trade Inventories and Sales, June 2005",release,mtis0506,2005-08-11,https://www2.census.gov/mtis/historical/mtis0506.pdf,direct_download,2026-10-03T18:23:53Z,c3e3e46e7579cc4aeb593fef99e381b60648892cf21bc92f9e182c5cb491424b,98522
SRC-28341CE7E5,U.S. Census Bureau,"Full Report on Manufacturers' Shipments, Inventories, and Orders, April 2010",release,,2010-06-03,https://www.census.gov/manufacturing/m3/historical_data/pressreleases/prel/2010/apr10prel.pdf,direct_download,2026-10-03T18:21:33Z,217afc8e92ab48fa0cf52e864cc998bfcf885db726c9e5b5744540e770c5ccbc,172257
SRC-2978A43EFB,U.S. Census Bureau,"Full Report on Manufacturers' Shipments, Inventories, and Orders, January 2007",release,,2007-03-06,https://www.census.gov/manufacturing/m3/historical_data/pressreleases/prel/2007/jan07prel.pdf,direct_download,2026-10-03T18:21:23Z,1170ff59467233b28c9adfdf3a34975581e2520377eb6f7f558783c8c421a8a1,140395
SRC-2A097F05A7,U.S. Census Bureau,"Full Report on Manufacturers' Shipments, Inventories, and Orders, May 2015",release,,2015-07-02,https://www.census.gov/manufacturing/m3/historical_data/pressreleases/prel/2015/may15prel.pdf,direct_download,2026-10-03T18:21:57Z,c7d782b44fa6bb0ab78a3407ce2b7354ca94139c6a12d3ad06b323954c8d1f36,120253
SRC-2A6B4B4B03,U.S. Census Bureau,"Manufacturing and Trade Inventories and Sales, February 2017",release,mtis1702,2017-04-14,https://www2.census.gov/mtis/historical/mtis1702.pdf,direct_download,2026-10-03T18:24:46Z,28a4317041f9d1826c90937bdd89a66d6978a60511e497ad19191e129c9659ec,171276
SRC-2A718CB73B,U.S. Census Bureau,"Manufacturing and Trade Inventories and Sales, February 2004",release,mtis0402,2004-04-13,https://www2.census.gov/mtis/historical/mtis0402.pdf,direct_download,2026-10-03T18:23:44Z,4f72f683f2cc5d708b0f89f8ef5137e548c2ff0ea46f46655813d47f1d2a7868,121463
SRC-2D2108899E,U.S. Census Bureau,"Full Report on Manufacturers' Shipments, Inventories, and Orders, March 2012",release,,2012-05-02,https://www.census.gov/manufacturing/m3/historical_data/pressreleases/prel/2012/mar12prel.pdf,direct_download,2026-10-03T18:21:42Z,7a2e5f63e783fe89f8f733b267c0df2652b4f8f80ebe5dd06d95ecca32bd9505,123676
SRC-2D5F9FE491,U.S. Census Bureau,"Manufacturing and Trade Inventories and Sales, January 2012",release,mtis1201,2012-03-13,https://www2.census.gov/mtis/historical/mtis1201.pdf,direct_download,2026-10-03T18:24:26Z,6ff1a253214baf1bf1c7f9da4a867522f2f58c6d92e760667e0ad25cf79142f4,62847
SRC-2DB73E6AAB,U.S. Census Bureau,Annual Benchmark Report for Retail Trade and Food Services (data year 2002),benchmark_report,annpub02,2003-04,https://www2.census.gov/retail/releases/benchmark/annpub02.pdf,direct_download,2026-10-03T18:22:45Z,e01c94ad6d4045e91ac0fcf34646315e6e26f6a44cdbfd37ae700686a61736b5,917723
SRC-2EA5C72A4A,U.S. Census Bureau,"Manufacturing and Trade Inventories and Sales, January 2019",release,mtis1901,2019-04-01,https://www2.census.gov/mtis/historical/mtis1901.pdf,direct_download,2026-10-03T18:24:55Z,b6705c2191af8f9fee38dc478023ce1fd3e4b0a04231771d1d9a465256d2c511,200774
SRC-30689A65E4,U.S. Census Bureau,"Full Report on Manufacturers' Shipments, Inventories, and Orders, January 2024",release,,2024-03-05,https://www.census.gov/manufacturing/m3/historical_data/pressreleases/prel/2024/jan24prel.pdf,direct_download,2026-10-03T18:22:40Z,340ef4f8495f762b3190fe0eda57ebb82c36e26c6d7c9d4b95e11f4889b11a0c,525122
SRC-3076ECC39E,U.S. Census Bureau,"Manufacturing and Trade Inventories and Sales, January 2025",release,mtis2501,2025-03-17,https://www2.census.gov/mtis/historical/mtis2501.pdf,direct_download,2026-10-03T18:25:27Z,d7d5247c9dd5c51bdb177ed09429c4a88116e97db777febbb528106984a82a6d,301985
SRC-319E1F9C2B,U.S. Census Bureau,Annual Benchmark Report for Retail Trade and Food Services (data year 2005),benchmark_report,annpub05,2006-03,https://www2.census.gov/retail/releases/benchmark/annpub05.pdf,direct_download,2026-10-03T18:22:50Z,6c56f9fbf1a0e5001e1b78bc820a7efbeb0188be87a50fa222b2239cadd54789,2632657
SRC-32254B6205,U.S. Census Bureau,"Manufacturing and Trade Inventories and Sales, April 2001",release,mtis0104,2001-06-14,https://www2.census.gov/mtis/historical/mtis0104.pdf,direct_download,2026-10-03T18:23:30Z,e5487aada0859e5daab53254e06492f164fab7c8d39c243be9666202d5193362,320325
SRC-326EA1F8C8,U.S. Census Bureau,"Manufacturing and Trade Inventories and Sales, March 1998",release,mtis9803,1998-05-14,https://www2.census.gov/mtis/historical/mtis9803.txt,direct_download,2026-10-03T19:01:42Z,dce1b30497c8a6950a035cc8ab6e843b3d440b9b65120af4e40d548da66295dd,13423
SRC-32D3348E3B,U.S. Census Bureau,"Manufacturing and Trade Inventories and Sales, August 2005",release,mtis0508,2005-10-14,https://www2.census.gov/mtis/historical/mtis0508.pdf,direct_download,2026-10-03T18:23:51Z,f35c8ddce8f1ddac66ff6ee7429d868f6abe7c6c33dd8b4f2b0d82146dd0ea2d,65647
SRC-33A3CA0BD3,U.S. Census Bureau,"Manufacturing and Trade Inventories and Sales, May 2021",release,mtis2105,2021-07-16,https://www2.census.gov/mtis/historical/mtis2105.pdf,direct_download,2026-10-03T18:25:09Z,68f08a3ff36d41d394c57446d834e9a72232ffe9f7f681da16dfd788938c37cd,581675
SRC-34D2F737EC,U.S. Census Bureau,"Manufacturing and Trade Inventories and Sales, March 2008",release,mtis0803,2008-05-13,https://www2.census.gov/mtis/historical/mtis0803.pdf,direct_download,2026-10-03T18:24:04Z,41be1de4424809e1f3fa48c76403cbdad7f049b252fce78896f9ee4e677fd743,66247
SRC-35DD488439,U.S. Census Bureau,"Full Report on Manufacturers' Shipments, Inventories, and Orders, June 2003",release,,2003-08-04,https://www.census.gov/manufacturing/m3/historical_data/pressreleases/prel/2003/jun03prel.pdf,direct_download,2026-10-03T18:21:09Z,323daba3f7c133b94183ee342c5d756d7085bf00dc469a0f87fe9846fa29afde,965961
SRC-36841E5585,U.S. Census Bureau,"Manufacturing and Trade Inventories and Sales, June 2019",release,mtis1906,2019-08-15,https://www2.census.gov/mtis/historical/mtis1906.pdf,direct_download,2026-10-03T18:24:58Z,ace6af4213a7a81736f12f2f174c7881aeb0d09db8fb8e184c1b36a13677e590,197075
SRC-368FC59B59,U.S. Census Bureau,"Full Report on Manufacturers' Shipments, Inventories, and Orders, February 2018",release,,2018-04-04,https://www.census.gov/manufacturing/m3/historical_data/pressreleases/prel/2018/feb18prel.pdf,direct_download,2026-10-03T18:22:10Z,de782b3c023d1ab7f008ee96dee54e26f56784477ae69927e60b42c96d76b639,1093096
SRC-376C4CCDB6,U.S. Census Bureau,"Full Report on Manufacturers' Shipments, Inventories, and Orders, April 2005",release,,2005-06-02,https://www.census.gov/manufacturing/m3/historical_data/pressreleases/prel/2005/apr05prel.pdf,direct_download,2026-10-03T18:21:15Z,132811b9f10e7d13be240a07b71081c05710ecbf94d274061270f8ce16fff937,149888
SRC-37E73663AE,U.S. Census Bureau,"Manufacturing and Trade Inventories and Sales, March 2006",release,mtis0603,2006-05-11,https://www2.census.gov/mtis/historical/mtis0603.pdf,direct_download,2026-10-03T18:23:54Z,c1c45be3b117c988652566fd124092c76b10e68a324434276722619609add81b,64958
SRC-383DF52140,U.S. Bureau of Labor Statistics,Producer Price Indexes - August 2026 (news release),release,,2026-09-10,https://www.bls.gov/news.release/archives/ppi_09102026.pdf,direct_download,2026-10-03T18:20:00Z,f78990f4bc27bd26f577f6c0ab762c59c3331b5cc2382a3d8a48c30a6bcdbe6d,1657766
SRC-3912AE2199,U.S. Census Bureau,"Manufacturing and Trade Inventories and Sales, March 2010",release,mtis1003,2010-05-14,https://www2.census.gov/mtis/historical/mtis1003.pdf,direct_download,2026-10-03T18:24:15Z,bdcaede568f1a09608b93cab68a9f577757550c2f43daa7d84ddda36995abb5a,62404
SRC-392E7F4B6D,U.S. Census Bureau,"Manufacturing and Trade Inventories and Sales, April 2015",release,mtis1504,2015-06-11,https://www2.census.gov/mtis/historical/mtis1504.pdf,direct_download,2026-10-03T18:24:38Z,1a30e0bc738b248a519a3a68bb825de29e19b774485de6e81406d55c34e2929d,61897
SRC-39F744A6A6,U.S. Census Bureau,"Manufacturing and Trade Inventories and Sales, February 2016",release,mtis1602,2016-04-13,https://www2.census.gov/mtis/historical/mtis1602.pdf,direct_download,2026-10-03T18:24:41Z,9c881958617e8976b009e7737d94985164b87b077215b0785781a4564cfbef04,66318
SRC-3A39FC5AC0,U.S. Census Bureau,"Full Report on Manufacturers' Shipments, Inventories, and Orders, April 2007",release,,2007-06-04,https://www.census.gov/manufacturing/m3/historical_data/pressreleases/prel/2007/apr07prel.pdf,direct_download,2026-10-03T18:21:20Z,8f78c999123f6a65564b7d636d73e1b48bbb555cf7bb036c3b0460c71c73a6b1,134997
SRC-3C43A8F5DA,U.S. Census Bureau,"Manufacturing and Trade Inventories and Sales, April 2024",release,mtis2404,2024-06-18,https://www2.census.gov/mtis/historical/mtis2404.pdf,direct_download,2026-10-03T18:25:24Z,4730518dc015c3a95ca2ed60ace774cb33a0b661ba1428bbefd022543ec89787,320976
SRC-3C998AFF00,U.S. Census Bureau,"Manufacturing and Trade Inventories and Sales, May 2007",release,mtis0705,2007-07-13,https://www2.census.gov/mtis/historical/mtis0705.pdf,direct_download,2026-10-03T18:24:01Z,26125dfa72bab9870e48ecc265660b6a14ef92db50622e3a3c88685a1a731bcc,65118
SRC-3D0A9034D7,U.S. Bureau of Labor Statistics,Timeline of Seasonal Adjustment Methodological Changes (CPI),methodology,2021-02-08,,https://www.bls.gov/cpi/seasonal-adjustment/timeline-seasonal-adjustment-methodology-changes.htm,direct_download,2026-10-03T18:20:02Z,8ea665c23001cc308f2dd9c60bde7a333371180190ae96f06e10fcee85e4d42e,59937
SRC-3D6BEBB457,U.S. Census Bureau,"Manufacturing and Trade Inventories and Sales, January 2015",release,mtis1501,2015-03-12,https://www2.census.gov/mtis/historical/mtis1501.pdf,direct_download,2026-10-03T18:24:37Z,309da89d0fb4e540ff4d55bb9a4b05510f908735a5bfe166ae23edc7fdf128d1,67687
SRC-3F18B46728,U.S. Census Bureau,"Full Report on Manufacturers' Shipments, Inventories, and Orders, February 2025",release,,2025-04-02,https://www.census.gov/manufacturing/m3/historical_data/pressreleases/prel/2025/feb25prel.pdf,direct_download,2026-10-03T18:22:42Z,b4ebd4fe01291a52a684aaefa4dd2bffe834523d9f3861f1fc3356c4f5f8cdac,267655
SRC-3F7193C260,U.S. Census Bureau,Annual Revision of Monthly Retail and Food Services: Introduction / Explanation of Revisions (2024),benchmark_report,retail-annual-2024,,https://www.census.gov/retail/mrts/www/benchmark/2024/pdf/Introduction.pdf,direct_download,2026-10-03T18:23:09Z,f280c3aa03639a377d19d4204c40d03d2750176d8dbf5236ea5a6d32e02229be,136267
SRC-41D584C005,U.S. Census Bureau,"Manufacturing and Trade Inventories and Sales, April 2010",release,mtis1004,2010-06-11,https://www2.census.gov/mtis/historical/mtis1004.pdf,direct_download,2026-10-03T18:24:18Z,c37e8f6982b3f83851e01b6722dc8ee0af829d940e28eaa676e676b60d16ffeb,60357
SRC-433DBA91D9,U.S. Census Bureau,"Manufacturing and Trade Inventories and Sales, February 2025",release,mtis2502,2025-04-16,https://www2.census.gov/mtis/historical/mtis2502.pdf,direct_download,2026-10-03T18:25:26Z,e74a32ed6d878a6144fb33633c20812350b792e9b7abf0ef4c137c332773b9f4,297007
SRC-44FCF97659,U.S. Bureau of Labor Statistics,Consumer Price Index news release (2012-02-17),release,,2012-02-17,https://www.bls.gov/news.release/archives/cpi_02172012.pdf,direct_download,2026-10-03T18:26:28Z,5fbc2d338f5c05f2648c5e254f346d451753d76482e403ed798f9ec472d9104b,266034
SRC-45A052C832,U.S. Census Bureau,"Manufacturing and Trade Inventories and Sales, February 2000",release,mtis0002,,https://www2.census.gov/mtis/historical/mtis0002.txt,direct_download,2026-10-03T19:01:51Z,2d359372f6aae7bf0e1585ec63ae3dc4da6520a0d8030f6f6e0fcc4b9ec5e6a2,22355
SRC-45B4667795,U.S. Bureau of Labor Statistics,Producer Price Indexes news release (2021-02-17),release,,2021-02-17,https://www.bls.gov/news.release/archives/ppi_02172021.pdf,direct_download,2026-10-03T18:25:36Z,dd1cd12a7c14b356a9702333cbacfdbab860b166709e82a95f2195b2487f1dcd,1768218
SRC-470DD1FE12,U.S. Census Bureau,"Full Report on Manufacturers' Shipments, Inventories, and Orders, February 2012",release,,2012-04-03,https://www.census.gov/manufacturing/m3/historical_data/pressreleases/prel/2012/feb12prel.pdf,direct_download,2026-10-03T18:21:43Z,52f884478b67041248bc94680aeaa413f7fbe89cc16658e926656a2739745f9a,162856
SRC-4723F86F34,U.S. Census Bureau,"Full Report on Manufacturers' Shipments, Inventories, and Orders, May 2018",release,,2018-07-03,https://www.census.gov/manufacturing/m3/historical_data/pressreleases/prel/2018/may18prel.pdf,direct_download,2026-10-03T18:22:12Z,d6c0fa0faba5db5457b94a31e4b6e5ca9712efedd58c68ed17fe24725bd58666,233873
SRC-476224A6DC,U.S. Census Bureau,"Manufacturing and Trade Inventories and Sales, May 2008",release,mtis0805,2008-07-15,https://www2.census.gov/mtis/historical/mtis0805.pdf,direct_download,2026-10-03T18:24:07Z,496219cd5b6d4ffebd52d8796c9b76d4ad37e32a0a2849297d79226b274fad9e,60168
SRC-478B8B1AD1,U.S. Census Bureau,"Manufacturing and Trade Inventories and Sales, March 2018",release,mtis1803,2018-05-15,https://www2.census.gov/mtis/historical/mtis1803.pdf,direct_download,2026-10-03T18:24:52Z,09933d22ca65c3c76fa8cfde4a224b2dccf34b47f47ce0791343a91e4a42cae7,193892
SRC-47A05CBC14,U.S. Census Bureau,"Manufacturing and Trade Inventories and Sales, March 2019",release,mtis1903,2019-05-15,https://www2.census.gov/mtis/historical/mtis1903.pdf,direct_download,2026-10-03T18:24:53Z,06b5ee4fb545204c3e43c2af1a61d2a2e94c4631d54a83801395557e172b0110,198037
SRC-47BC73650C,U.S. Census Bureau,"Full Report on Manufacturers' Shipments, Inventories, and Orders, March 2007",release,,2007-05-02,https://www.census.gov/manufacturing/m3/historical_data/pressreleases/prel/2007/mar07prel.pdf,direct_download,2026-10-03T18:21:21Z,a682c680a2e43c17fee4e63a8c86412bb1889bc1e83867ee2fa4399a03f81d7e,136467
SRC-4834731CAD,U.S. Census Bureau,"Manufacturing and Trade Inventories and Sales, June 1998",release,mtis9806,1998-08-14,https://www2.census.gov/mtis/historical/mtis9806.txt,direct_download,2026-10-03T19:01:45Z,386d6ad626d934df39875e7cd0e1d59f64ff83db9b24dc859c03b118e6c2402b,14160
SRC-4859A3B596,U.S. Census Bureau,"Full Report on Manufacturers' Shipments, Inventories, and Orders, April 2002",release,,2002-05-31,https://www.census.gov/manufacturing/m3/historical_data/pressreleases/prel/2002/apr02prel.pdf,direct_download,2026-10-03T18:21:07Z,0bb837a9e731cdce2b98fd5d4492740b584e5fd9617631bb9741405d2d3cafc3,1179788
SRC-48E1B5B47A,U.S. Census Bureau,"Full Report on Manufacturers' Shipments, Inventories, and Orders, January 2022",release,,2022-03-03,https://www.census.gov/manufacturing/m3/historical_data/pressreleases/prel/2022/jan22prel.pdf,direct_download,2026-10-03T18:22:31Z,505f79e1982d11e7e4882e671da68e157c27188716532bb460a07fd73eb92fe9,547451
SRC-492C9D9A81,U.S. Census Bureau,"Full Report on Manufacturers' Shipments, Inventories, and Orders, February 2001",release,,2001-04-03,https://www.census.gov/manufacturing/m3/historical_data/pressreleases/prel/2001/feb01prel.pdf,direct_download,2026-10-03T18:20:59Z,50b56b5468c12e72c004ba161acb4075384151b3ef0ddcde5b950776cb18293d,850269
SRC-4A77CD21D6,U.S. Census Bureau,"Full Report on Manufacturers' Shipments, Inventories, and Orders, February 2019",release,,2019-04-08,https://www.census.gov/manufacturing/m3/historical_data/pressreleases/prel/2019/feb19prel.pdf,direct_download,2026-10-03T18:22:15Z,31c679295b242542d91084cd3a5541fa153190aec2cff05d007e1c576bdf051d,455183
SRC-4AAD1965BE,U.S. Bureau of Labor Statistics,Consumer Price Index news release (2026-02-13),release,,2026-02-13,https://www.bls.gov/news.release/archives/cpi_02132026.pdf,direct_download,2026-10-03T18:20:47Z,9b535cd4595cd213e55c44e040117b86bb12b6b501f23f2cccfef8ee448c999c,499983
SRC-4B1675D716,U.S. Bureau of Labor Statistics,Handbook of Methods: Producer Price Indexes - Calculation,methodology,,2026-03-19 (last modified),https://www.bls.gov/opub/hom/ppi/calculation.htm,direct_download,2026-10-03T22:15:14Z,2e1ae5c8b7ebaa4b60afbc6866d48f438ee3466f7c8d7bf19f1268de16e21473,76584
SRC-4BBD8F0D21,U.S. Census Bureau,"Full Report on Manufacturers' Shipments, Inventories, and Orders, March 2019",release,,2019-05-02,https://www.census.gov/manufacturing/m3/historical_data/pressreleases/prel/2019/mar19prel.pdf,direct_download,2026-10-03T18:22:14Z,0c8cf1da4fcf57aa240713806c551ceb7d24ece00aa7a4705d2770347e797fe0,348710
SRC-4C9D19BEA3,U.S. Census Bureau,"Full Report on Manufacturers' Shipments, Inventories, and Orders, April 1997",release,,,https://www.census.gov/manufacturing/m3/historical_data/pressreleases/prel/1997/apr97prel.pdf,direct_download,2026-10-03T18:20:49Z,a1301dbefbe15715dbf564d58f81b45e2897ca65bc9397265d5f178087124138,878317
SRC-4D82FF8311,U.S. Census Bureau,"Full Report on Manufacturers' Shipments, Inventories, and Orders, April 2025",release,,2025-06-03,https://www.census.gov/manufacturing/m3/historical_data/pressreleases/prel/2025/apr25prel.pdf,direct_download,2026-10-03T18:19:57Z,b5296708a41ae9ed4bd5ae25dd225ec2a10bd89eee81ffed76bfe95e75eff30d,361376
SRC-4DA2B17718,U.S. Bureau of Labor Statistics,Producer Price Indexes news release (2022-02-15),release,,2022-02-15,https://www.bls.gov/news.release/archives/ppi_02152022.pdf,direct_download,2026-10-03T18:27:12Z,2d75824d861be0ba35c1176fc80653844f148df4411684bcbf288d06c7f73ee0,1811215
SRC-4E61DD4686,U.S. Bureau of Labor Statistics,Consumer Price Index news release (2018-02-14),release,,2018-02-14,https://www.bls.gov/news.release/archives/cpi_02142018.pdf,direct_download,2026-10-03T18:20:40Z,20a1fa16c4a1e7171d894a00e4ae3ecd0339a1602f86f1fac979719dd13f6236,269850
SRC-5055A2A249,U.S. Census Bureau,"Full Report on Manufacturers' Shipments, Inventories, and Orders, December 2001",release,,2002-02-05,https://www.census.gov/manufacturing/m3/historical_data/pressreleases/prel/2001/dec01prel.pdf,direct_download,2026-10-03T18:21:04Z,161731918f4f5f06f761364f0c51caef9604e3cf2d38b626890c6c9e553a2b47,1174211
SRC-50663FA0C1,U.S. Census Bureau,"Manufacturing and Trade Inventories and Sales, January 2007",release,mtis0701,2007-03-13,https://www2.census.gov/mtis/historical/mtis0701.pdf,direct_download,2026-10-03T18:24:00Z,4251b45f099d71ddf21621bda2ddc68a9055c7619178196c2a249126457d5818,66005
SRC-519BD7907C,U.S. Census Bureau,"Full Report on Manufacturers' Shipments, Inventories, and Orders, April 2011",release,,2011-06-02,https://www.census.gov/manufacturing/m3/historical_data/pressreleases/prel/2011/apr11prel.pdf,direct_download,2026-10-03T18:21:37Z,89901493c30b965d7d265635ff58cabc1cd0e2ac0a6c645f24cb3f59e7cf1f1f,103366
SRC-526BB525E0,U.S. Census Bureau,"Full Report on Manufacturers' Shipments, Inventories, and Orders, May 2025",release,,2025-07-03,https://www.census.gov/manufacturing/m3/historical_data/pressreleases/prel/2025/may25prel.pdf,direct_download,2026-10-03T18:22:44Z,0eaad9ead5b073bf3b1de320b363b3dc1255310f9fead8801b0619a05b976e1f,267632
SRC-528FB6470E,U.S. Census Bureau,"Manufacturing and Trade Inventories and Sales, June 2003",release,mtis0306,2003-08-13,https://www2.census.gov/mtis/historical/mtis0306.pdf,direct_download,2026-10-03T18:23:43Z,3173fc3b23fca3d47d91c5a1179cc9a1e3e071bd7f1e40547178ecebf6d74090,53009
SRC-5444173533,U.S. Bureau of Labor Statistics,Producer Price Indexes news release (2025-02-13),release,,2025-02-13,https://www.bls.gov/news.release/archives/ppi_02132025.pdf,direct_download,2026-10-03T18:25:40Z,156831db5df059523b32e931f9aabddcbf33ba02748ea206fea0313d9c9e3842,1785784
SRC-552DAD655B,U.S. Census Bureau,"Manufacturing and Trade Inventories and Sales, April 1997",release,mtis9704,,https://www2.census.gov/mtis/historical/mtis9704.txt,direct_download,2026-10-03T18:58:06Z,fc9f4fbe79e8f8d2950f581059017e08b98a48d57e252cc105b719f317d17062,14590
SRC-552FC08569,U.S. Census Bureau,"Full Report on Manufacturers' Shipments, Inventories, and Orders, February 2011",release,,2011-03-31,https://www.census.gov/manufacturing/m3/historical_data/pressreleases/prel/2011/feb11prel.pdf,direct_download,2026-10-03T18:21:39Z,3db6eee06e617706ae43a0be8aa05e771f9ab125f34aaed78edb09042ab74f83,157573
SRC-556216931E,U.S. Census Bureau,"Manufacturing and Trade Inventories and Sales, April 2020",release,mtis2004,2020-06-16,https://www2.census.gov/mtis/historical/mtis2004.pdf,direct_download,2026-10-03T18:25:02Z,b7752c581b4f64dba6f24ded197558d591a9ea26abc2f0e778b223e4a70358a8,203901
SRC-5659268CD7,U.S. Census Bureau,"Full Report on Manufacturers' Shipments, Inventories, and Orders, January 2020",release,,2020-03-05,https://www.census.gov/manufacturing/m3/historical_data/pressreleases/prel/2020/jan20prel.pdf,direct_download,2026-10-03T18:22:21Z,c33069fd4713d078765e52a9edf4424d7d1291056a3e3ead037d2b13d9d6b879,286682
SRC-569EF26262,U.S. Census Bureau,"Manufacturing and Trade Inventories and Sales, March 2015",release,mtis1503,2015-05-13,https://www2.census.gov/mtis/historical/mtis1503.pdf,direct_download,2026-10-03T18:24:35Z,424b73936e7615d6bceb52ed7c39265b17bdc8f8581cb2a4daf7b50f4a82c913,62495
SRC-57042C2D30,U.S. Census Bureau,"Manufacturing and Trade Inventories and Sales, May 2018",release,mtis1805,2018-07-16,https://www2.census.gov/mtis/historical/mtis1805.pdf,direct_download,2026-10-03T18:24:50Z,af6d7c168b2fce72194f5e1bcb8bcd9a15f98cb13d5da89d79033632e028fafc,182471
SRC-57869E0511,U.S. Census Bureau,"Manufacturing and Trade Inventories and Sales, February 1998",release,mtis9802,1998-04-15,https://www2.census.gov/mtis/historical/mtis9802.txt,direct_download,2026-10-03T19:01:43Z,ce59ec9aab2d6b0efd8dc754ffe8fa2b48c136332c1dbaad4d616ea66901dc00,14544
SRC-583F5D6489,U.S. Census Bureau,"Manufacturing and Trade Inventories and Sales, April 2021",release,mtis2104,2021-06-15,https://www2.census.gov/mtis/historical/mtis2104.pdf,direct_download,2026-10-03T18:25:08Z,60b41f48ce714b74a90e5a31fae2c3db12ce55af0fc13f9a0ffa8e705c920249,258468
SRC-5843BE5ED5,U.S. Census Bureau,"Full Report on Manufacturers' Shipments, Inventories, and Orders, May 2019",release,,2019-07-03,https://www.census.gov/manufacturing/m3/historical_data/pressreleases/prel/2019/may19prel.pdf,direct_download,2026-10-03T18:22:17Z,3fffd9191bfa84a9c0fb3e6b282644412ae0a765165d123679a0cdec59e3c556,261062
SRC-58911EE87D,U.S. Census Bureau,"Manufacturing and Trade Inventories and Sales, February 2014",release,mtis1402,2014-04-14,https://www2.census.gov/mtis/historical/mtis1402.pdf,direct_download,2026-10-03T18:24:32Z,c6a84ef6d9c7848bb42819e4255a010d574bb69beff74dccac24c0bd9f4e6d7f,46391
SRC-592FACBA8B,U.S. Census Bureau,"Full Report on Manufacturers' Shipments, Inventories, and Orders, March 2020",release,,2020-05-04,https://www.census.gov/manufacturing/m3/historical_data/pressreleases/prel/2020/mar20prel.pdf,direct_download,2026-10-03T18:22:19Z,6b0ecec2eb943fbdffce550bfc62fc7f862558e7240a59ae5de19d3c485247e4,276720
SRC-5A75D1D224,U.S. Census Bureau,"Manufacturing and Trade Inventories and Sales, July 2005",release,mtis0507,2005-09-15,https://www2.census.gov/mtis/historical/mtis0507.pdf,direct_download,2026-10-03T18:23:52Z,2a10085e8346b5a580b2f1bf32a260bc6ba0335c5f0550f047682554a2f5b38b,92444
SRC-5DE2B90077,U.S. Census Bureau,"Manufacturing and Trade Inventories and Sales, March 2000",release,mtis0003,,https://www2.census.gov/mtis/historical/mtis0003.txt,direct_download,2026-10-03T19:01:50Z,1bff251cbf348986f0470e299ddf02e4ab281a316c530a25810e68d8bdb729ba,22355
SRC-5EA0589CA4,U.S. Census Bureau,"Manufacturing and Trade Inventories and Sales, May 1999",release,mtis9905,1999-07-15,https://www2.census.gov/mtis/historical/mtis9905.txt,direct_download,2026-10-03T19:01:49Z,65ddaa8740f349a2dde792cbff1bb44ff9a75b74fd2311d9eb8ad583e384f2c3,14245
SRC-5F6BEF0EFA,U.S. Census Bureau,"Manufacturing and Trade Inventories and Sales, February 2022",release,mtis2202,2022-04-14,https://www2.census.gov/mtis/historical/mtis2202.pdf,direct_download,2026-10-03T18:25:11Z,6b4cb88d861e3dd64adeb13229a1c88d0e8b05c2df053e625c5df342fbf5d297,248245
SRC-6212EC8C6B,U.S. Census Bureau,"Manufacturing and Trade Inventories and Sales, March 2003",release,mtis0303,2003-05-15,https://www2.census.gov/mtis/historical/mtis0303.pdf,direct_download,2026-10-03T18:23:37Z,257c5976fd2a13c7d7cb2265aaa67c3df3a6b624ae5c5687d473c033210973c4,52694
SRC-64685E3444,U.S. Census Bureau,Annual Revision of Monthly Retail and Food Services: Introduction / Explanation of Revisions (2013),benchmark_report,retail-annual-2013,,https://www.census.gov/retail/mrts/www/benchmark/2013/pdf/Introduction.pdf,direct_download,2026-10-03T18:22:59Z,ba09920217d70856e320d2753bb1d12c428ef3fb60bfc409402166be78d21a3d,130470
SRC-64B1CAE26B,U.S. Census Bureau,"Full Report on Manufacturers' Shipments, Inventories, and Orders, January 2012",release,,2012-03-05,https://www.census.gov/manufacturing/m3/historical_data/pressreleases/prel/2012/jan12prel.pdf,direct_download,2026-10-03T18:21:44Z,0464b0893e832a28afb0e1145962fd1f37a4bc6369d475bbff28750f867e86d3,123646
SRC-64DCE40C43,U.S. Census Bureau,"Full Report on Manufacturers' Shipments, Inventories, and Orders, March 2008",release,,2008-05-02,https://www.census.gov/manufacturing/m3/historical_data/pressreleases/prel/2008/mar08prel.pdf,direct_download,2026-10-03T18:21:25Z,0344fd0b332aa842fb2898380b51555f80085b79a1bc63a1926e45e92c9d7bf8,136876
SRC-6511E14494,U.S. Census Bureau,"Manufacturing and Trade Inventories and Sales, February 2023",release,mtis2302,2023-04-14,https://www2.census.gov/mtis/historical/mtis2302.pdf,direct_download,2026-10-03T18:25:17Z,7d19bbe791adf5f25b5839a09aa5dddafa2e4d351fcafbade77eac285df6c29b,936014
SRC-651D67BF7E,U.S. Census Bureau,"Manufacturing and Trade Inventories and Sales, May 2022",release,mtis2205,2022-07-15,https://www2.census.gov/mtis/historical/mtis2205.pdf,direct_download,2026-10-03T18:25:14Z,3a23924f92c1cea39fb91fc4a1f2de881f0ce16dcdac1166cc4e753f4f406d03,278066
SRC-663396E136,U.S. Census Bureau,"Manufacturing and Trade Inventories and Sales, February 2006",release,mtis0602,2006-04-13,https://www2.census.gov/mtis/historical/mtis0602.pdf,direct_download,2026-10-03T18:23:55Z,02abe795957ccd7c261c2ed1618e66b9bb78946e78b2551220fd25782edde05e,65771
SRC-685146818E,U.S. Census Bureau,"Full Report on Manufacturers' Shipments, Inventories, and Orders, April 2001",release,,2001-06-05,https://www.census.gov/manufacturing/m3/historical_data/pressreleases/prel/2001/apr01prel.pdf,direct_download,2026-10-03T18:20:57Z,010b9c5cf430cfe231cde6a9be6837456b8fc2a22ac03180bb331c9c35badb84,872466
SRC-696695B53A,U.S. Census Bureau,"Manufacturing and Trade Inventories and Sales, March 2024",release,mtis2403,2024-05-15,https://www2.census.gov/mtis/historical/mtis2403.pdf,direct_download,2026-10-03T18:25:21Z,3f4e95645f5b26c780c2bb551e425f7c07acc3d28071402b2f246c964527cb7d,339428
SRC-6A56CE4BDE,U.S. Census Bureau,Annual Revision of Monthly Retail and Food Services: Introduction / Explanation of Revisions (2010),benchmark_report,retail-annual-2010,,https://www.census.gov/retail/mrts/www/benchmark/2010/pdf/Introduction.pdf,direct_download,2026-10-03T18:22:56Z,6c407c836371073962ffc68a3b3dd35af3620e02ee58b7b495a190a1a3bf8dfe,126848
SRC-6B7251558D,U.S. Census Bureau,"Manufacturing and Trade Inventories and Sales, April 2002",release,mtis0204,2002-06-14,https://www2.census.gov/mtis/historical/mtis0204.pdf,direct_download,2026-10-03T18:23:32Z,1a37a86179682fb3d398d5594b935d80d0f56d3eff5710628aaeb839d0ccbcee,91672
SRC-6BF7B6AF8F,U.S. Census Bureau,"Manufacturing and Trade Inventories and Sales, January 2005",release,mtis0501,2005-03-15,https://www2.census.gov/mtis/historical/mtis0501.pdf,direct_download,2026-10-03T18:23:50Z,7699d42cd9a3de4c8c62a02be3a906b3c37e8e21af3526a38384cada5537ffa7,92445
SRC-6C562FFD0E,U.S. Census Bureau,"Full Report on Manufacturers' Shipments, Inventories, and Orders, January 2023",release,,2023-03-06,https://www.census.gov/manufacturing/m3/historical_data/pressreleases/prel/2023/jan23prel.pdf,direct_download,2026-10-03T18:22:35Z,bf2dfb4851e1866efdfbf1b99fe954719daf4bc53e81808d29aa93094753d933,557210
SRC-6CA5CFA37A,U.S. Census Bureau,"Full Report on Manufacturers' Shipments, Inventories, and Orders, March 2014",release,,2014-05-02,https://www.census.gov/manufacturing/m3/historical_data/pressreleases/prel/2014/mar14prel.pdf,direct_download,2026-10-03T18:21:50Z,045ae0c0f1ac8ff38d57381133aa4cd8f3e16b7500834206c427bf8384002e9e,635502
SRC-6D149D441F,U.S. Bureau of Labor Statistics,Consumer Price Index news release (2004-02-20),release,,2004-02-20,https://www.bls.gov/news.release/archives/cpi_02202004.pdf,direct_download,2026-10-03T18:20:27Z,219a09361062799ccb16e6a76ee8002a18bcabf1ee628ec72cbcf24560d21398,134045
SRC-6D317F6BFD,U.S. Census Bureau,"Manufacturing and Trade Inventories and Sales, April 2009",release,mtis0904,2009-06-11,https://www2.census.gov/mtis/historical/mtis0904.pdf,direct_download,2026-10-03T18:24:11Z,730ab631783a6319eeaf12398581a4239963cfede5457e14245a47130ef2012a,60666
SRC-6F4B96F91B,U.S. Census Bureau,"Manufacturing and Trade Inventories and Sales, April 2016",release,mtis1604,2016-06-14,https://www2.census.gov/mtis/historical/mtis1604.pdf,direct_download,2026-10-03T18:24:43Z,b5c99582bc715a35971522d8bc604c5b14c8c74d252d73814b160e8b58706d1e,66577
SRC-6FE9A1921E,U.S. Census Bureau,"Full Report on Manufacturers' Shipments, Inventories, and Orders, April 2012",release,,2012-06-04,https://www.census.gov/manufacturing/m3/historical_data/pressreleases/prel/2012/apr12prel.pdf,direct_download,2026-10-03T18:21:41Z,ffea74f5016dac039b518be41e5854e00d2c3dae6d7a0e89e874f7c34ffb5132,116669
SRC-720DCC468A,U.S. Census Bureau,"Full Report on Manufacturers' Shipments, Inventories, and Orders, May 1998",release,,1998-07-02,https://www.census.gov/manufacturing/m3/historical_data/pressreleases/prel/1998/may98prel.pdf,direct_download,2026-10-03T18:20:54Z,0839e57d8f0ef6ebfc1bb2dceba47fdcae4b218b66030d78dedfcb7deec1e2dd,871079
SRC-73205DD222,U.S. Census Bureau,"Full Report on Manufacturers' Shipments, Inventories, and Orders, March 2021",release,,2021-05-04,https://www.census.gov/manufacturing/m3/historical_data/pressreleases/prel/2021/mar21prel.pdf,direct_download,2026-10-03T18:22:25Z,d8e807212f954d4c0793a38ffc5578a8a6b6e9936df898b2d5a08c7dcae8b823,531689
SRC-746DC75C7A,U.S. Census Bureau,"Full Report on Manufacturers' Shipments, Inventories, and Orders, February 2014",release,,2014-04-02,https://www.census.gov/manufacturing/m3/historical_data/pressreleases/prel/2014/feb14prel.pdf,direct_download,2026-10-03T18:21:51Z,437c343f23355ab4cd7f285eb22c9405e3ee19800e89e77b86e20d2d5cb10c83,90398
SRC-76DEC0C3D5,U.S. Census Bureau,"Manufacturing and Trade Inventories and Sales, January 2014",release,mtis1401,2014-03-13,https://www2.census.gov/mtis/historical/mtis1401.pdf,direct_download,2026-10-03T18:24:33Z,b9518d62c5b4844ed7e1627245207c532f043e97629e6d066b0be2be45bcc467,62836
SRC-78EDDC838F,U.S. Census Bureau,"Full Report on Manufacturers' Shipments, Inventories, and Orders, January 2015",release,,2015-03-05,https://www.census.gov/manufacturing/m3/historical_data/pressreleases/prel/2015/jan15prel.pdf,direct_download,2026-10-03T18:21:56Z,a1852ac9342e205d9428e8ff66bd3c742d72df8c0a877154a53396782dfc6f43,341207
SRC-7A83B7D28D,U.S. Census Bureau,Annual Revision of Monthly Retail and Food Services: Introduction / Explanation of Revisions (2014),benchmark_report,retail-annual-2014,,https://www.census.gov/retail/mrts/www/benchmark/2014/pdf/Introduction.pdf,direct_download,2026-10-03T18:23:00Z,24e2a895a5a751179e73b11d13758a5ea903b1a45014ba85c2c86eed0fb624e7,120045
SRC-7AA03F3B99,U.S. Census Bureau,"Full Report on Manufacturers' Shipments, Inventories, and Orders, February 1997",release,,1997-04-02,https://www.census.gov/manufacturing/m3/historical_data/pressreleases/prel/1997/feb97prel.pdf,direct_download,2026-10-03T18:20:52Z,75651c0648f019870b5f62bf85d32858390c6ef3572c93e4b1dfc338db813c1f,859807
SRC-7AD769A127,U.S. Bureau of Labor Statistics,Consumer Price Index news release (2022-02-10),release,,2022-02-10,https://www.bls.gov/news.release/archives/cpi_02102022.pdf,direct_download,2026-10-03T18:26:36Z,616e72d10ce1db18e73c88b6a74a115bc7bacbd95d1e6dd2afb0a54f16d15e00,811710
SRC-7B47590CA1,U.S. Census Bureau,"Full Report on Manufacturers' Shipments, Inventories, and Orders, January 2016",release,,2016-03-03,https://www.census.gov/manufacturing/m3/historical_data/pressreleases/prel/2016/jan16prel.pdf,direct_download,2026-10-03T18:22:01Z,5cb0474ac1672c00059ba30d1b1afc48682453903557e06afcfa71133c546531,118733
SRC-7B74AF6918,U.S. Census Bureau,"Manufacturing and Trade Inventories and Sales, December 2003",release,mtis0312,2004-02-12,https://www2.census.gov/mtis/historical/mtis0312.pdf,direct_download,2026-10-03T18:23:46Z,81ccaa4152b805d911bbc632e8f39ccf04d0497c44194c132c4f039ccc319049,126262
SRC-7DA0C41894,U.S. Census Bureau,"Manufacturing and Trade Inventories and Sales, October 2009",release,mtis0910,2009-12-11,https://www2.census.gov/mtis/historical/mtis0910.pdf,direct_download,2026-10-03T18:24:14Z,1e03824cd3f34d555e01dc19b8c3fc596f4a1f0fdff3949fbe42393c32420afc,61022
SRC-7DA57AAF81,U.S. Bureau of Labor Statistics,Consumer Price Index news release (2014-02-20),release,,2014-02-20,https://www.bls.gov/news.release/archives/cpi_02202014.pdf,direct_download,2026-10-03T18:26:30Z,a7c639bdb2bde97cedc19da2395ad093c3156d2e6d0f0c7a54540485b0340a11,384328
SRC-7E2A1DA858,U.S. Census Bureau,"Manufacturing and Trade Inventories and Sales, May 2023",release,mtis2305,2023-07-18,https://www2.census.gov/mtis/historical/mtis2305.pdf,direct_download,2026-10-03T18:25:20Z,2bb5532e10b2ad25d2216945c1df3b201173064da58078444d7034ec51c4e589,277060
SRC-802CF04FC0,U.S. Bureau of Labor Statistics,Producer Price Indexes news release (2026-02-27),release,,2026-02-27,https://www.bls.gov/news.release/archives/ppi_02272026.pdf,direct_download,2026-10-03T18:25:41Z,6e3cad5ab151a3768af7f73d3a1b6eb93e5eb3bca62705556ad94fa8dbf0fb82,1791380
SRC-8211DF9BDF,U.S. Census Bureau,"Full Report on Manufacturers' Shipments, Inventories, and Orders, January 2014",release,,2014-03-06,https://www.census.gov/manufacturing/m3/historical_data/pressreleases/prel/2014/jan14prel.pdf,direct_download,2026-10-03T18:21:52Z,1ba781263388a7beecbbe35038f7908e6f6225aa49461b5b9cc82b42a29538f2,123538
SRC-83421DBC76,U.S. Census Bureau,"Manufacturing and Trade Inventories and Sales, February 2011",release,mtis1102,2011-04-13,https://www2.census.gov/mtis/historical/mtis1102.pdf,direct_download,2026-10-03T18:24:19Z,ba9ecc9cd1ffdbe801d618519236090c45fbd72d24db4a7a10654d01eb564f2b,63642
SRC-838E01496C,U.S. Census Bureau,"Full Report on Manufacturers' Shipments, Inventories, and Orders, February 2015",release,,2015-04-02,https://www.census.gov/manufacturing/m3/historical_data/pressreleases/prel/2015/feb15prel.pdf,direct_download,2026-10-03T18:21:55Z,fca85b2ec11721303eede995e98c622c999fefab84b43e91b05dcf6dd05f3c31,186443
SRC-83D9B75ED9,U.S. Census Bureau,Annual Revision of Monthly Retail and Food Services: Introduction / Explanation of Revisions (2021),benchmark_report,retail-annual-2021,,https://www.census.gov/retail/mrts/www/benchmark/2021/pdf/Introduction.pdf,direct_download,2026-10-03T18:23:06Z,faa1114c88c0f0b8f37afcf39a52d7151e0b39f05e8675d53d52e4802ef5c6d9,126987
SRC-84E1C2B44F,U.S. Census Bureau,"Manufacturing and Trade Inventories and Sales, May 2019",release,mtis1905,2019-07-16,https://www2.census.gov/mtis/historical/mtis1905.pdf,direct_download,2026-10-03T18:24:56Z,6ba1b3389f7ee3104cec8f49fee826d47997ca16906eef0b0be4003f60533f27,237484
SRC-8532D59D86,U.S. Census Bureau,"Manufacturing and Trade Inventories and Sales, May 2025",release,mtis2505,2025-07-17,https://www2.census.gov/mtis/historical/mtis2505.pdf,direct_download,2026-10-03T18:25:29Z,37fe257c26a7838594e9742a85d71626423af8b1cca5fb8c43392546b4450252,644997
SRC-8651FC6A04,U.S. Census Bureau,"Manufacturing and Trade Inventories and Sales, March 2020",release,mtis2003,2020-05-15,https://www2.census.gov/mtis/historical/mtis2003.pdf,direct_download,2026-10-03T18:24:59Z,47c38a7d0643fd92f0343bd183b76c5057b77ff4af44db2c1168bc1cd1348431,202370
SRC-86F3A80063,U.S. Census Bureau,"Full Report on Manufacturers' Shipments, Inventories, and Orders, November 2009",release,,2010-01-15,https://www.census.gov/manufacturing/m3/historical_data/pressreleases/prel/2009/nov09prel.pdf,direct_download,2026-10-03T18:21:29Z,6afc69fff33d66cf34ec83e2e0541b77e8010285fc4a13c856252a2ab0d41ac0,98253
SRC-89A1046B13,Bureau of Transportation Statistics,April 2021 Freight Transportation Services Index (TSI) Equaled Highest Level since Start of Pandemic,release,BTS 37-21,2021-06-09,https://www.bts.gov/newsroom/april-2021-freight-transportation-services-index-tsi-equaled-highest-level-start-pandemic,"browser_excerpt_capture: evidence/captures/bts_tsi_release_2021-06-09.excerpt.txt (selected lines of the <main> text of the HTML served to the built-in browser (same-origin request from an approved bts.gov page), 2026-10-03T23:12:34Z); sha256 is of the capture, not the server file; page HTML at capture time: 281647 bytes, sha256 a13bc82d5d9c336b98302a3b8900c8b799e52b7b37b086b80060197937a5a57f (not stored)",2026-10-03T23:12:34Z,494c76fc3e4f2b70e26f63c5b5439ec911bb9948ea1d6e13edf9d8c23bdcb397,1314
SRC-89AD572F69,U.S. Census Bureau,"Full Report on Manufacturers' Shipments, Inventories, and Orders, February 2010",release,,2010-03-31,https://www.census.gov/manufacturing/m3/historical_data/pressreleases/prel/2010/feb10prel.pdf,direct_download,2026-10-03T18:21:35Z,fcb461ed582592a691c00bc3bf042b4459dd7f2a65ef6204cb88549c47cdd4ff,116697
SRC-8B16FA89E3,U.S. Census Bureau,"Manufacturing and Trade Inventories and Sales, January 2020",release,mtis2001,2020-03-17,https://www2.census.gov/mtis/historical/mtis2001.pdf,direct_download,2026-10-03T18:25:01Z,8a9e4bba8bf61a668fd28e93398918fa658881705f4bf6cc125780ee94ede32f,201722
SRC-8B345F22AC,U.S. Census Bureau,"Full Report on Manufacturers' Shipments, Inventories, and Orders, January 2011",release,,2011-03-04,https://www.census.gov/manufacturing/m3/historical_data/pressreleases/prel/2011/jan11prel.pdf,direct_download,2026-10-03T18:21:40Z,8c986e115bf5d061856cbe56f23b80b2ef7b2556adcbdfd9b8acf6bd1d23c166,157139
SRC-8D2625B73B,U.S. Census Bureau,"Manufacturing and Trade Inventories and Sales, March 2014",release,mtis1403,2014-05-13,https://www2.census.gov/mtis/historical/mtis1403.pdf,direct_download,2026-10-03T18:24:31Z,42cd2994a5dd64dfbb7384cd0b238071de6de1fa6449532f665a595ae3e3aed5,62331
SRC-8EA726209E,U.S. Census Bureau,Annual Revision of Monthly Retail and Food Services: Introduction / Explanation of Revisions (2022),benchmark_report,retail-annual-2022,,https://www.census.gov/retail/mrts/www/benchmark/2022/pdf/Introduction.pdf,direct_download,2026-10-03T18:23:07Z,69c08a0bec5ce2b04d678867d701aaba128860bc97442fcf08fc8caa82dd8b0b,131169
SRC-8FFC6DC7B9,U.S. Census Bureau,"Full Report on Manufacturers' Shipments, Inventories, and Orders, April 2022",release,,2022-06-02,https://www.census.gov/manufacturing/m3/historical_data/pressreleases/prel/2022/apr22prel.pdf,direct_download,2026-10-03T18:22:28Z,e1eaad36d995cedb7440f5e9aae2a05a14ec472e0c608b2b3686c8c71e0f1187,557307
SRC-90CB9045A7,U.S. Census Bureau,"Manufacturing and Trade Inventories and Sales, April 2012",release,mtis1204,2012-06-13,https://www2.census.gov/mtis/historical/mtis1204.pdf,direct_download,2026-10-03T18:24:27Z,b3c74b4a2e336e0bd21d92768c50ca81294e2d2caec1783179c8f4a046d8b5cd,61947
SRC-9142C0F3BB,U.S. Census Bureau,"Full Report on Manufacturers' Shipments, Inventories, and Orders, March 2016",release,,2016-05-04,https://www.census.gov/manufacturing/m3/historical_data/pressreleases/prel/2016/mar16prel.pdf,direct_download,2026-10-03T18:21:59Z,1c57d36bb760e964d28326c8bc280919f371e33a0f3f5b34d908c851d118b592,119270
SRC-9214D3DA79,U.S. Bureau of Labor Statistics,Consumer Price Index news release (2025-02-12),release,,2025-02-12,https://www.bls.gov/news.release/archives/cpi_02122025.pdf,direct_download,2026-10-03T18:20:46Z,a1ff5df18d7d9467c3fb2bfc5dc45713102089db76089a1ca158b34e3757298d,482498
SRC-923A5F2BEA,U.S. Bureau of Labor Statistics,Consumer Price Index news release (2010-02-19),release,,2010-02-19,https://www.bls.gov/news.release/archives/cpi_02192010.pdf,direct_download,2026-10-03T18:26:26Z,da9e7dc75cb23425e281202b03fb8ded6a17f4ec6ccaa6bcf5cff4ce408e3377,136047
SRC-9296540E28,U.S. Census Bureau,"Full Report on Manufacturers' Shipments, Inventories, and Orders, January 2010",release,,2010-03-04,https://www.census.gov/manufacturing/m3/historical_data/pressreleases/prel/2010/jan10prel.pdf,direct_download,2026-10-03T18:21:36Z,00522a8f9cb7823ed02eb904b78c1bf2d94a8c1724043dc72a2053cb91703766,116163
SRC-93FABBB812,U.S. Census Bureau,"Full Report on Manufacturers' Shipments, Inventories, and Orders, May 2016",release,,2016-07-05,https://www.census.gov/manufacturing/m3/historical_data/pressreleases/prel/2016/may16prel.pdf,direct_download,2026-10-03T18:22:02Z,ded1f8c61b8548c35fd4a26bcd5adbcab44e59e23f4259b7e2cce300f37df318,111349
SRC-950CCD9CAA,U.S. Census Bureau,"Full Report on Manufacturers' Shipments, Inventories, and Orders, February 2016",release,,2016-04-04,https://www.census.gov/manufacturing/m3/historical_data/pressreleases/prel/2016/feb16prel.pdf,direct_download,2026-10-03T18:22:00Z,3de839ae3f466505687bbd6dee415ebff12c8cd701df320afd480f2c872fa756,118799
SRC-952DF833B4,U.S. Census Bureau,"Manufacturing and Trade Inventories and Sales, June 1999",release,mtis9906,1999-08-13,https://www2.census.gov/mtis/historical/mtis9906.txt,direct_download,2026-10-03T19:01:48Z,c89c1951414f519d541b53ed247f3344f060c3251a5be2400353a118768efa3e,14039
SRC-957D707D82,U.S. Census Bureau,"Full Report on Manufacturers' Shipments, Inventories, and Orders, February 2013",release,,2013-04-02,https://www.census.gov/manufacturing/m3/historical_data/pressreleases/prel/2013/feb13prel.pdf,direct_download,2026-10-03T18:21:47Z,e4e775e70ecc1e81758a50c9da8b628773632d928ee245ff7932121c4a45af1c,105965
SRC-95AF4B06A1,U.S. Census Bureau,"Manufacturing and Trade Inventories and Sales, March 2025",release,mtis2503,2025-05-15,https://www2.census.gov/mtis/historical/mtis2503.pdf,direct_download,2026-10-03T18:25:25Z,9b5b4664141129d70f34b452386c9e84a99350a13ee36d5de0fe73f926a88b99,296255
SRC-96BA2DB34A,U.S. Census Bureau,"Manufacturing and Trade Inventories and Sales, January 2011",release,mtis1101,2011-03-11,https://www2.census.gov/mtis/historical/mtis1101.pdf,direct_download,2026-10-03T18:24:21Z,edef3f57f62a723bd39f8220d828313321a6c05a8a18a4f5bf8a054de7d64b51,62486
SRC-971086E0E9,U.S. Census Bureau,"Manufacturing and Trade Inventories and Sales, April 2011",release,mtis1104,2011-06-14,https://www2.census.gov/mtis/historical/mtis1104.pdf,direct_download,2026-10-03T18:24:22Z,a0326a2eec65ef955e85c0b0212ce433729f7d09f2e0f168d0dd2c8f6fcb80a2,61647
SRC-97601884C6,U.S. Bureau of Labor Statistics,Consumer Price Index news release (2015-02-26),release,,2015-02-26,https://www.bls.gov/news.release/archives/cpi_02262015.pdf,direct_download,2026-10-03T18:26:31Z,9c36601e39e40f54ee9b7157a99bee7f7598e8542ea43396509dbd27597f3a96,398029
SRC-97B3243CE3,U.S. Census Bureau,"Full Report on Manufacturers' Shipments, Inventories, and Orders, January 2021",release,,2021-03-04,https://www.census.gov/manufacturing/m3/historical_data/pressreleases/prel/2021/jan21prel.pdf,direct_download,2026-10-03T18:22:27Z,04a6e7a4b0bae0c9b14d1215fbda37935f12abcd5942954487125ac41ec25136,492940
SRC-97B8972E48,U.S. Census Bureau,"Manufacturing and Trade Inventories and Sales, April 2025",release,mtis2504,2025-06-17,https://www2.census.gov/mtis/historical/mtis2504.pdf,direct_download,2026-10-03T18:25:28Z,d14444f781630d52e65bd81a71ddbf993f4dd9729e0d1c5d372a0c53e21cfcf4,645014
SRC-980DA71862,U.S. Census Bureau,"Manufacturing and Trade Inventories and Sales, June 2002",release,mtis0206,2002-08-14,https://www2.census.gov/mtis/historical/mtis0206.pdf,direct_download,2026-10-03T18:23:35Z,85aa91f065b62b0fda8430661ca5fd38897d2993b04f47e6cea489770f9eda87,89480
SRC-984B2C3A26,U.S. Census Bureau,"Manufacturing and Trade Inventories and Sales, March 2002",release,mtis0203,2002-05-15,https://www2.census.gov/mtis/historical/mtis0203.pdf,direct_download,2026-10-03T18:23:33Z,fd8c6009e32a145c5ea6a26c6464e2c6afe61f57cc257997c3e368fbe6a53c52,91823
SRC-98A8B26058,U.S. Census Bureau,"Full Report on Manufacturers' Shipments, Inventories, and Orders, April 2014",release,,2014-06-03,https://www.census.gov/manufacturing/m3/historical_data/pressreleases/prel/2014/apr14prel.pdf,direct_download,2026-10-03T18:21:49Z,d6f548acc825a16de7ff0e0dea9feef4b0769145e73552a8e16999a0280355f8,188146
SRC-98EE63C679,U.S. Bureau of Labor Statistics,Consumer Price Index news release (2009-02-20),release,,2009-02-20,https://www.bls.gov/news.release/archives/cpi_02202009.pdf,direct_download,2026-10-03T18:26:25Z,abb47a2c74247bbc8ea0a151421e7fec30cf1b15b1b962e9aa898a97c4032db6,100492
SRC-98FC604646,U.S. Census Bureau,"Full Report on Manufacturers' Shipments, Inventories, and Orders, March 2018",release,,2018-05-03,https://www.census.gov/manufacturing/m3/historical_data/pressreleases/prel/2018/mar18prel.pdf,direct_download,2026-10-03T18:22:09Z,fc79460d8f936a74441d92bae45dde18c17324536a809dc7113f270afc1391fc,226855
SRC-9997D257FE,U.S. Census Bureau,"Manufacturing and Trade Inventories and Sales, May 1998",release,mtis9805,,https://www2.census.gov/mtis/historical/mtis9805.txt,direct_download,2026-10-03T19:01:46Z,51696b8f4f2ead712d657d0aa2aae6b141955d000e9adff6a539147c56f80fc3,14303
SRC-999AB7EBC5,U.S. Census Bureau,"Manufacturing and Trade Inventories and Sales, February 1997",release,mtis9702,1997-04-15,https://www2.census.gov/mtis/historical/mtis9702.txt,direct_download,2026-10-03T19:01:39Z,8fc93f20d9f56531122febee58dbeb5b65479c53c197d325402c2a6b1eb31108,14892
SRC-99C5D2D278,U.S. Census Bureau,Annual Benchmark Report for Retail Trade and Food Services (data year 2004),benchmark_report,annpub04,2005-03,https://www2.census.gov/retail/releases/benchmark/annpub04.pdf,direct_download,2026-10-03T18:22:48Z,f8bb20b125d80c9f9d0b6fcb3a2151d3e1fbf5ee572175d4dca948f9dc8d5347,1526143
SRC-99EEE953AC,U.S. Census Bureau,"Full Report on Manufacturers' Shipments, Inventories, and Orders, May 1997",release,,1997-07-02,https://www.census.gov/manufacturing/m3/historical_data/pressreleases/prel/1997/may97prel.pdf,direct_download,2026-10-03T18:20:48Z,6047bb6b8f9738149b12ef532bcb6324e5a9b653595e0ca46d7182fdac617957,887666
SRC-9BA8481A8D,U.S. Census Bureau,"Full Report on Manufacturers' Shipments, Inventories, and Orders, April 2021",release,,2021-06-04,https://www.census.gov/manufacturing/m3/historical_data/pressreleases/prel/2021/apr21prel.pdf,direct_download,2026-10-03T18:22:24Z,6d189410a19df695916891d0cb9a1be6522023b4c547eda8a091ba6a5bb63deb,532164
SRC-9BE51D2BFE,U.S. Census Bureau,"Full Report on Manufacturers' Shipments, Inventories, and Orders, May 2003",release,,2003-07-02,https://www.census.gov/manufacturing/m3/historical_data/pressreleases/prel/2003/may03prel.pdf,direct_download,2026-10-03T18:21:10Z,4b5eb23b3bed106f98e819cf6bfba0c789f79d478742299ff8082830933b6545,818783
SRC-9DC32F47CA,U.S. Census Bureau,"Full Report on Manufacturers' Shipments, Inventories, and Orders, July 2003",release,,2003-09-04,https://www.census.gov/manufacturing/m3/historical_data/pressreleases/prel/2003/jul03prel.pdf,direct_download,2026-10-03T18:21:08Z,2b9fd1e1e7c25995752f70978c69b5ffafb998938878c853e6023edf1e9bc0ac,634665
SRC-9DD174ED22,U.S. Census Bureau,"Full Report on Manufacturers' Shipments, Inventories, and Orders, March 2023",release,,2023-05-02,https://www.census.gov/manufacturing/m3/historical_data/pressreleases/prel/2023/mar23prel.pdf,direct_download,2026-10-03T18:22:33Z,4a8a56a4c277151c14c44fd445d82d9c6d1e6dcf1381c5a5ad95243bb3dce47f,554899
SRC-9E6920D44D,U.S. Census Bureau,"Manufacturing and Trade Inventories and Sales, March 2001",release,mtis0103,2001-05-14,https://www2.census.gov/mtis/historical/mtis0103.pdf,direct_download,2026-10-03T18:23:31Z,28c44b4da1f439435bcd86149d82dee902eaf3422bce45aa9f4d616ec6e537ae,93522
SRC-9FCB33C53B,U.S. Bureau of Labor Statistics,Consumer Price Index news release (2023-02-14),release,,2023-02-14,https://www.bls.gov/news.release/archives/cpi_02142023.pdf,direct_download,2026-10-03T18:26:37Z,f086f4a64e6961e50e55d7241af11815a523fb9cca674104ac2953c69c548225,528220
SRC-A046CF80D6,U.S. Census Bureau,"Full Report on Manufacturers' Shipments, Inventories, and Orders, July 2005",release,,2005-08-30,https://www.census.gov/manufacturing/m3/historical_data/pressreleases/prel/2005/jul05prel.pdf,direct_download,2026-10-03T18:21:12Z,e397645ffe39ddac9309ebbca019d654fc29836fa12b5b4d6535448f8e7045d2,167597
SRC-A5B2147B3B,U.S. Census Bureau,"Manufacturing and Trade Inventories and Sales, March 2009",release,mtis0903,2009-05-13,https://www2.census.gov/mtis/historical/mtis0903.pdf,direct_download,2026-10-03T18:24:08Z,54e52dbcd73c7f081bf3fb93c836e4ad19901045a921d9120a838f3fe5ac2a73,61357
SRC-A6DF7B3DB1,U.S. Census Bureau,"Full Report on Manufacturers' Shipments, Inventories, and Orders, April 2020",release,,2020-06-03,https://www.census.gov/manufacturing/m3/historical_data/pressreleases/prel/2020/apr20prel.pdf,direct_download,2026-10-03T18:22:18Z,a97a2de56ff623f224c20f8254200abb18acf2089c0140ddfe32d572a2eab513,886203
SRC-A72F09D269,U.S. Bureau of Labor Statistics,Producer Price Indexes news release (2023-02-16),release,,2023-02-16,https://www.bls.gov/news.release/archives/ppi_02162023.pdf,direct_download,2026-10-03T18:27:13Z,7e9d89a3748338bfaf135466f130e3f7882d77d40c32998f18ca44624b0724fe,1847494
SRC-A77DF58A82,U.S. Bureau of Labor Statistics,Consumer Price Index news release (2011-02-17),release,,2011-02-17,https://www.bls.gov/news.release/archives/cpi_02172011.pdf,direct_download,2026-10-03T18:26:27Z,25232981ccb953906e196d0854f883b72ef3ebba142299e61fea7ad8a1afab39,221891
SRC-A7BBCDF9D6,U.S. Census Bureau,Annual Revision of Monthly Retail and Food Services: Introduction / Explanation of Revisions (2015),benchmark_report,retail-annual-2015,,https://www.census.gov/retail/mrts/www/benchmark/2015/pdf/Introduction.pdf,direct_download,2026-10-03T18:23:01Z,d63d9959ce798684a3e6e554bda494ab338d23548a7077918854413494b1e886,192248
SRC-AA06D2F45C,U.S. Census Bureau,"Manufacturing and Trade Inventories and Sales, March 2011",release,mtis1103,2011-05-12,https://www2.census.gov/mtis/historical/mtis1103.pdf,direct_download,2026-10-03T18:24:18Z,931efec4ffce4773cde3b5147690445085b0656df85b8f2788ba2ea8d0320a8f,60777
SRC-AAA0C53FEC,U.S. Census Bureau,"Full Report on Manufacturers' Shipments, Inventories, and Orders, March 2022",release,,2022-05-03,https://www.census.gov/manufacturing/m3/historical_data/pressreleases/prel/2022/mar22prel.pdf,direct_download,2026-10-03T18:22:29Z,ad28c550d60be3d4950a41adc22c6abbfe1d4a8fdc6c8a6b923b3e24054bea34,557202
SRC-AB3DFAC954,U.S. Census Bureau,"Full Report on Manufacturers' Shipments, Inventories, and Orders, March 2024",release,,2024-05-02,https://www.census.gov/manufacturing/m3/historical_data/pressreleases/prel/2024/mar24prel.pdf,direct_download,2026-10-03T18:22:37Z,11f49dceaa38b3bba3ab6b2af3b6ff35593a75a93e8af55376f57544e6f04ad2,523384
SRC-ABA3C65956,U.S. Census Bureau,"Manufacturing and Trade Inventories and Sales, February 2002",release,mtis0202,2002-04-15,https://www2.census.gov/mtis/historical/mtis0202.pdf,direct_download,2026-10-03T18:23:34Z,adfe9cf9d1ff790d0846a2effe799146c3ab0e141fbee949846f5246395ad1ef,91283
SRC-AC3391817E,U.S. Census Bureau,"Manufacturing and Trade Inventories and Sales, February 2021",release,mtis2102,2021-04-15,https://www2.census.gov/mtis/historical/mtis2102.pdf,direct_download,2026-10-03T18:25:06Z,5f204ad6c7eb41980ab3f0e1b2146d669147bd4bf2478f2645c65a24359e1138,247908
SRC-AF93E9F05B,U.S. Census Bureau,"Manufacturing and Trade Inventories and Sales, February 2020",release,mtis2002,2020-04-15,https://www2.census.gov/mtis/historical/mtis2002.pdf,direct_download,2026-10-03T18:25:00Z,504a78f5eb612f45a381ccfef72f79617986806127b82cb6aaa8459d3f57fdd4,200400
SRC-B036B7BDC1,U.S. Census Bureau,"Full Report on Manufacturers' Shipments, Inventories, and Orders, February 2002",release,,2002-04-02,https://www.census.gov/manufacturing/m3/historical_data/pressreleases/prel/2002/feb02prel.pdf,direct_download,2026-10-03T18:21:02Z,d67bd2c343673eac97dd6ff5b45c7730a286314475ce5bf403c6159dcad8e33c,990233
SRC-B061B0453E,U.S. Census Bureau,"Manufacturing and Trade Inventories and Sales, May 2017",release,mtis1705,2017-07-14,https://www2.census.gov/mtis/historical/mtis1705.pdf,direct_download,2026-10-03T18:24:48Z,7a90edb2f1a5c8103d8997c4f551781919a8267728353cacb9c976d239c61229,178592
SRC-B07B4236AF,U.S. Census Bureau,"Manufacturing and Trade Inventories and Sales, April 2000",release,mtis0004,,https://www2.census.gov/mtis/historical/mtis0004.txt,direct_download,2026-10-03T19:01:49Z,855755235e5fc4dc328ebf2aafe7717150be8363b9b4a6411bcd96be1baa80de,22355
SRC-B16373F4C4,U.S. Census Bureau,"Full Report on Manufacturers' Shipments, Inventories, and Orders, March 2006",release,,2006-05-03,https://www.census.gov/manufacturing/m3/historical_data/pressreleases/prel/2006/mar06prel.pdf,direct_download,2026-10-03T18:21:17Z,b2691f5c6b7c867b4b517369994a5b59a41c6d3dd108556284db74bf5302687d,136675
SRC-B1E6215682,U.S. Census Bureau,"Full Report on Manufacturers' Shipments, Inventories, and Orders, March 2017",release,,2017-05-04,https://www.census.gov/manufacturing/m3/historical_data/pressreleases/prel/2017/mar17prel.pdf,direct_download,2026-10-03T18:22:04Z,845b32087e71f265d5a525c5adc80a67d836fd1107efba3a334a15aa8c02320c,210400
SRC-B2592DCDC4,U.S. Census Bureau,"Manufacturing and Trade Inventories and Sales, January 2004",release,mtis0401,2004-03-12,https://www2.census.gov/mtis/historical/mtis0401.pdf,direct_download,2026-10-03T18:23:45Z,0199ad5f19ac3c0ce7f3f7259a204aa59b40af527dec10b462bf15e313675742,121519
SRC-B28AC636F3,U.S. Census Bureau,"Manufacturing and Trade Inventories and Sales, March 2013",release,mtis1303,2013-05-13,https://www2.census.gov/mtis/historical/mtis1303.pdf,direct_download,2026-10-03T18:24:30Z,ea64f02ac2d55e205893df775b067bad87f1480a9f6589909f96035da3e74362,61498
SRC-B595091F83,U.S. Census Bureau,"Manufacturing and Trade Inventories and Sales, March 2007",release,mtis0703,2007-05-11,https://www2.census.gov/mtis/historical/mtis0703.pdf,direct_download,2026-10-03T18:23:59Z,7c56c7d1e85ab6945a9096d5c3de2ac8d224f827787568b72dd72449b5f6e05e,65935
SRC-B6187644F7,U.S. Census Bureau,"Manufacturing and Trade Inventories and Sales, January 2008",release,mtis0801,2008-03-13,https://www2.census.gov/mtis/historical/mtis0801.pdf,direct_download,2026-10-03T18:24:05Z,5d372bfc6d62eea4b4c6bbed649836ab48662203821ea5c7a23097bb8d7cfb82,66609
SRC-B66BD61459,U.S. Bureau of Labor Statistics,Consumer Price Index news release (2013-02-21),release,,2013-02-21,https://www.bls.gov/news.release/archives/cpi_02212013.pdf,direct_download,2026-10-03T18:26:29Z,5752ff503a48b0e66da7138884c2f85f5d71492c851a0c7212907a12ec1df238,378391
SRC-B8C172E568,U.S. Census Bureau,"Full Report on Manufacturers' Shipments, Inventories, and Orders, April 2015",release,,2015-06-02,https://www.census.gov/manufacturing/m3/historical_data/pressreleases/prel/2015/apr15prel.pdf,direct_download,2026-10-03T18:21:53Z,fbb04864432bc978b1a337f31977148b92296c91cbe65070db6a147441ca3d1d,120155
SRC-BA5818D30B,U.S. Census Bureau,"Annual Revision of Monthly Retail and Food Services: Sales and Inventories, January 1992 Through March 2008 (summary)",benchmark_report,retail-annual-2008,,https://www.census.gov/retail/mrts/www/benchmark/2008/html/summary.pdf,direct_download,2026-10-03T23:39:26Z,79fbd2f20149c65b4b0ffa6d6d4ca0b7b6fc67e330c9889a1e1712a266f196d6,166457
SRC-BAF02CCB1F,U.S. Census Bureau,"Full Report on Manufacturers' Shipments, Inventories, and Orders, February 2020",release,,2020-04-02,https://www.census.gov/manufacturing/m3/historical_data/pressreleases/prel/2020/feb20prel.pdf,direct_download,2026-10-03T18:22:20Z,68ee886362642f63a769b95081877c47992b40346d1c77f521b09b0b8da7796d,244854
SRC-BC35DD1421,U.S. Census Bureau,"Manufacturing and Trade Inventories and Sales, July 1999",release,mtis9907,1999-09-15,https://www2.census.gov/mtis/historical/mtis9907.txt,direct_download,2026-10-03T19:01:47Z,69c8a6cb2ef9d4099c018a17a4c5132ceaf19766aede4593318e0b99e7074646,13873
SRC-BD46620A82,U.S. Census Bureau,"Manufacturing and Trade Inventories and Sales, March 2021",release,mtis2103,2021-05-14,https://www2.census.gov/mtis/historical/mtis2103.pdf,direct_download,2026-10-03T18:25:04Z,87497395754bfa261a11781258cbff4e772f9a72f264a1f887585029dbf6666b,254559
SRC-BD73AFA3B3,U.S. Bureau of Labor Statistics,Consumer Price Index news release (2006-02-22),release,,2006-02-22,https://www.bls.gov/news.release/archives/cpi_02222006.pdf,direct_download,2026-10-03T18:26:22Z,58c83142a4886f076e91a16f02de216f9b03ec60b62d643550bcae67c72f9bd0,339163
SRC-BD7CDC568F,U.S. Census Bureau,"Manufacturing and Trade Inventories and Sales, March 2004",release,mtis0403,2004-05-14,https://www2.census.gov/mtis/historical/mtis0403.pdf,direct_download,2026-10-03T18:23:47Z,1671bb4f96dc09228579e5fbb81af04d94e87456463105c4a291844fe928b587,121462
SRC-C085C0A7AA,U.S. Census Bureau,"Manufacturing and Trade Inventories and Sales, January 2010",release,mtis1001,2010-03-12,https://www2.census.gov/mtis/historical/mtis1001.pdf,direct_download,2026-10-03T18:24:17Z,63f964f53b819db31e2642467d3a6dec7b71c76ffbf584538e9c31a66608bdf3,60787
SRC-C0CAB5EE13,U.S. Census Bureau,"Full Report on Manufacturers' Shipments, Inventories, and Orders, April 2008",release,,2008-06-03,https://www.census.gov/manufacturing/m3/historical_data/pressreleases/prel/2008/apr08prel.pdf,direct_download,2026-10-03T18:21:24Z,9cd00bd8453de43ba25b689771980e8cb5592e1b8d236f872da6a7afc9710af7,135288
SRC-C0ED953039,U.S. Census Bureau,"Manufacturing and Trade Inventories and Sales, May 1997",release,mtis9705,1997-07-16,https://www2.census.gov/mtis/historical/mtis9705.txt,direct_download,2026-10-03T19:01:40Z,c2236441c87ae582b0a1f3a7be5a2e7f1a561a5837f9cdd0ca08e4741742c760,14061
SRC-C10A22112F,U.S. Census Bureau,"Manufacturing and Trade Inventories and Sales, April 2018",release,mtis1804,2018-06-14,https://www2.census.gov/mtis/historical/mtis1804.pdf,direct_download,2026-10-03T18:24:51Z,f6b48dd50685a9ecd4c7617b25c6f9823ba9c6c103b9fcf7dcc1ee79944c8cc8,185622
SRC-C1251B1C8B,U.S. Census Bureau,"Full Report on Manufacturers' Shipments, Inventories, and Orders, December 2009",release,,2010-02-04,https://www.census.gov/manufacturing/m3/historical_data/pressreleases/prel/2009/dec09prel.pdf,direct_download,2026-10-03T18:21:28Z,06df7174b2cc88f8bb97668665b578eb90dd53b98e6e4e1a178b7c8dba22282c,119325
SRC-C18EABD512,U.S. Bureau of Labor Statistics,"Corrections to Consumer Price Index Data (published October 18, 2016)",errata,,2016-10-18,https://www.bls.gov/bls/errata/cpi-price-corrections-10182016.htm,direct_download,2026-10-03T18:20:03Z,6d5376e5408a633f24b6a1f6828e338d297df52b1956e03bb4fc2852f1fe0738,82533
SRC-C31081989F,U.S. Census Bureau,"Full Report on Manufacturers' Shipments, Inventories, and Orders, April 2017",release,,2017-06-05,https://www.census.gov/manufacturing/m3/historical_data/pressreleases/prel/2017/apr17prel.pdf,direct_download,2026-10-03T18:22:03Z,8a7b12a5cbf044997a7ef7207cd9f0ba057650258782c764b9afea100c63b0ed,211038
SRC-C462AC9D85,U.S. Bureau of Labor Statistics,Seasonal Adjustment in the CPI,methodology,,,https://www.bls.gov/cpi/seasonal-adjustment/,direct_download,2026-10-03T18:20:01Z,1bc2a74356da8fdb052cc140d880a4164955fa98ac44e14583f18e38e809eea6,59987
SRC-C731547A64,U.S. Census Bureau,"Manufacturing and Trade Inventories and Sales, May 2011",release,mtis1105,2011-07-14,https://www2.census.gov/mtis/historical/mtis1105.pdf,direct_download,2026-10-03T18:24:23Z,90f3c4990bdc405a57bc24c9f28c78dbdc00e848ee3ba83efd3ef5d61240dca9,61049
SRC-C7FF53F202,U.S. Bureau of Labor Statistics,Consumer Price Index news release (2019-02-13),release,,2019-02-13,https://www.bls.gov/news.release/archives/cpi_02132019.pdf,direct_download,2026-10-03T18:26:33Z,8ca59cb06ead4da794cf7d8d099c098529aeb8fde5f8519c045dccd060ea5136,318228
SRC-C99D9CEBEF,U.S. Census Bureau,"Full Report on Manufacturers' Shipments, Inventories, and Orders, March 2011",release,,2011-05-03,https://www.census.gov/manufacturing/m3/historical_data/pressreleases/prel/2011/mar11prel.pdf,direct_download,2026-10-03T18:21:38Z,aacbc193ec4aee5c3775700279b0377182a53568967275f7a4ea0b5f3b8fa56a,157371
SRC-C9F7381BAB,U.S. Census Bureau,"Full Report on Manufacturers' Shipments, Inventories, and Orders, February 2022",release,,2022-04-04,https://www.census.gov/manufacturing/m3/historical_data/pressreleases/prel/2022/feb22prel.pdf,direct_download,2026-10-03T18:22:30Z,72deb2945c4cf9e6c4f027c81082d9e5483bcd04a9941ec1650851debb5933a2,555700
SRC-CA12FEB4AF,U.S. Census Bureau,"Full Report on Manufacturers' Shipments, Inventories, and Orders, May 2005",release,,2005-07-05,https://www.census.gov/manufacturing/m3/historical_data/pressreleases/prel/2005/may05prel.pdf,direct_download,2026-10-03T18:21:14Z,37d09da2ac5847fe42f40999aa2a6664fdee06d901ff49dcc85c0304341fce08,148379
SRC-CBB39ECE8A,U.S. Census Bureau,"Full Report on Manufacturers' Shipments, Inventories, and Orders, May 2017",release,,2017-07-05,https://www.census.gov/manufacturing/m3/historical_data/pressreleases/prel/2017/may17prel.pdf,direct_download,2026-10-03T18:22:07Z,8ce715154e584b1e84fe852009831a020b7f48789ca9ff60bc6989db416d8b05,205987
SRC-CBB4AE24CE,Bureau of Transportation Statistics,Revision Policy for the Transportation Services Index,methodology,,2024-11-22,https://www.bts.gov/browse-statistical-products-and-data/transportation-economic-trends/revision-policy-tsi,"browser_excerpt_capture: evidence/captures/bts_tsi_revision_policy.excerpt.txt (text of the page's <main> element, built-in browser, 2026-10-03T22:36:37Z); sha256 is of the capture, not the server file; page HTML at capture time: 103214 bytes, sha256 feeee572744fab6737b258a3a770b75107fc546cc87dd75748d68e61624bf10c (not stored)",2026-10-03T22:36:37Z,cd4ba5042df3b85433b9427abda27223162084ea76d1e24e73278e00a49ff00a,1266
SRC-CC06CB23AB,U.S. Census Bureau,"Full Report on Manufacturers' Shipments, Inventories, and Orders, January 2001",release,,2001-03-06,https://www.census.gov/manufacturing/m3/historical_data/pressreleases/prel/2001/jan01prel.pdf,direct_download,2026-10-03T18:21:00Z,28a512fd00079fd146e8e6474fecb965df9f7383df84aee1531bf91782a9873f,847824
SRC-CC08B2DB50,U.S. Census Bureau,"Full Report on Manufacturers' Shipments, Inventories, and Orders, February 2024",release,,2024-04-02,https://www.census.gov/manufacturing/m3/historical_data/pressreleases/prel/2024/feb24prel.pdf,direct_download,2026-10-03T18:22:39Z,c2ed37debf7fcfb6f2fe243bd228c6bb9403d6d5079dbafb927a6cf9b191f19b,529734
SRC-CD28404C67,U.S. Census Bureau,Annual Revision of Monthly Retail and Food Services: Introduction / Explanation of Revisions (2019),benchmark_report,retail-annual-2019,,https://www.census.gov/retail/mrts/www/benchmark/2019/pdf/Introduction.pdf,direct_download,2026-10-03T18:23:04Z,51f34ddb005b2064289c57b19bb83f3b4cb5f9bed5f27084b1c84cf964aade65,233878
SRC-CE11F277CD,U.S. Bureau of Labor Statistics,Producer Price Indexes news release (2024-02-16),release,,2024-02-16,https://www.bls.gov/news.release/archives/ppi_02162024.pdf,direct_download,2026-10-03T18:27:15Z,a2b91acf9056834d546414eaeae2ec8aa6d7d123601cbff73f68182209e04d6f,1813974
SRC-CEA2D91CFE,U.S. Census Bureau,Annual Revision of Monthly Retail and Food Services: Introduction / Explanation of Revisions (2026),benchmark_report,retail-annual-2026,,https://www.census.gov/retail/mrts/www/benchmark/2026/pdf/Introduction.pdf,direct_download,2026-10-03T18:23:11Z,0e9f317b3dc17f6a0dd2a902869d9d131176b45eb22977d3c6a4c7179113bb42,157111
SRC-CFCD3AFE84,U.S. Census Bureau,Annual Revision of Monthly Retail and Food Services: Introduction / Explanation of Revisions (2011),benchmark_report,retail-annual-2011,,https://www.census.gov/retail/mrts/www/benchmark/2011/pdf/Introduction.pdf,direct_download,2026-10-03T18:22:57Z,4011428bdc337f6dfcde22b6e6046469eadff85ae66ad8849c8c219af1ca13fe,115617
SRC-CFF48C858E,U.S. Census Bureau,"Manufacturing and Trade Inventories and Sales, March 2005",release,mtis0503,2005-05-13,https://www2.census.gov/mtis/historical/mtis0503.pdf,direct_download,2026-10-03T18:23:48Z,a3eed9967d9594327148cbbacff951f6553932bbdb6b6d45e308d51059914bcb,91779
SRC-D0C35F9527,U.S. Bureau of Labor Statistics,Producer Price Indexes news release (2020-02-19),release,,2020-02-19,https://www.bls.gov/news.release/archives/ppi_02192020.pdf,direct_download,2026-10-03T18:27:11Z,991c8f017319e1e3b186fe85e22ea605e8f78f6dfe531398b2b5ae666e134468,580471
SRC-D1F4EDA4FB,U.S. Bureau of Labor Statistics,Producer Price Indexes news release (2019-02-14),release,,2019-02-14,https://www.bls.gov/news.release/archives/ppi_02142019.pdf,direct_download,2026-10-03T18:27:10Z,e12bfb72b27af0417ee21e260ce83f9b4c9bf32b0f4fea7345c042124e3a721b,358470
SRC-D2785D5F0D,U.S. Census Bureau,"Manufacturing and Trade Inventories and Sales, May 2016",release,mtis1605,2016-07-15,https://www2.census.gov/mtis/historical/mtis1605.pdf,direct_download,2026-10-03T18:24:44Z,bb956ffa1b28ce93a5ec7d534ff7a4d4da315dfb7569cc04f7ee6beffd6783a0,62299
SRC-D28FEBFE69,U.S. Census Bureau,"Manufacturing and Trade Inventories and Sales, March 2017",release,mtis1703,2017-05-12,https://www2.census.gov/mtis/historical/mtis1703.pdf,direct_download,2026-10-03T18:24:45Z,3508bf0a4dd62b595d68e4f334913ce69b25b26c69cb1ee46498442b3ea75f58,172072
SRC-D2D16847B3,U.S. Census Bureau,"Full Report on Manufacturers' Shipments, Inventories, and Orders, April 2024",release,,2024-06-04,https://www.census.gov/manufacturing/m3/historical_data/pressreleases/prel/2024/apr24prel.pdf,direct_download,2026-10-03T18:22:36Z,4fd41ce49cf72b347585743d099ad75bd81457eb500ef54f6bc580a1093c8d5d,523554
SRC-D59A10394B,Bureau of Transportation Statistics,CORRECTED: January 2021 Freight Transportation Services Index (TSI) Rose 1.1% from December,release,BTS 17-21 Corrected,2021-03-30,https://www.bts.gov/newsroom/corrected-january-2021-freight-transportation-services-index-tsi-rose-11-december,"browser_excerpt_capture: evidence/captures/bts_tsi_release_2021-03-30_corrected.excerpt.txt (selected lines of the <main> text of the HTML served to the built-in browser (same-origin request from an approved bts.gov page), 2026-10-03T23:12:34Z); sha256 is of the capture, not the server file; page HTML at capture time: 238186 bytes, sha256 aada334e3425910530f248e289707dd6f8c45c65bdc0a1342108589694752371 (not stored)",2026-10-03T23:12:34Z,d5b2ffcb50f8d20432bee2bed38fc977b038ce8d942b731465c38c3f5226daff,881
SRC-D78A3EF124,U.S. Census Bureau,"Manufacturing and Trade Inventories and Sales, June 1997",release,mtis9706,1997-08-14,https://www2.census.gov/mtis/historical/mtis9706.txt,direct_download,2026-10-03T19:01:39Z,cf7058a2a7bcf583badfd9257c684e6ed92b175a0db7a17c94d2168ca1b9db6d,13891
SRC-D86C8E0F3E,U.S. Census Bureau,"Manufacturing and Trade Inventories and Sales, February 2003",release,mtis0302,2003-04-14,https://www2.census.gov/mtis/historical/mtis0302.pdf,direct_download,2026-10-03T18:23:38Z,e0df66cd2a6edb7965a65aa9987b64160a9b167a50401b422b84ab8d09b83d95,52712
SRC-D8BEEB8333,U.S. Bureau of Labor Statistics,Consumer Price Index news release (2021-02-10),release,,2021-02-10,https://www.bls.gov/news.release/archives/cpi_02102021.pdf,direct_download,2026-10-03T18:26:35Z,8c6238c6062f3421ae2b108d1790bda4ce218c2971276457c4527ddb149743e8,855518
SRC-D98AF0B267,U.S. Census Bureau,"Manufacturing and Trade Inventories and Sales, February 2008",release,mtis0802,2008-04-14,https://www2.census.gov/mtis/historical/mtis0802.pdf,direct_download,2026-10-03T18:24:04Z,1c35a949e3fd4b357442933e4e7489dd23d117cba768766f3db9d1d6127573f9,66307
SRC-DA5196DF3E,U.S. Census Bureau,"Manufacturing and Trade Inventories and Sales, May 2006",release,mtis0605,2006-07-14,https://www2.census.gov/mtis/historical/mtis0605.pdf,direct_download,2026-10-03T18:23:56Z,c6b11c906c541982a97e8eeabb98e65ab1f85f7bc9b5bac29d7fc3e1da50e571,65281
SRC-DAD2DE4B79,U.S. Census Bureau,"Full Report on Manufacturers' Shipments, Inventories, and Orders, June 2005",release,,2005-08-02,https://www.census.gov/manufacturing/m3/historical_data/pressreleases/prel/2005/jun05prel.pdf,direct_download,2026-10-03T18:21:13Z,ab90ee4b6207197220514cce4f6fec607d6e32ca95caa6af77c34f19469e1862,148546
SRC-DB186779E6,U.S. Bureau of Labor Statistics,Consumer Price Index news release (2005-02-23),release,,2005-02-23,https://www.bls.gov/news.release/archives/cpi_02232005.pdf,direct_download,2026-10-03T18:26:21Z,6c52eb412c806ef364675961816c0085a1d2f91e7feed9fe164c289cdb9bef88,90997
SRC-DBA5E7BA70,U.S. Census Bureau,"Full Report on Manufacturers' Shipments, Inventories, and Orders, October 2009",release,,2009-12-04,https://www.census.gov/manufacturing/m3/historical_data/pressreleases/prel/2009/oct09prel.pdf,direct_download,2026-10-03T18:21:30Z,07c5ec1469d7f44371a34e1cc942d922c7e8ba1e6a43e1c21be36859ccb183b8,112299
SRC-DC73133A59,U.S. Census Bureau,"Full Report on Manufacturers' Shipments, Inventories, and Orders, January 2006",release,,2006-03-06,https://www.census.gov/manufacturing/m3/historical_data/pressreleases/prel/2006/jan06prel.pdf,direct_download,2026-10-03T18:21:19Z,654a5a8bf51109292bdaaaf8f50cae52c80907d59a51423fa9f76f026fe16d0f,135073
SRC-DD00F38E35,U.S. Census Bureau,"Manufacturing and Trade Inventories and Sales, March 2022",release,mtis2203,2022-05-17,https://www2.census.gov/mtis/historical/mtis2203.pdf,direct_download,2026-10-03T18:25:10Z,d81cd192a8d7eededcc2dbba9ab481a86a3f19a1919c54504fcfc49d83b8dcb0,278458
SRC-DD41C8D417,U.S. Census Bureau,"Manufacturing and Trade Inventories and Sales, March 2023",release,mtis2303,2023-05-16,https://www2.census.gov/mtis/historical/mtis2303.pdf,direct_download,2026-10-03T18:25:15Z,1172aa7e6191d11a027713aeb727da37d544d05c3f3198d6ecac479ca00ab9c5,282326
SRC-DE43D17D46,U.S. Census Bureau,"Manufacturing and Trade Inventories and Sales, January 2003",release,mtis0301,2003-03-14,https://www2.census.gov/mtis/historical/mtis0301.pdf,direct_download,2026-10-03T18:23:39Z,af89d556a5299a08e7308389d733adea9f52bda78d2190803704f6689ded84ec,52082
SRC-DE45519466,U.S. Census Bureau,"Full Report on Manufacturers' Shipments, Inventories, and Orders, March 2002",release,,2002-06-19,https://www.census.gov/manufacturing/m3/historical_data/pressreleases/prel/2002/mar02prel.pdf,direct_download,2026-10-03T18:21:01Z,e036bc0209aee0a64fea6fa6d6c7a8f0f073990e858b2291bac6ef683bea5868,1382260
SRC-DF11812E4D,U.S. Census Bureau,"Full Report on Manufacturers' Shipments, Inventories, and Orders, April 2013",release,,2013-06-05,https://www.census.gov/manufacturing/m3/historical_data/pressreleases/prel/2013/apr13prel.pdf,direct_download,2026-10-03T18:21:45Z,1e417adeb6c110b27fdaecb26b2f5d2b1f08aa13633575e8599fadb192933250,106773
SRC-DF6713A230,U.S. Census Bureau,"Manufacturing and Trade Inventories and Sales, January 2024",release,mtis2401,2024-03-14,https://www2.census.gov/mtis/historical/mtis2401.pdf,direct_download,2026-10-03T18:25:23Z,53c9bd3d1d1e82e4fbcf2cec8663d602de1f6905e6565a59645c17306a8332a0,279460
SRC-DFF715907A,U.S. Census Bureau,"Full Report on Manufacturers' Shipments, Inventories, and Orders, February 2023",release,,2023-04-04,https://www.census.gov/manufacturing/m3/historical_data/pressreleases/prel/2023/feb23prel.pdf,direct_download,2026-10-03T18:22:34Z,59ade5d70b2ccae46f58fa7c258fd21545233f331b4c054709b73964b99b258e,555181
SRC-E1C415C426,U.S. Census Bureau,Annual Revision of Monthly Retail and Food Services: Introduction / Explanation of Revisions (2017),benchmark_report,retail-annual-2017,,https://www.census.gov/retail/mrts/www/benchmark/2017/pdf/Introduction.pdf,direct_download,2026-10-03T18:23:03Z,12eba95d619014eca9d44e20eb72df139f9c7a90e405f5732e5d2506c7ea8087,105510
SRC-E1E6BAEBAE,U.S. Census Bureau,Annual Revision of Monthly Retail and Food Services: Introduction / Explanation of Revisions (2023),benchmark_report,retail-annual-2023,,https://www.census.gov/retail/mrts/www/benchmark/2023/pdf/Introduction.pdf,direct_download,2026-10-03T18:23:08Z,205e5a39025df0c9f55fb617ca49feb73fa27fde9a6c597c5cf305576c4cdd6d,174927
SRC-E2581E7736,U.S. Census Bureau,"Manufacturing and Trade Inventories and Sales, January 2017",release,mtis1701,2017-03-15,https://www2.census.gov/mtis/historical/mtis1701.pdf,direct_download,2026-10-03T18:24:47Z,fdfc360d1e1347a5c1ac9a0a3d85178bac3e64ff6fdb1807c4114b07722e0e91,171542
SRC-E2E287BAA3,U.S. Census Bureau,"Full Report on Manufacturers' Shipments, Inventories, and Orders, March 2015",release,,2015-05-04,https://www.census.gov/manufacturing/m3/historical_data/pressreleases/prel/2015/mar15prel.pdf,direct_download,2026-10-03T18:21:54Z,9af66d495791d9d5fc1c307f9d3839a8c824073016dc6df72335d6e623507f6e,129417
SRC-E2EBED849A,U.S. Census Bureau,"Full Report on Manufacturers' Shipments, Inventories, and Orders, January 2013",release,,2013-03-06,https://www.census.gov/manufacturing/m3/historical_data/pressreleases/prel/2013/jan13prel.pdf,direct_download,2026-10-03T18:21:47Z,31a19ec1db35f80a84e7b1c90f289de729e782040d59f52030a953c7d82ff068,106491
SRC-E431CA1C06,U.S. Census Bureau,"Full Report on Manufacturers' Shipments, Inventories, and Orders, March 2001",release,,2001-05-02,https://www.census.gov/manufacturing/m3/historical_data/pressreleases/prel/2001/mar01prel.pdf,direct_download,2026-10-03T18:20:58Z,951c411dab4ba0d4a0dcf4b4353b0cc1ae578f290cc3d481b3d3847757a8bb76,831013
SRC-E54F28F064,U.S. Census Bureau,"Manufacturing and Trade Inventories and Sales, January 2021",release,mtis2101,2021-03-16,https://www2.census.gov/mtis/historical/mtis2101.pdf,direct_download,2026-10-03T18:25:07Z,d9bc222f7fc5dafded06f5f6cb5ee77ad4999a4b0b4cec835f6de70f0fc86922,252880
SRC-E5BA6C8C22,U.S. Census Bureau,"Manufacturing and Trade Inventories and Sales, April 2022",release,mtis2204,2022-06-15,https://www2.census.gov/mtis/historical/mtis2204.pdf,direct_download,2026-10-03T18:25:13Z,052357078d20d8cc770f4deae8aea03c267665deb2463622d6cd57c44540b663,279117
SRC-E5EB169759,U.S. Census Bureau,"Manufacturing and Trade Inventories and Sales, July 2003",release,mtis0307,2003-09-15,https://www2.census.gov/mtis/historical/mtis0307.pdf,direct_download,2026-10-03T18:23:42Z,16491d52144cb42a9ced3f8617f49c7891a7fe3a8437a97b2748fae3e6d472a1,98743
SRC-E6B998EC4C,U.S. Census Bureau,"Manufacturing and Trade Inventories and Sales, February 2024",release,mtis2402,2024-04-15,https://www2.census.gov/mtis/historical/mtis2402.pdf,direct_download,2026-10-03T18:25:22Z,15b8259c7a72b0580b816e22298d9089268aace19c8ebe7e3a1d4d4f70c5a2a7,282200
SRC-E717BEDA13,U.S. Census Bureau,"Full Report on Manufacturers' Shipments, Inventories, and Orders, March 2025",release,,2025-05-02,https://www.census.gov/manufacturing/m3/historical_data/pressreleases/prel/2025/mar25prel.pdf,direct_download,2026-10-03T18:22:41Z,9fa97721e9c2401e6183a5a8ab34b2960f46b2fe6e01297dde89dba23b8f0078,363360
SRC-E7691C66C4,"U.S. Bureau of Labor Statistics (via FRASER, Federal Reserve Bank of St. Louis)",Interim Adjustment of Consumers' Price Index: Correction of New Unit Bias in Rent Component of Consumers' Price Index and Relative Importance of Items (BLS Bulletin No. 1039),bulletin,BLS Bulletin 1039,1951-06-29,https://fraser.stlouisfed.org/title/interim-adjustment-consumers-price-index-correction-new-unit-bias-rent-component-consumers-price-index-relative-importance-items-4427/fulltext,"browser_excerpt_capture: evidence/captures/bls_bulletin1039_1951.fraser_fulltext.excerpt.txt (selected sentences of the FRASER full-text (OCR) page, built-in browser, 2026-10-03T23:44:04Z); sha256 is of the capture, not the server file; page HTML at capture time: 274347 bytes, sha256 d5466107542c2ba2820421509b29b06dc65ff8a26274adb48f6b61303af8eb82 (not stored)",2026-10-03T23:44:04Z,9932c29567e806d5b26f447a39c56ddc5aa9d63713f8c6550687cdfd68f7ca53,1250
SRC-E777D5F82F,U.S. Census Bureau,"Full Report on Manufacturers' Shipments, Inventories, and Orders, March 1997",release,,,https://www.census.gov/manufacturing/m3/historical_data/pressreleases/prel/1997/mar97prel.pdf,direct_download,2026-10-03T18:20:50Z,84c9dbfdd87ecfa31fb76c713a5fd14a4deabb8a46a67909ad1a5a539b9ff8a3,880599
SRC-E7BC107ED8,U.S. Bureau of Labor Statistics,Consumer Price Index news release (2007-02-21),release,,2007-02-21,https://www.bls.gov/news.release/archives/cpi_02212007.pdf,direct_download,2026-10-03T18:26:23Z,402bc5fd0718e7b829faf27f1ddd7d49fc9df3b3ad4718725d7bf7c84baa925e,208017
SRC-E81FC75CD0,U.S. Census Bureau,"Manufacturing and Trade Inventories and Sales, January 2016",release,mtis1601,2016-03-15,https://www2.census.gov/mtis/historical/mtis1601.pdf,direct_download,2026-10-03T18:24:42Z,0bcfb67c08b83a5fbd0251089161e4c08320bb7b7fe9df698583523be903fa25,66988
SRC-E8AEFBA154,U.S. Census Bureau,"Manufacturing and Trade Inventories and Sales, June 2026",release,CB26-132,2026-08-14,https://www2.census.gov/mtis/historical/mtis2606.pdf,direct_download,2026-10-03T18:19:58Z,e2be1ee821924c38f466441a92c8427e35a3bad2e5e2137f5e9f365238f8a724,291065
SRC-E8C98F3DE7,U.S. Census Bureau,"Full Report on Manufacturers' Shipments, Inventories, and Orders, February 2008",release,,2008-04-02,https://www.census.gov/manufacturing/m3/historical_data/pressreleases/prel/2008/feb08prel.pdf,direct_download,2026-10-03T18:21:26Z,9adcdf7e5495eb4dd854137749012d9f857f0d55fd9e4da5d4c2107d24e54574,135138
SRC-E9C0B9106F,U.S. Census Bureau,"Full Report on Manufacturers' Shipments, Inventories, and Orders, January 2017",release,,2017-03-06,https://www.census.gov/manufacturing/m3/historical_data/pressreleases/prel/2017/jan17prel.pdf,direct_download,2026-10-03T18:22:06Z,5a8ec207633b02da382a7234e1e1f1c65bf9690cd3ad5cc3c8f33a3c0109f1c7,211068
SRC-E9C6425D55,U.S. Census Bureau,"Manufacturing and Trade Inventories and Sales, May 2002",release,mtis0205,2002-07-15,https://www2.census.gov/mtis/historical/mtis0205.pdf,direct_download,2026-10-03T18:23:36Z,fe55b3fe6b0d1b89cac82e6998a2a55e662ac224e7a63e4953b3b3b6eb53b458,91395
SRC-E9EFC4EB07,U.S. Census Bureau,"Manufacturing and Trade Inventories and Sales, May 2000",release,mtis0005,,https://www2.census.gov/mtis/historical/mtis0005.txt,direct_download,2026-10-03T19:01:52Z,83b0955f6669751309f3bd5be14910d9a9e4f06432ca7a0d8c898ed2b9654da8,22355
SRC-EA36D13E30,U.S. Census Bureau,"Manufacturing and Trade Inventories and Sales, March 2016",release,mtis1603,2016-05-13,https://www2.census.gov/mtis/historical/mtis1603.pdf,direct_download,2026-10-03T18:24:40Z,7c7e5014bd3d6c949b9333125f023ce145efde7f861d1cbbf15ff4730b4229c0,66934
SRC-EA7398E3D8,U.S. Bureau of Labor Statistics,Producer Price Indexes news release (2015-02-18),release,,2015-02-18,https://www.bls.gov/news.release/archives/ppi_02182015.pdf,direct_download,2026-10-03T18:25:30Z,a70d36c57893debc573e9256f8cd44ea7fdf4dc8d677c595e483a07593036402,476854
SRC-EB3CE8DCC6,U.S. Census Bureau,Annual Revision of Monthly Retail and Food Services: Introduction / Explanation of Revisions (2012),benchmark_report,retail-annual-2012,,https://www.census.gov/retail/mrts/www/benchmark/2012/pdf/Introduction.pdf,direct_download,2026-10-03T18:22:58Z,fab609b29e8d29e006c6dd35c47e9f7af1b85f603be066920189223faf1762c8,104775
SRC-EB88F35AE7,U.S. Census Bureau,"Manufacturing and Trade Inventories and Sales, March 1997",release,mtis9703,1997-05-14,https://www2.census.gov/mtis/historical/mtis9703.txt,direct_download,2026-10-03T19:01:38Z,b658bcaedf43a24d357c8cff8c653167a4ee405255d8228083820844e2266fdf,13902
SRC-EBA97DA053,U.S. Census Bureau,"Manufacturing and Trade Inventories and Sales, February 2010",release,mtis1002,2010-04-14,https://www2.census.gov/mtis/historical/mtis1002.pdf,direct_download,2026-10-03T18:24:15Z,68419f41e8efb81cd023b9b3d5d880f6c9f90ba9db98ed45512838d82d0c4b8b,61719
SRC-EEBF1B9D7B,U.S. Census Bureau,"Manufacturing and Trade Inventories and Sales, April 2019",release,mtis1904,2019-06-14,https://www2.census.gov/mtis/historical/mtis1904.pdf,direct_download,2026-10-03T18:24:57Z,27d74cc0360c9b72b256afc1492d2ca0fb6690d515799a72189222740bd87853,198997
SRC-EEFD4C2754,U.S. Bureau of Labor Statistics,Consumer Price Index news release (2017-02-15),release,,2017-02-15,https://www.bls.gov/news.release/archives/cpi_02152017.pdf,direct_download,2026-10-03T18:26:32Z,21adbf3fba35d2e5965b69691ab901a05e4b20b6f2d055e66dd4261e391cffd2,268486
SRC-EF0BB62701,U.S. Bureau of Labor Statistics,Producer Price Indexes news release (2017-02-14),release,,2017-02-14,https://www.bls.gov/news.release/archives/ppi_02142017.pdf,direct_download,2026-10-03T18:27:08Z,f58d63b9bc35cf45668b2d44ee3e7f6c6f948ca284743809245f1a602a697e28,420074
SRC-EFEA70990D,U.S. Census Bureau,"Manufacturing and Trade Inventories and Sales, May 2012",release,mtis1205,2012-07-16,https://www2.census.gov/mtis/historical/mtis1205.pdf,direct_download,2026-10-03T18:24:28Z,e44021434abe657ce28a4f343ab6cc13fdad7cbbefdaffc8ed72b5c19279175f,61244
SRC-F0B79F2522,U.S. Census Bureau,"Full Report on Manufacturers' Shipments, Inventories, and Orders, April 2003",release,,2003-06-05,https://www.census.gov/manufacturing/m3/historical_data/pressreleases/prel/2003/apr03prel.pdf,direct_download,2026-10-03T18:21:11Z,ec052e98e734c2dd754bfbc9cec8bbc19b9ecdc59b68dc53335f053392342385,881546
SRC-F0E7046552,U.S. Census Bureau,"Full Report on Manufacturers' Shipments, Inventories, and Orders, January 2002",release,,,https://www.census.gov/manufacturing/m3/historical_data/pressreleases/prel/2002/jan02prel.pdf,direct_download,2026-10-03T18:21:03Z,70eba48458af46037f39a9a750a5b531d73b908484139033aa0236a255eed171,2309479
SRC-F139CC58BF,U.S. Census Bureau,"Full Report on Manufacturers' Shipments, Inventories, and Orders, March 2013",release,,2013-05-03,https://www.census.gov/manufacturing/m3/historical_data/pressreleases/prel/2013/mar13prel.pdf,direct_download,2026-10-03T18:21:46Z,7701d7db73587ac777145883e4811766559810735165b3ea0962859d2f0e3566,105875
SRC-F17B3D6CD3,U.S. Bureau of Labor Statistics,Handbook of Methods: Producer Price Indexes - Presentation,methodology,,2026-03-19 (last modified),https://www.bls.gov/opub/hom/ppi/presentation.htm,direct_download,2026-10-03T22:15:13Z,4baab6d1ba8b63ad4043f0846364d96aae943603436f44c2076cdf0390b30501,73926
SRC-F20643477C,U.S. Census Bureau,"Manufacturing and Trade Inventories and Sales, May 2013",release,mtis1305,2013-07-15,https://www2.census.gov/mtis/historical/mtis1305.pdf,direct_download,2026-10-03T18:24:29Z,8ffdef4bf732290ff0adcd0b9383228bdb4f309c0956a89846be22a99639b55f,60924
SRC-F2A6198D0C,U.S. Census Bureau,"Full Report on Manufacturers' Shipments, Inventories, and Orders, March 1998",release,,1998-05-06,https://www.census.gov/manufacturing/m3/historical_data/pressreleases/prel/1998/mar98prel.pdf,direct_download,2026-10-03T18:20:56Z,642b7a6b0730a4b00c506102b920bc512dc17f6062a88063e87983b1e2be3310,901307
SRC-F3974EEAE0,U.S. Census Bureau,"Manufacturing and Trade Inventories and Sales, January 2022",release,mtis2201,2022-03-16,https://www2.census.gov/mtis/historical/mtis2201.pdf,direct_download,2026-10-03T18:25:12Z,72c6e8dde34fac67ac7bde04a2e5374a8b2457ffb726b1d4ecae0f18db1a2920,249075
SRC-F3F707DB70,U.S. Census Bureau,"Manufacturing and Trade Inventories and Sales, May 2020",release,mtis2005,2020-07-16,https://www2.census.gov/mtis/historical/mtis2005.pdf,direct_download,2026-10-03T18:25:04Z,2069f2bea83e463b17a0cf68ca275d4aa8289368625f2ebf701efd0fd882bd76,204911
SRC-F59D929EB7,U.S. Census Bureau,Annual Revision of Monthly Retail and Food Services: Introduction / Explanation of Revisions (2009),benchmark_report,retail-annual-2009,,https://www.census.gov/retail/mrts/www/benchmark/2009/pdf/Introduction.pdf,direct_download,2026-10-03T18:22:55Z,3da256f2c7cf0fac59610ab8f03ca55c606ac7c519ac68a7ab4326f99aaff8da,55057
SRC-F5D9A36309,U.S. Census Bureau,"Manufacturing and Trade Inventories and Sales, August 2003",release,mtis0308,2003-10-16,https://www2.census.gov/mtis/historical/mtis0308.pdf,direct_download,2026-10-03T18:23:41Z,83399d18ecaff4c9f4be1381cb093d41e00f3c19df24e33a641c042b584938f8,126689
SRC-F89CFA79EA,U.S. Census Bureau,"Manufacturing and Trade Inventories and Sales, February 2015",release,mtis1502,2015-04-14,https://www2.census.gov/mtis/historical/mtis1502.pdf,direct_download,2026-10-03T18:24:36Z,d15d08167adf6c6d7c27b24160b89805dfc64efee74c76f347961dbbcb28c4ad,63520
SRC-F8EBAD4E1C,U.S. Census Bureau,Annual Revision of Monthly Retail and Food Services: Introduction / Explanation of Revisions (2025),benchmark_report,retail-annual-2025,,https://www.census.gov/retail/mrts/www/benchmark/2025/pdf/Introduction.pdf,direct_download,2026-10-03T18:23:10Z,9d26a56bd13ba4a00c685b44754ffe823f374160bda590e967e9aadd00bbbba0,175691
SRC-F930D170A6,U.S. Census Bureau,"Full Report on Manufacturers' Shipments, Inventories, and Orders, May 2020",release,,2020-07-02,https://www.census.gov/manufacturing/m3/historical_data/pressreleases/prel/2020/may20prel.pdf,direct_download,2026-10-03T18:22:22Z,a5f97d5e5777a28e1d43d010b4075579443d11ac23b4bd8740dd696686a2f419,469195
SRC-F9AE4267A4,U.S. Census Bureau,"Manufacturing and Trade Inventories and Sales, May 2014",release,mtis1405,2014-07-15,https://www2.census.gov/mtis/historical/mtis1405.pdf,direct_download,2026-10-03T18:24:35Z,ef4c39501bf2a3513f05bc9709c4e5ca0565232a577d2d75c8c36656598013a8,61797
SRC-FA2336F3EF,U.S. Bureau of Labor Statistics,Consumer Price Index news release (2008-02-20),release,,2008-02-20,https://www.bls.gov/news.release/archives/cpi_02202008.pdf,direct_download,2026-10-03T18:26:24Z,64e76f729c40babb843fc110aad3d7379ac1264197c025b62703e8ffb75050a7,108384
SRC-FB4B88D286,Bureau of the Public Debt (U.S. Treasury),"Statement on CPI Revision and Inflation-Indexed Securities (September 28, 2000)",statement,,2000-09-28,https://slgs.gov/news/2000/release-09-28/,web_reader_quote_only (read with a web reader),2026-10-03T18:30:00Z,,
SRC-FBC52ABFA2,U.S. Census Bureau,"Full Report on Manufacturers' Shipments, Inventories, and Orders, April 2006",release,,2006-06-02,https://www.census.gov/manufacturing/m3/historical_data/pressreleases/prel/2006/apr06prel.pdf,direct_download,2026-10-03T18:21:16Z,d412bb182a6a024c5a9aa7a5fe1611fdd60e06f5e34c13aebeb02080cf871e26,136552
SRC-FBED6C5B2F,U.S. Census Bureau,"Full Report on Manufacturers' Shipments, Inventories, and Orders, February 2017",release,,2017-04-04,https://www.census.gov/manufacturing/m3/historical_data/pressreleases/prel/2017/feb17prel.pdf,direct_download,2026-10-03T18:22:05Z,7282f5e5837caa35eabfb96572888a42dadd59e0e0cc9d96a0a7e1578e099b94,210615
SRC-FC11DD3B7D,U.S. Census Bureau,"Full Report on Manufacturers' Shipments, Inventories, and Orders, April 2016",release,,2016-06-03,https://www.census.gov/manufacturing/m3/historical_data/pressreleases/prel/2016/apr16prel.pdf,direct_download,2026-10-03T18:21:58Z,4a35ae226bdc79bc3044fbc587c0f2e031619a73824ef4943a9539c1dfbb538b,118964
SRC-FDBE03E7A2,U.S. Census Bureau,"Manufacturing and Trade Inventories and Sales, April 2013",release,mtis1304,2013-06-13,https://www2.census.gov/mtis/historical/mtis1304.pdf,direct_download,2026-10-03T18:24:30Z,eaab5620250617be1601b049bf81a7d83d9b5d2bf8122115806896cca216a482,61255
SRC-FE88B6176F,U.S. Bureau of Labor Statistics,Handbook of Methods: Consumer Price Index - History,methodology,,,https://www.bls.gov/opub/hom/cpi/history.htm,direct_download,2026-10-03T18:20:04Z,825a6e80f4aab621ea68f20330ad8087f0a1aba36db8e42a4cf031beb027e35e,68825
SRC-FFDBE2BA0F,U.S. Census Bureau,"Manufacturing and Trade Inventories and Sales, March 2012",release,mtis1203,2012-05-15,https://www2.census.gov/mtis/historical/mtis1203.pdf,direct_download,2026-10-03T18:24:24Z,90967ca6d31c1edf801496c46ef98a6c6ea63121fdeee3834d506fbe4c12a694,62190
