series_id,vintage_date,n_obs,first_obs,last_obs,vintage_sha256
CPIAUCNS,1949-03-24,26,1947-01-01,1949-02-01,ee61f1f36057e687ee09598fce3819a4557ca455c8096b3356b9e5f0cd7571dd
CPIAUCNS,1949-04-22,27,1947-01-01,1949-03-01,0709b701eef504da5d321d06aa418d27259caecc322a2f64bb87939d483d9fe0
CPIAUCNS,1949-05-23,28,1947-01-01,1949-04-01,973936b7e2e16f7f57d2df24723229825aaf9b433d64b7206da8c80f0bf32bb5
CPIAUCNS,1949-06-24,29,1947-01-01,1949-05-01,4e377cbaae6dbb39b302d0f0142aaeb119506472f071b8f63c18f330e9f9d02e
CPIAUCNS,1949-07-22,30,1947-01-01,1949-06-01,a693cdafbdf3b66952ceedb6162a0050e9e59b07c84c84bcc37cbfcd6399a8af
CPIAUCNS,1949-08-26,31,1947-01-01,1949-07-01,01544e906b62a6d97c3595e607459a729c892195353af558a89e677807de3a95
CPIAUCNS,1949-09-28,32,1947-01-01,1949-08-01,b4572325c71dc6882a621b502bae499eb1c46f801416d6c48592c3b2d92a8435
CPIAUCNS,1949-10-28,33,1947-01-01,1949-09-01,479e5ad7ba713eca17fb262a8c961d74aaf848899103c426388a18fe631ecb5a
CPIAUCNS,1949-11-28,34,1947-01-01,1949-10-01,fd0b344a90382c5ce4430eb490cb3fcbbe36ec81808e280b28946a0c7df087e1
CPIAUCNS,1949-12-28,35,1947-01-01,1949-11-01,4cb8726c48b395591b202b3396aacc6b103a34c32a2a0df85bf803f602c230d4
CPIAUCNS,1950-01-26,36,1947-01-01,1949-12-01,5ccdfe6f5bcbbbd974177914803a836d84cc4058ee2bd3dcd7fd8be6ae853032
CPIAUCNS,1950-02-24,37,1947-01-01,1950-01-01,7cdd28abf7f64d1bf10fd8a4287394e0c58fc1fe190a2bae8808d17a410823cd
CPIAUCNS,1950-03-25,38,1947-01-01,1950-02-01,b1f8bbcb14e5dce6edd9d6d9514df718317fd0a61933d0a869bf39e6e86c2328
CPIAUCNS,1950-04-22,39,1947-01-01,1950-03-01,5a615295d221bbc61cb48d56a1ff7fd93e723ecc0c9462b95862cb408788470b
CPIAUCNS,1950-05-20,40,1947-01-01,1950-04-01,a1f27a075983b40bfdec362c3444fd44140da3743c8c074c475068bb2485781c
CPIAUCNS,1950-06-25,41,1947-01-01,1950-05-01,aca64596221822cf4c21ee8d9daf245adcaeeeb8b750fad9e4149beedeb23706
CPIAUCNS,1950-07-22,42,1947-01-01,1950-06-01,7e28a4833eb9484def3a9fe3b812c61f69eb4432a4fd884fbaf8cc5549cf2ee5
CPIAUCNS,1950-08-23,43,1947-01-01,1950-07-01,94005640df54716957b6c17d580aadfb17bb0bcec67bf7cbe52634e9f7c8c41d
CPIAUCNS,1950-09-24,44,1947-01-01,1950-08-01,9e088fd22c95339f97cdc1720f3a944e6e04dfdfdc109b1de1e55d8382acf397
CPIAUCNS,1950-10-24,45,1947-01-01,1950-09-01,cc08764dde362081c8878549b1ab6007f187488bbf69f740cb5fc4637a5d0895
CPIAUCNS,1950-11-29,46,1947-01-01,1950-10-01,e3a60cb06d13781d2975de8106a753ce4e996c256d33a79aea450e62a1bbd22c
CPIAUCNS,1950-12-23,47,1947-01-01,1950-11-01,9425d131945f1a7b4e4d81968ed49cb2098a017130b41de689ad1e2ccf6ffa8d
CPIAUCNS,1951-01-25,48,1947-01-01,1950-12-01,fce9d78471c81009e039f2888b7c0e5e20e69ecc8bfa82d25a5f055e90b46104
CPIAUCNS,1951-03-02,49,1947-01-01,1951-01-01,d4d7dcffad5d2f61e44b5b50ed29f6ce96bc14ce3407145117a631f4bf31e21d
CPIAUCNS,1951-03-24,50,1947-01-01,1951-02-01,17359c80641a8aefe6e1bb6dc2ce939760d70f69f2527fbd0b999ffcd7e9fa68
CPIAUCNS,1951-04-20,51,1947-01-01,1951-03-01,e8eb3f26b9bf3d2ef57cab3dcceee78c7aa5f30e9553240c4de518db2ef84f5c
CPIAUCNS,1951-05-23,52,1947-01-01,1951-04-01,5e074f2e0f0f32f0aa70853e52f1ecc5beb92fec6a09113d3bf913cc057fcd03
CPIAUCNS,1951-06-27,53,1947-01-01,1951-05-01,d6f7f5373a988b7aede073093759bd3657ea30c0e3c8a9051532a100d54b027d
CPIAUCNS,1951-07-26,54,1947-01-01,1951-06-01,ce6664ca7722938193b289933261e7b5562c58fce78a02ab5b9c80f2c52bceab
CPIAUCNS,1951-08-24,55,1947-01-01,1951-07-01,835da3567caed0000ba7c6b6943435c893eefa1b073ce04c7a2f58d93a804154
CPIAUCNS,1951-09-21,56,1947-01-01,1951-08-01,2553753b238ae8a64f823e90c7028f680adf8ccd07c83a01afac1783c9fa7f2e
CPIAUCNS,1951-10-25,57,1947-01-01,1951-09-01,4f6e6e45e248efd2adb98125eceedfe0ea7610ecc37d28161430b59f688f34ae
CPIAUCNS,1951-11-23,58,1947-01-01,1951-10-01,d34f6155f8e79d960792994fd97d323b0a64036bfd67469a3f1bf9700aaba819
CPIAUCNS,1951-12-21,59,1947-01-01,1951-11-01,bd19e2b0e75022b67647bf055f8486fbb5269ad36a41cef2a6bac872dd1d7bde
CPIAUCNS,1952-01-25,60,1947-01-01,1951-12-01,b56195089d09b5a940aeb9ae23ddf3fc61e5aa5eac5e4039bb32be97c8dd988c
CPIAUCNS,1952-02-26,61,1947-01-01,1952-01-01,f3f5ebdd77dbb46673cb3cfdaa0f083a244652aa3aaaec75e8e9ba105ac9dcbc
CPIAUCNS,1952-03-21,62,1947-01-01,1952-02-01,d3df0962e149e062e7af1be81797c5c96144faae64a7ed49e757ae681438a41d
CPIAUCNS,1952-04-22,63,1947-01-01,1952-03-01,bcf2568b60f8edda9f1b43179e770b85eb98ed3225932f06f4d80ee706687a2f
CPIAUCNS,1952-05-22,64,1947-01-01,1952-04-01,4450eb74c3afa6c6f994c399e141d2a9f72c4cfc0aca87d3a735590d6700446e
CPIAUCNS,1952-06-19,65,1947-01-01,1952-05-01,41b009a9016bfd0526ee87197a764bc0a9e5a9e8eab619d31808febe12085b76
CPIAUCNS,1952-07-24,66,1947-01-01,1952-06-01,aa6a4f9af152881b8bcda5f5dda18b048aff588cffd518b5b35fd66340a13c93
CPIAUCNS,1952-08-21,67,1947-01-01,1952-07-01,ed4f07b07ac2a59d317ba42b5c8c5dc16d69cc493e1f431799ef5a23c8623c08
CPIAUCNS,1952-09-19,68,1947-01-01,1952-08-01,689899e4f17352cd3ebf599a0db99f8673207d9df5a6631e22565618d5b092b9
CPIAUCNS,1952-10-24,69,1947-01-01,1952-09-01,030186f40b7266ad7dd9994bbca6428981a990ee32296179c9dd550d5279b2ba
CPIAUCNS,1952-11-21,70,1947-01-01,1952-10-01,aa144950261933fbdd8a090669078326d298374ad050b3edcf9eb16722eae433
CPIAUCNS,1952-12-19,71,1947-01-01,1952-11-01,e953689aab30cd903b0424cc406b5424d124c7de0d15e64025b6c38e1da7c11d
CPIAUCNS,1953-01-16,72,1947-01-01,1952-12-01,c490f0fdba039dfddec6c14a9f872c2849eb29f55042d4a8223c5051544a8f75
CPIAUCNS,1953-02-27,73,1947-01-01,1953-01-01,1afd6166c1da3ef8a31c5922c07eb18776a467cf111ca4fea6d96472831926e6
CPIAUCNS,1953-03-26,74,1947-01-01,1953-02-01,935308215abda7860137c28ccc762c451f10c4d283b074b0a2f9243a66f31d8b
CPIAUCNS,1953-04-22,75,1947-01-01,1953-03-01,1ba13be91f50908c989295d2127e921e4864dcefb8ef06efa394b2f1eac3f4e7
CPIAUCNS,1953-05-22,76,1947-01-01,1953-04-01,fdcd8ac22d28fd090654d0014a3b8f736deda425546c5d9e9185220f9c6c1edb
CPIAUCNS,1953-06-23,77,1947-01-01,1953-05-01,2195c21a1b4fc28858014ca8830dbd72032dede24036ca67b8f5ccbcdd567490
CPIAUCNS,1953-07-22,78,1947-01-01,1953-06-01,48c97ba60f9df149d892b15ad36b13402cb2a83fa3c33a05c76c843b6ea7d341
CPIAUCNS,1953-08-26,79,1947-01-01,1953-07-01,e6e199d4e7525be0da5723be2edca6e48802978bcfa66cfe3e119c392e543c8c
CPIAUCNS,1953-09-23,80,1947-01-01,1953-08-01,ad276e02ec6b87b95ec3cb5a3a2d60f589fd2ca0a86e208679e7345825f29139
CPIAUCNS,1953-10-28,81,1947-01-01,1953-09-01,5f67b610745729992e13431a686b5da9821eebc6cf98c9895f07a43d497f7b30
CPIAUCNS,1953-11-25,82,1947-01-01,1953-10-01,85b1d4d615d1c5d4db2127a63bbb1bebb0bcf017430db7247f4612420dc2d2e1
CPIAUCNS,1953-12-23,83,1947-01-01,1953-11-01,4c9c8137f025089981c37bb11497f6c9fe98db353300bf68eb9db2135bce3b9c
CPIAUCNS,1954-01-22,84,1947-01-01,1953-12-01,cd601a5131b8898887a1fda52a05bd5275f557840443f5326ef6c3b020d2095c
CPIAUCNS,1954-02-26,85,1947-01-01,1954-01-01,92997e7fb92d370bc55924656af6297c339ed4e62858d517bf387d7258ec376b
CPIAUCNS,1954-03-24,86,1947-01-01,1954-02-01,b2c0e3b3e6ce14048a14b3f6a195f2b514beea99d7cf2b19cf1561d63f5d7998
CPIAUCNS,1954-04-22,87,1947-01-01,1954-03-01,e20b0a3f6fb6752c5458b32879442774e48d0b7199fe37f7dd103daebbbc1873
CPIAUCNS,1954-05-21,88,1947-01-01,1954-04-01,7737ea3a2fbc3f786285a29f3d415fb4df9b440adaa67688ea50e012d2ddda04
CPIAUCNS,1954-06-22,89,1947-01-01,1954-05-01,04007b8a98642431b773ec755392e6467c05f664b323a147b251694eb57466e2
CPIAUCNS,1954-07-23,90,1947-01-01,1954-06-01,244e5ae7da6938c7af1cd54acda317f9243af141ae9b2122a0d71f3032b5aacf
CPIAUCNS,1954-08-20,91,1947-01-01,1954-07-01,e62e500697d69d66ef60f66e03e6519e062fdfa4b390970eacca707cc6ba57a4
CPIAUCNS,1954-09-24,92,1947-01-01,1954-08-01,0ad708137f1881a771c7e03ee12dd8f05947250d119a8d5cd4e71f974e9547bf
CPIAUCNS,1954-10-26,93,1947-01-01,1954-09-01,e0935ad9c7c2d8405f90947cc7f48b072854ca45f6f3966481901e7b34780d2f
CPIAUCNS,1954-11-24,94,1947-01-01,1954-10-01,f3b95e644aa7421d030960552ae77d9dee1d7737d44056bcecced527474df820
CPIAUCNS,1954-12-22,95,1947-01-01,1954-11-01,cef814876d83e8a583aa50b391e4e31a1df518b6e1f939f9a8e93b0f3577dce4
CPIAUCNS,1955-01-21,96,1947-01-01,1954-12-01,e5c989b4e15e5cc7d89226440fff1f09e6de2a71f7967c06513d4aa41aba7aac
CPIAUCNS,1955-02-25,97,1947-01-01,1955-01-01,5357b938fb4d10244531ae89120d197b11d6823d84724903217e9de76a5bc5f7
CPIAUCNS,1955-03-23,98,1947-01-01,1955-02-01,15ffdb2858f7b993164986d1c45185d81a10b6284c2212f3a87dcb4bc221ec51
CPIAUCNS,1955-04-22,99,1947-01-01,1955-03-01,9d26e191f9c39e661d2c4521275abc7c69c130bf2ebe4b053c4cbbee980b539c
CPIAUCNS,1955-05-20,100,1947-01-01,1955-04-01,bac81ba5da3842e54b0d986b90d52cbef3b60d432bdb8678f9a9b0ffd1aa4eb8
CPIAUCNS,1955-06-23,101,1947-01-01,1955-05-01,6aa97470a9447360e033e025ee3d3341a7558daa2559c449b5301ea7a9ac263c
CPIAUCNS,1955-07-26,102,1947-01-01,1955-06-01,19fade41fa1302ebbd62219ad384d2cf11ae59b43cb9f26c06ea3c69df333687
CPIAUCNS,1955-08-23,103,1947-01-01,1955-07-01,d46cdea973757ea47abca66d290598b8925de99867f911801e163b339817a354
CPIAUCNS,1955-09-23,104,1947-01-01,1955-08-01,05cc1c318b39b48f7e754394765909423ccf31c1e727bbe4d941f3e0277dea2f
CPIAUCNS,1955-10-21,105,1947-01-01,1955-09-01,2d1791c181c905200d7c8cc3f28b54da45b72e23e39938ebebb28066760c72a9
CPIAUCNS,1955-11-22,106,1947-01-01,1955-10-01,4ae5911312012e7388499819d179e0863fece6de9805af0f9e41def5b5422ba8
CPIAUCNS,1955-12-21,107,1947-01-01,1955-11-01,b9d03629f852ee0c81bbb88909a2002f4c2619104ffaf7e43146211fb73079ea
CPIAUCNS,1956-01-20,108,1947-01-01,1955-12-01,fdff950f06229cbcecfe6ea2a2988cb2b422a8c0a5e9a71011d5c1ddb3398ce1
CPIAUCNS,1956-02-24,109,1947-01-01,1956-01-01,84175d751d30a3f7223432d0058819c4f1d310d527cc861b535128c460ff937b
CPIAUCNS,1956-03-26,110,1947-01-01,1956-02-01,553aab42cf6f191c1de00b4bddece53014cbf9f31d7192edd86ba18b9f1491f4
CPIAUCNS,1956-04-25,111,1947-01-01,1956-03-01,7a600860a1f7a88db97d46b9fa1dadda974f60ba61dc1e9be01f903703b30f37
CPIAUCNS,1956-05-24,112,1947-01-01,1956-04-01,0296178a6b2417d30536a2181541fed3d606e970167798fa88ade8efc1f0d65b
CPIAUCNS,1956-06-26,113,1947-01-01,1956-05-01,95a475c5d09ba903f810454d8dfc5f029fee5c03aa192d1aa41165012d30674e
CPIAUCNS,1956-07-24,114,1947-01-01,1956-06-01,d279da7b321609e0d89fed789ae9f11f193ac98644bc5ed9da7ed616562e3ebd
CPIAUCNS,1956-08-24,115,1947-01-01,1956-07-01,4766888db7a32715567d6fa12ca797b29fc88fb30487c2ff883dbc4e21b43a96
CPIAUCNS,1956-09-21,116,1947-01-01,1956-08-01,29c8364e7188c900ddf7386a481d2adcee08e46900547859f57986925b0c81ba
CPIAUCNS,1956-10-25,117,1947-01-01,1956-09-01,b9cbabb0825926e685015b1ff29258878cacb671628bff87b994b508e5da8433
CPIAUCNS,1956-11-26,118,1947-01-01,1956-10-01,42a183c6562a88245c9ef399fdbf6c4d6a424e219e525a10e2b8a08442baf257
CPIAUCNS,1956-12-21,119,1947-01-01,1956-11-01,1f8d2bf3c20bc64c1b5ee8a60821fc607987b4def274065645e641000049cb99
CPIAUCNS,1957-01-25,120,1947-01-01,1956-12-01,612eb83696a1ed4c43ca7a817d31d5a630326ae26e2f4e80eb618e6ccf73cc35
CPIAUCNS,1957-02-21,121,1947-01-01,1957-01-01,dd8049bdd06891066845b7222b41030046541dd77aaf38ec6dddc1c3231a08b4
CPIAUCNS,1957-03-22,122,1947-01-01,1957-02-01,89738ca6da37556ded0605641865005f17ac533487328b738990191241440ad2
CPIAUCNS,1957-04-23,123,1947-01-01,1957-03-01,a8ad44b104747aaf5fc5b70cf9bb661a326c23f0ea7427fac9a804bd6948c3c3
CPIAUCNS,1957-05-24,124,1947-01-01,1957-04-01,eed57f3d5794aef82986fce1f1e97ce5d8e7fe4b7f5feab091d9affa777c7bc5
CPIAUCNS,1957-06-25,125,1947-01-01,1957-05-01,fcaf5c0e54471946ee143f8d58ca166fa971abddc74d28afbacbbc23a7216bfe
CPIAUCNS,1957-07-24,126,1947-01-01,1957-06-01,8aa261528121b93389f29e7a1ccd04c217b2e69f3846f3b8c44925a36e21914b
CPIAUCNS,1957-08-22,127,1947-01-01,1957-07-01,41e8516d464c2de863ddc3508f4282b985928cf493e0e9d682d266050a91b961
CPIAUCNS,1957-09-24,128,1947-01-01,1957-08-01,c61711447bddf03374c82960e515af7c30f5df944af51473581e5f68f1e1392a
CPIAUCNS,1957-10-25,129,1947-01-01,1957-09-01,dba001515528ec8c8b73c59c0abcb3695b056c0c6c06a383f9fe5524ba085fe3
CPIAUCNS,1957-11-22,130,1947-01-01,1957-10-01,175a53b0cba158e3da80627a92e3021b6b829a4afd0b7bb9d5852e2e3dade825
CPIAUCNS,1957-12-20,131,1947-01-01,1957-11-01,872d368dee2ea7180e989c4165a24f5d151e9d76277bad694d8559f8d31a8102
CPIAUCNS,1958-01-21,132,1947-01-01,1957-12-01,ae018dd4456114cf154517fff4caa4adab088d0bf045e272347f7d25e86bd618
CPIAUCNS,1958-02-25,133,1947-01-01,1958-01-01,a65de05c53f837d73cf859ac0b2767b3a423cadc63f7bb938196501ab8bb884e
CPIAUCNS,1958-03-21,134,1947-01-01,1958-02-01,9d1a1b2871a0694cd5701a1a13b3783158f6cdfab30983a3b3bb6376fe8aa0f7
CPIAUCNS,1958-04-23,135,1947-01-01,1958-03-01,72e83b309308a8b7cda1cdaf376e8a26d49b2bb653bf3eaaefd840ea4a9f2cc1
CPIAUCNS,1958-05-22,136,1947-01-01,1958-04-01,49f40aae0b864f0014f9fd940c565f0065fc4f609a89fdf94f49d01e1648cbac
CPIAUCNS,1958-06-24,137,1947-01-01,1958-05-01,6426054252480d8051e9d40777cbf7a5c0209f402b1bb1d25d8714757454d8c2
CPIAUCNS,1958-07-23,138,1947-01-01,1958-06-01,c45ab3628b711d281be09c5c4492995ea1968aa13a79a8a089c46f4d5d7a3dbc
CPIAUCNS,1958-08-22,139,1947-01-01,1958-07-01,3bf9a7059bf79031237e494f5f0ba6fe67c69bd7ba735729d2dccf437ac78aa5
CPIAUCNS,1958-09-19,140,1947-01-01,1958-08-01,9a8ef9b88e827b8f904999e2665aa5d9c5d65e05f8fa77ab8e729c22d7f04ced
CPIAUCNS,1958-10-23,141,1947-01-01,1958-09-01,44fba51e4dfd90964db2d8db6b489484f8d6800e28b1c6e82d4b4735754d10d4
CPIAUCNS,1958-11-25,142,1947-01-01,1958-10-01,8038f07cf1c3ed8f38058b268691e64c66e15c71630fde5e458005adf8fb5336
CPIAUCNS,1958-12-23,143,1947-01-01,1958-11-01,29a2a45fec3a20ca0a51ef785464abf7aefc40bf81618f08ef39a7d4da5e1d77
CPIAUCNS,1959-01-23,144,1947-01-01,1958-12-01,6e985509ee28adaa79f1a4dce92580de3902d65b3ab299512892425992612c72
CPIAUCNS,1959-02-20,145,1947-01-01,1959-01-01,9c0b34c77924af62d03a1e9735292b74becef45917c68ee39c0e821bbdcd1410
CPIAUCNS,1959-03-25,146,1947-01-01,1959-02-01,8257b29b7ffdbd161c3762f462afe0be422558d0bb6e86c1ba0bdeb558d0f796
CPIAUCNS,1959-04-22,147,1947-01-01,1959-03-01,69ddd22f0d0ad460865eac590591a3a76e95957c06edcbda7502ca651de928c2
CPIAUCNS,1959-05-22,148,1947-01-01,1959-04-01,34ac1126ba77a989d3073aaa814efdfb775abdb6b8694b8e747d9f1ecab3f829
CPIAUCNS,1959-06-19,149,1947-01-01,1959-05-01,c044c1542f758c59d92c8301215772b61fb2ff13496495fddf4ff290f594685f
CPIAUCNS,1959-07-22,150,1947-01-01,1959-06-01,5da24ddf10aed6d1072482c862ac8e836f3399e62732a86cf5e23c1f0f91e515
CPIAUCNS,1959-08-21,151,1947-01-01,1959-07-01,f40bd56c453814eefd417cd31c4b8e1d4fc59c4d2383f850ebf9b84d837c6ee0
CPIAUCNS,1959-09-23,152,1947-01-01,1959-08-01,06c516a3274b6f4afaa235da4cbe3bec12aff22bd41c5a1d08c91ec9a9d0c397
CPIAUCNS,1959-10-23,153,1947-01-01,1959-09-01,e32cb0931a80cf87a2cf26ffbc9806b18d51757e126c11195f9734a8d41d0dbf
CPIAUCNS,1959-11-25,154,1947-01-01,1959-10-01,855e1d495983f013f10223aae925e1f358b0878e39a47aef7e4506cdedd40dc5
CPIAUCNS,1959-12-22,155,1947-01-01,1959-11-01,4c3f92196ad6f86c1994749499a5a3aa64a08b395a5f3d42671a6644cc6010f8
CPIAUCNS,1960-01-22,156,1947-01-01,1959-12-01,02bfb920fc12eed45d8f109c4cc8553df1958cba2e08d0c179513070a2cfc80b
CPIAUCNS,1960-02-25,157,1947-01-01,1960-01-01,eb8586a4a9f48171c91744278eae0bfa54e4ed7041e2e0a0df613e0fbe2cc3aa
CPIAUCNS,1960-03-25,158,1947-01-01,1960-02-01,2267e37f9f0f89d3dde97cb6ecca0908084d9197b8bf6ae9639a2684b6f1d8a5
CPIAUCNS,1960-04-25,159,1947-01-01,1960-03-01,7e5b28223fef71aea3436bd22dd3ad43db960f3ed1b5b22a8e17d68ffad3791d
CPIAUCNS,1960-05-25,160,1947-01-01,1960-04-01,345351da091f2fd45d2dcce6c05b46837a7acb980aa2f801bd62d94ed76d2be4
CPIAUCNS,1960-06-24,161,1947-01-01,1960-05-01,a66fb7add1a54cef25c1d2fa042d1e088385a811aeda4e1f1624735bd226defc
CPIAUCNS,1960-07-22,162,1947-01-01,1960-06-01,3ee14bd251fe99a2f028809857eee536320ada6deff711a8aba9047d9e75ae47
CPIAUCNS,1960-08-25,163,1947-01-01,1960-07-01,a437647b6503a972882732b6c0dfad8d329e1dc2b9609ba52cbf6d1a9e36d490
CPIAUCNS,1960-09-23,164,1947-01-01,1960-08-01,eb5577d97fff46579438995a5c079210aea1f139d3e586c489ee723b485d2360
CPIAUCNS,1960-10-26,165,1947-01-01,1960-09-01,b41a36fed2c4e2de6534b6c82a4887156d5e8ed874cd3300b91999fdcd44457c
CPIAUCNS,1960-11-25,166,1947-01-01,1960-10-01,407023be2e00c0f2278c65f05d9a92b7b127de71fe912591619793ee5a33ee11
CPIAUCNS,1960-12-23,167,1947-01-01,1960-11-01,87092dc08d4e14a4c6f5843d515b56702d38d3e1a52192a60f6863ab0ec32153
CPIAUCNS,1961-01-27,168,1947-01-01,1960-12-01,4099c1f485c6e6ec0e9fd0fabea9a2c89316a7092384bdc8c7d5dea8607f0b50
CPIAUCNS,1961-02-28,169,1947-01-01,1961-01-01,618cdddccc5c742d2cf2f5d1b7afc995ab4474c7b22dbfe1490c7a2a199537d5
CPIAUCNS,1961-03-24,170,1947-01-01,1961-02-01,f602680ef6ced9f963ae765d112bfc2f153044d22069bc23c54c2f9772eee0de
CPIAUCNS,1961-04-26,171,1947-01-01,1961-03-01,c86920facd8de26db4ca5485d2c854ec346656802811974c2a9163fcef8449a5
CPIAUCNS,1961-05-25,172,1947-01-01,1961-04-01,0da21bfd4e4c81be7ec4a117863681eb89844143566ad8c2de47f1210c9a9fae
CPIAUCNS,1961-06-27,173,1947-01-01,1961-05-01,5e516a525f6e8897b54dd670e2840db06f12c4adf82623983ad0cd8dcf85a84c
CPIAUCNS,1961-07-25,174,1947-01-01,1961-06-01,55e9717b741c4dee7994d30060f8d10529d6de03ca111ad67d15732b2771a493
CPIAUCNS,1961-08-25,175,1947-01-01,1961-07-01,01ce1c5994f350aa666e973d196c4937e52eb758d6d77876d988d26094a749a4
CPIAUCNS,1961-09-26,176,1947-01-01,1961-08-01,d403466fdb0010178a90beb7d8ec4a629ab4d8391206b8fe88341df09b51c868
CPIAUCNS,1961-10-25,177,1947-01-01,1961-09-01,db3fef78efb8a28c186609717e143e7a98ad1e18dde469e60835da435beb7e0b
CPIAUCNS,1961-11-28,178,1947-01-01,1961-10-01,8d8af09227cf4cd08e5016e259ca2b1c7d1008a06c69a55bcb3064d7045ad36a
CPIAUCNS,1961-12-22,179,1947-01-01,1961-11-01,3cd42952d0d46289880a230de2858799a1832f8199b4fc7471d5ca3a26fc32f4
CPIAUCNS,1962-01-26,180,1947-01-01,1961-12-01,ab909d2b92c8306ef5cb16d76062e0643f14379463093f9179e26bd374e3f0c3
CPIAUCNS,1962-02-28,181,1947-01-01,1962-01-01,ed0123e74b3c4365d0cc9c51ce0acdcd8a32e555976b930f3438ea6e17e31650
CPIAUCNS,1962-03-27,182,1947-01-01,1962-02-01,9c4087ed674590ea03aa055bac419584da9bb4a94c045bb98d5b8759a0536451
CPIAUCNS,1962-04-24,183,1947-01-01,1962-03-01,9229382194db6eae1eff36838a5bca9cbe519205b4f1c630d7edb9299d377dd1
CPIAUCNS,1962-05-25,184,1947-01-01,1962-04-01,4249bfeeb9f69b36b03edb4d5f05adaea8aadb559ccb91ca79e38db92a78671e
CPIAUCNS,1962-06-26,185,1947-01-01,1962-05-01,d170300052ab98e53d2564fc1addada22ee1d73a1511c5859ce16a91ff1dd05e
CPIAUCNS,1962-07-25,186,1947-01-01,1962-06-01,0f06313c9c5dbbbde6c27e2b9ec44b34729ffc5b6b337ea548ac13d43dd288b3
CPIAUCNS,1962-08-28,187,1947-01-01,1962-07-01,3c36bb63dfbdaa4b6694dc042ccc65a861927375d7f8471e2a570c6e4de1281e
CPIAUCNS,1962-09-25,188,1947-01-01,1962-08-01,3a73f24691c82897bbb9734ec4d2411048c58c10e0ff679183f57b89057be5a8
CPIAUCNS,1962-10-26,189,1947-01-01,1962-09-01,6a8c424d2d0347e2dcfdfff8696ed39a4faf5bf6ac6226feae1f35202898e362
CPIAUCNS,1962-11-28,190,1947-01-01,1962-10-01,430cbe3a533ecfe060539b05ccf14b0ec12ee2fe9c001707a4431ee5b97bb6d4
CPIAUCNS,1962-12-21,191,1947-01-01,1962-11-01,313edd2d39fca2c71727197836af5608f9dbec98b54cf3b3fc5ed7fc4cdd933b
CPIAUCNS,1963-01-25,192,1947-01-01,1962-12-01,47ca15ad81ed290750a96ac7cb2453023d61983e3a9782e6eac887aac6cabbaf
CPIAUCNS,1963-02-27,193,1947-01-01,1963-01-01,3b03b10718a7ff1626833389763f61a165f923cf00ca1dd2ba53d2c3080fa6f3
CPIAUCNS,1963-03-27,194,1947-01-01,1963-02-01,4a72301f1cb7db3415ad16d1c7a83d20513418d0169283feb1b49b3cc5e0a4e7
CPIAUCNS,1963-04-25,195,1947-01-01,1963-03-01,a00b245421434f7e3f96bc9c6ac91bbef6a19bf0311242b584f315eba692f4d3
CPIAUCNS,1963-05-28,196,1947-01-01,1963-04-01,17c0a28edf27a28108318e8f2612626e5423f21d45604e8922cd73c327e9fbd3
CPIAUCNS,1963-06-26,197,1947-01-01,1963-05-01,d7ceb90341859f96a470f26ee29cae6e563839af0242cc6dfacb5a49d1dfa559
CPIAUCNS,1963-07-26,198,1947-01-01,1963-06-01,d2c9d4fa985199b5e6a1be740823a6a202c866f0d2a958df4b0cbf4fe1dd4757
CPIAUCNS,1963-08-27,199,1947-01-01,1963-07-01,45f5e4e8f9f3b26ff5516d41dc7ed4061f9111e70ce5c81c9b097164b1d749fd
CPIAUCNS,1963-09-25,200,1947-01-01,1963-08-01,7b08bf2aa2fed2d44616ca1228aa683af99f208f1f2c59663acc0fc105b3a56b
CPIAUCNS,1963-10-30,201,1947-01-01,1963-09-01,00a5d9526e91c6a47df5a9fcb00b73daa3f19b844d23224c1d32a0c7db30e5b9
CPIAUCNS,1963-11-29,202,1947-01-01,1963-10-01,554f3c7e7ddc24ca867e3e7a186aca1222621fa858f5d75aeac657636f2d2d12
CPIAUCNS,1963-12-27,203,1947-01-01,1963-11-01,e340910a7737b5a9ccc17e3b659eea72293fc94d4395f1d7929f2dae5ebafb48
CPIAUCNS,1964-01-29,204,1947-01-01,1963-12-01,c2a2134d33da40e216c723f550309a12ada800eb69d19d196323503a4a8863d1
CPIAUCNS,1964-03-03,205,1947-01-01,1964-01-01,0b9a6c945d7709c52d68d59726951b05c2c26591bcb9d0a01eee0e6d5e162cd7
CPIAUCNS,1964-03-31,206,1947-01-01,1964-02-01,341538cc44ea129bdc9f37c1d9b31625b87d31e46369b41348b8352d31b51409
CPIAUCNS,1964-04-30,207,1947-01-01,1964-03-01,addf1f9f266db98c31d9f0c3ed8228b1847790dd359130d1898fef919f221480
CPIAUCNS,1964-05-28,208,1947-01-01,1964-04-01,af82933464c8031ca1324e833bd3b9965a64f55dab95b164b011be370b32a532
CPIAUCNS,1964-06-26,209,1947-01-01,1964-05-01,81c6fc576774208d35197fb05e63170f0bac162fccf7ccd9581482c4e858083c
CPIAUCNS,1964-07-31,210,1947-01-01,1964-06-01,386ee516e9aa0542c583329a1c70fe2228c17caf54aeff89357b8c2cb2da9286
CPIAUCNS,1964-08-28,211,1947-01-01,1964-07-01,29920fcecc323c0e5027507f01814ecf6e0add550b5b3ad48bfd8e4126a4472b
CPIAUCNS,1964-09-30,212,1947-01-01,1964-08-01,7e8727e5095cd1a7b1df368c77befa0410b8dcd01aad5c6067e294cf42ba4770
CPIAUCNS,1964-10-30,213,1947-01-01,1964-09-01,416ab650ea7f821cebf7b16478e257164c6d9e9a5ed2d6424121e429163af10e
CPIAUCNS,1964-11-30,214,1947-01-01,1964-10-01,0045cbe32ee69d3e9d93a311fd47915a1030818146c4fd58ab527f4580f7faeb
CPIAUCNS,1964-12-30,215,1947-01-01,1964-11-01,f97dbeb8c4fe0b6ae07114d61f765540415ef13f12bb7ba413f649852c52042b
CPIAUCNS,1965-01-28,216,1947-01-01,1964-12-01,e019d13aabcc93612fa64990a3bbb176987d9be4aef05ee3e54bf2446f044186
CPIAUCNS,1965-02-26,217,1947-01-01,1965-01-01,92aea568642ed4b83563aba272e2f057d979d880b17bea695c06d90c23b964a3
CPIAUCNS,1965-03-30,218,1947-01-01,1965-02-01,6e1404db8b1e16db6b09b4d03b4f196bf7aa6228a679086635e169081e72e50f
CPIAUCNS,1965-04-28,219,1947-01-01,1965-03-01,e0b2bce122a3893954dd3511a55c5f1a066d0869e573fcd20f641532d8d2b5d2
CPIAUCNS,1965-05-27,220,1947-01-01,1965-04-01,89ce9d77a620cf18017008212a36a4618d218d30ce6f4d0340709b4d75a20a4b
CPIAUCNS,1965-06-30,221,1947-01-01,1965-05-01,0bb70125d88a8f7460aa5df8a2765c865516225c1687644ca16ab893eb883fe1
CPIAUCNS,1965-07-29,222,1947-01-01,1965-06-01,15d22481311bea8ae156c3e3884722a19241d7812544e8653620a07efed3909f
CPIAUCNS,1965-08-27,223,1947-01-01,1965-07-01,4a8ebec58a981817165e4cffbbd99655673d4e86087f5c66fdb66d785f0f086f
CPIAUCNS,1965-09-29,224,1947-01-01,1965-08-01,b0a4e0de84e911eef570d9e6f5bfa97443edcb08f06cab92ebf0392487aa7dc6
CPIAUCNS,1965-10-28,225,1947-01-01,1965-09-01,8c988a8220049b4a2fd633a05f6160cd9bf3ec4d64813f3246227a3d2d41fa10
CPIAUCNS,1965-11-30,226,1947-01-01,1965-10-01,1caabbffbb9519b664d599cc28bcab06166973c54e2a99c6d22996abb47f11a5
CPIAUCNS,1965-12-30,227,1947-01-01,1965-11-01,335d865ad4e2faa2894092c4210a4655963854b2b69d93225c9ddb16bd80ae7e
CPIAUCNS,1966-01-27,228,1947-01-01,1965-12-01,09348f783f9eac1d8a5a82fe3e171ccf2c96785c489679d7eb88fd7c7b02806f
CPIAUCNS,1966-02-28,229,1947-01-01,1966-01-01,3aeca749fc2fb8edbf5b66fa3d2fc8b53d010ab72990931408b333d876e1d1a4
CPIAUCNS,1966-03-29,230,1947-01-01,1966-02-01,9f449f23a09ef6b1a07b8407030d8cd29de36c6c2f4327b3c9ee24ef6ac90716
CPIAUCNS,1966-04-21,231,1947-01-01,1966-03-01,a77bb90e814a4e0e6263d76ea811878fb36da3c42a32bddc3bd5641c6f8568a2
CPIAUCNS,1966-05-20,232,1947-01-01,1966-04-01,c2b0d1000fc290f1404be6af2c6269d855cb5841563c2f81cb75b05c618cb487
CPIAUCNS,1966-06-21,233,1947-01-01,1966-05-01,aea15fb754f4e3ffe833cd1446500fbe29550ce3acfec7c97ed5b683edba700b
CPIAUCNS,1966-07-21,234,1947-01-01,1966-06-01,799317ad360328803f247b253c4f12ac415e977725f47a697306b5660ad4c179
CPIAUCNS,1966-08-22,235,1947-01-01,1966-07-01,39e07f60e6d3c17969719fab43ad2215fcd0cdfa515ea266b6f6002743243528
CPIAUCNS,1966-09-22,236,1947-01-01,1966-08-01,09851d048dd1bdca03b2e3a38c0044aadbf700ce19e34e5272e117c884f1c3ed
CPIAUCNS,1966-10-20,237,1947-01-01,1966-09-01,b146e37503257e532a8c1ee5a00f759e908be04c159f371169fb6d5a7ca679cb
CPIAUCNS,1966-11-23,238,1947-01-01,1966-10-01,e83c9a974bb1eafe165b564e2a1621f64e6a2e9aaeeb5874d979bacaf2ed972e
CPIAUCNS,1966-12-22,239,1947-01-01,1966-11-01,82fd12e6495921122493ec75757cd71144c9bfa5471fd06d4a94881bc5a95e77
CPIAUCNS,1967-01-20,240,1947-01-01,1966-12-01,aad3acd518e9d98e41e226133a25217dba7b239f8db98e26971bbb7579a49a72
CPIAUCNS,1967-02-20,241,1947-01-01,1967-01-01,dd22afc0db748d05a07c601e677b9c197d6b11033e06cdac9faf7785c3254639
CPIAUCNS,1967-03-20,242,1947-01-01,1967-02-01,df65b0a374ee72d1710b4c5688f7bf6af676372fe56e97de8a489ea54b6de469
CPIAUCNS,1967-04-26,243,1947-01-01,1967-03-01,9486fa8799dd5bb5a493397c23dab00eca488a69e5561044bcac1a9c3bbafa0a
CPIAUCNS,1967-05-23,244,1947-01-01,1967-04-01,15427e8cde32e9d849c8a743b18cfcc6dfbbba866b43d5c441ba77e98f141ad5
CPIAUCNS,1967-06-28,245,1947-01-01,1967-05-01,9efe6e25504a94dde75b3978176e92c306526b538e8cfbbe8ed03025d22b02e7
CPIAUCNS,1967-07-26,246,1947-01-01,1967-06-01,ea140ff13154461a05b3a14df5c0b5e247f82c17ffc504db33e16afd02ade2a4
CPIAUCNS,1967-08-25,247,1947-01-01,1967-07-01,8796a27d7a50cad3a1af3dcbf0d1cc68b9a78b2623fe3733746109244200853b
CPIAUCNS,1967-09-27,248,1947-01-01,1967-08-01,c19a0f8cf86066b4e859e835eab463d36789caad62cf3dca4c41989b0994f0a8
CPIAUCNS,1967-10-26,249,1947-01-01,1967-09-01,1267b9b557dd71910d9e4ad8b5ed99dfaddc783bbded6ffc6c871983d676d68d
CPIAUCNS,1967-11-29,250,1947-01-01,1967-10-01,38bc37e576627eae116f8a9253d0aae2950805dc745c3efd7b70a1bf2da3263c
CPIAUCNS,1967-12-22,251,1947-01-01,1967-11-01,de4f9d89c51e9c3207f52ec962eeac74fb77b73880f2dabeb7f07b687bc7e022
CPIAUCNS,1968-01-25,252,1947-01-01,1967-12-01,707aafe075c53f3c5625888ad13d7cac6ca61d5cec3d00f436576a4f5c1e1604
CPIAUCNS,1968-02-29,253,1947-01-01,1968-01-01,5f0394283988cb3d66de8aea19eb88c735ceb195d9a86444d1a92716b80d610f
CPIAUCNS,1968-03-27,254,1947-01-01,1968-02-01,d6815b798b802b4f1bff623f50fdba4895b02e518eaa7616f73fa90359b03a5d
CPIAUCNS,1968-04-26,255,1947-01-01,1968-03-01,37d6e6468c388dd526bb4c6f3454457813f6c74e7c16496bc6ab6bdd877bd798
CPIAUCNS,1968-05-28,256,1947-01-01,1968-04-01,02a95d1d119052667e410e280b9db2e8c7f555783d2c3cbf84271947a493c377
CPIAUCNS,1968-06-28,257,1947-01-01,1968-05-01,e86f21b1dbeea241fe611aefd9a2bf1e2e1ad97ec4f34d479fda186c3ef603b9
CPIAUCNS,1968-07-31,258,1947-01-01,1968-06-01,92971a97b7ca8f8a44d9e15247969a70cf173dce24e24ef2cac36a153fe2a85b
CPIAUCNS,1968-08-27,259,1947-01-01,1968-07-01,0878a58767620ff0eec55806992f40bcd16cf26ebb492ba73bf2996751be5159
CPIAUCNS,1968-09-26,260,1947-01-01,1968-08-01,4b6fdd1abfe564363d71c027e024d5642bfacf347c81da97ddf97196ff2aeed1
CPIAUCNS,1968-10-29,261,1947-01-01,1968-09-01,b8ad1e3cd90fe4d9cc3426ec2b5e3f30ff9943fc6d22fda00e020552e4a84866
CPIAUCNS,1968-11-27,262,1947-01-01,1968-10-01,cee49603337315504a3623653035b99edb39803323cd67b357bb6c067ac7197b
CPIAUCNS,1968-12-27,263,1947-01-01,1968-11-01,ae57390228a00cf0ad5574efe9e0804de9900d999b7c78b7f1ca0d5aec99ea0b
CPIAUCNS,1969-01-29,264,1947-01-01,1968-12-01,8cb6203d087ebcd38788659ea3ad75bac52aae59fdb342d103f05a44c35bb0fd
CPIAUCNS,1969-02-25,265,1947-01-01,1969-01-01,73ef953cbd18ef0a4c74417d0dfc1324ba31e275b374197fc534683ade09f837
CPIAUCNS,1969-03-25,266,1947-01-01,1969-02-01,c8ab1ab5d0a61d1e46414e44bcb2c1eb00aa2d2b53ff33f178be8e60183a9c53
CPIAUCNS,1969-04-24,267,1947-01-01,1969-03-01,55f93b1e157c309d5360bb42ffbf4511effc3443850ab40ce8a60aba7c7a0686
CPIAUCNS,1969-05-22,268,1947-01-01,1969-04-01,8bb1bb68d93662746302a980fd128b0aaffe5034ceb41ca473aec583072a8b9d
CPIAUCNS,1969-06-24,269,1947-01-01,1969-05-01,484f938e525d7d4188fa06b8fda433b9e8755ba8e3fa23ab283435125fde5afe
CPIAUCNS,1969-07-23,270,1947-01-01,1969-06-01,c55712e51ef28f8c26be186144b063bedc01e906ba97a56c8719f0043eef192e
CPIAUCNS,1969-08-22,271,1947-01-01,1969-07-01,cf299a7bcb7f416af20e199d26a24f1a816a7f75b29d7699bad792c5a45635ee
CPIAUCNS,1969-09-22,272,1947-01-01,1969-08-01,f2bfa9a5e145ef86cb01113ede0334f7fc9a5a70a0b844dd172378d399171eb9
CPIAUCNS,1969-10-22,273,1947-01-01,1969-09-01,fd5e7f65bc83145c3dc362c5d1097e448af14609d701c88873d3fcaeeea8b589
CPIAUCNS,1969-11-21,274,1947-01-01,1969-10-01,4a3ed6c8616ae8923c379ad6cf3eaee647690ba231d57c83f58462bed87006f8
CPIAUCNS,1969-12-19,275,1947-01-01,1969-11-01,13ed2e56b2ceaf844c8e585fa82d2ce50e004c785a3e6861180cbd88914f8d94
CPIAUCNS,1970-01-19,276,1947-01-01,1969-12-01,d9255a0eb268527d29d0a753539dd5abe0dd53ef60dd3c44e9ac1980c6e485dc
CPIAUCNS,1970-02-19,277,1947-01-01,1970-01-01,e8c50dc168cfe93aabdb9f038cd91993ce5478eb766875e6e49055e9dc351a6b
CPIAUCNS,1970-03-20,278,1947-01-01,1970-02-01,43b8edc971ae5d739d3e8492e1150049de9cff956bb709bba2e0f3a8e89045d2
CPIAUCNS,1970-04-22,279,1947-01-01,1970-03-01,f6e22325bd6deb2e73030272b3ce26dafb183911901bd5a37b05a223b2ac1ed2
CPIAUCNS,1970-05-20,280,1947-01-01,1970-04-01,2d7f32a554ef34da0d46cdc5b1ee4c05fb192575b8be61c08af1994230fe0546
CPIAUCNS,1970-06-18,281,1947-01-01,1970-05-01,4be3cf3a18e15c4c7dff5ae7f4b736bdce7aca1e215e794c3a98db2d2f2d8c3e
CPIAUCNS,1970-07-21,282,1947-01-01,1970-06-01,1638ef9660bf21dbf449db1782639f12f0fca8366237d3a64d9bec3eab837a86
CPIAUCNS,1970-08-21,283,1947-01-01,1970-07-01,dfde89641e630db81c8935ad305f55fccf237c3bdc04d915c225b5e3c6a883c9
CPIAUCNS,1970-09-19,284,1947-01-01,1970-08-01,d3fbb8c7685d3924eaa9eabf62da972a13fc0e675a1fb592918953f75521da49
CPIAUCNS,1970-10-21,285,1947-01-01,1970-09-01,786450954acc7c5cde77da00f89eb5b3b71e3817ad245c9e71fb8afec6f11c6d
CPIAUCNS,1970-11-20,286,1947-01-01,1970-10-01,52445d2fac6f33c7601a31f8b46a5b3230a296aaf84b638777242b8aebbe8d0e
CPIAUCNS,1970-12-23,287,1947-01-01,1970-11-01,c1aa4b5d3bbc6bd283b3b270ad3aa4cb2352b309cc5905a8c0c5ea20469f7e21
CPIAUCNS,1971-01-29,288,1947-01-01,1970-12-01,f023cfb91ee768167aee67d10bb1e262ce96933906ce83c95dd5ba15fcd22267
CPIAUCNS,1971-02-19,289,1947-01-01,1971-01-01,7c564457e3abfd60b383916c028647b0729f24f259eb1ec33053f49ee07d99aa
CPIAUCNS,1971-03-19,290,1947-01-01,1971-02-01,52668227189eb948fffbc54a63845123f494418ccf9a37edd0b50ace8fbe2dd4
CPIAUCNS,1971-04-22,291,1947-01-01,1971-03-01,d1981e765a34c807bc4f54f9adedb5790f99f2c4092b8e582230403a5b66dfa7
CPIAUCNS,1971-05-21,292,1947-01-01,1971-04-01,8f0a72fdbd987582bc578b610995865c0ada5c034cbda1d7773515d92f9f7825
CPIAUCNS,1971-06-22,293,1947-01-01,1971-05-01,ca1a40187bc6404cc08ee61cffb072d1ac62db0d72e4b201faf2aa2720ac8a9a
CPIAUCNS,1971-07-22,294,1947-01-01,1971-06-01,76a4db22670a5f4c574fdd13066c1d31424b827f2fe72dbc55c76e1fa27c315e
CPIAUCNS,1971-08-20,295,1947-01-01,1971-07-01,56dcaac46e023146fcfbff9c8a3b51322a8decc3f4575e64f8b20e1cb0e8b289
CPIAUCNS,1971-09-22,296,1947-01-01,1971-08-01,469f3cee32af3bf537df42bcd549970a7f7de1646f95e131b7b249a376892cac
CPIAUCNS,1971-10-22,297,1947-01-01,1971-09-01,1615d58067136910465cbca4c5d4f4ace10891ac700b95602dc2a0a3ea4b580e
CPIAUCNS,1971-11-19,298,1947-01-01,1971-10-01,7caac2639a071f25fa4eacea895919f4ad693507ba649dc0c6669c30b97f90de
CPIAUCNS,1971-12-22,299,1947-01-01,1971-11-01,31d85f383cf688445efafa01f6d91cd06214155c8b8459647a3723c51987a982
CPIAUCNS,1972-01-21,300,1947-01-01,1971-12-01,c685d51ed0901badfb3fc30dcbc34a2d439b4f64f8d1d7df35d40d8d05dcc279
CPIAUCNS,1972-02-23,301,1947-01-01,1972-01-01,e132e42d9e63fd038f69701c9c792dc8786746715c7d394ef7f89ed733b7c127
CPIAUCNS,1972-03-22,302,1947-01-01,1972-02-01,0b7094d1ebd3935355131c50ccbb9d0a9f94a503ff117d17fcec2221098db45c
CPIAUCNS,1972-04-21,303,1947-01-01,1972-03-01,167d6fc6716d543067c38ac115b1beff56d014d0dca56ee8eab9e63c12b154b8
CPIAUCNS,1972-05-19,304,1947-01-01,1972-04-01,607d516a237818e73505a51495713b79cb51f25df972fb91f79acd8171709940
CPIAUCNS,1972-06-21,305,1947-01-01,1972-05-01,03dc3afba0054d8d915058f63798d3a6f0e0fcb3b80d00edf283916bf6827c82
CPIAUCNS,1972-07-21,306,1947-01-01,1972-06-01,60c604b7b6b9a81d23567e2f9f73e797d1823c646f029320793bb6260c2c3338
CPIAUCNS,1972-08-22,307,1947-01-01,1972-07-01,be93f834c07c962171654448312599798eb831974304251bae256b9a3c9f6fb5
CPIAUCNS,1972-09-22,308,1947-01-01,1972-08-01,0721e91353c9872cb8d0835518a8ae88c6bcc4ff31b898debf3d50d8562e30a8
CPIAUCNS,1972-10-20,309,1947-01-01,1972-09-01,ee5093978c04d62c24a8d7fa32d2bc33fea42684dae390f417b0e5fa1ca04721
CPIAUCNS,1972-11-21,310,1947-01-01,1972-10-01,db63b4a768b803ee077684a1822eaf9282b2769d0ae2f1e2d79f38915cdbee7d
CPIAUCNS,1972-12-22,311,1947-01-01,1972-11-01,8c17041b20115cefad85d67748bc927694bae39a9f0ca166d7748b772280cb3a
CPIAUCNS,1973-01-23,312,1947-01-01,1972-12-01,0d2f57b9ae2267906664bb9095f163df78fea156bbb5fbfd1192f3fdab97ad6e
CPIAUCNS,1973-02-22,313,1947-01-01,1973-01-01,910da532f5f57431250fd2472d19a9cf0f3567baa10a0c1de769c5e8c5f43c83
CPIAUCNS,1973-03-21,314,1947-01-01,1973-02-01,abda21b94f5d3451e29c7a4eb76b485d7c9ad30a1d0da07df4dd7f1068d8a901
CPIAUCNS,1973-04-20,315,1947-01-01,1973-03-01,5b17af753c3730e2493b1e4d091796bc5440adaf0923d879123b8dcf5dd06b7e
CPIAUCNS,1973-05-22,316,1947-01-01,1973-04-01,22fc4720a5faf36f664d776ec9370496879b701a3b5de060be7880b4e95ce010
CPIAUCNS,1973-06-21,317,1947-01-01,1973-05-01,1f170c906d00de132e5d539b17f02518da4309334a61969c7b8871a02f5fea0b
CPIAUCNS,1973-07-20,318,1947-01-01,1973-06-01,e14eb1175eee420ff1e4d77c8d2ed08a70f139907877c4e5780f3775072ec771
CPIAUCNS,1973-08-21,319,1947-01-01,1973-07-01,0414e5fba6e1b2dcd7076965c8b71b60e677c9705021b8d9d0ca8f0bc8405876
CPIAUCNS,1973-09-21,320,1947-01-01,1973-08-01,6f9e3999916147da300620651f3e20be2df805c5e85b61902d769b7f24f30b01
CPIAUCNS,1973-10-19,321,1947-01-01,1973-09-01,1c94897229ba19f7dc7047d487997a17573c76b919e5a2ef44e1ded7b6396012
CPIAUCNS,1973-11-21,322,1947-01-01,1973-10-01,bc14e0937ca28b9bb1114ac6c8d1cbc63caa796d45638dc318dbf6cb01e64c85
CPIAUCNS,1973-12-21,323,1947-01-01,1973-11-01,d2a96064c876d93d74b7d8408b0bc2f43e981987d8a33850b809353d8b897970
CPIAUCNS,1974-01-22,324,1947-01-01,1973-12-01,6499f14087312f9c3ae6ed4f61e6c8940dbeb9ca816092405822e6cb01ac6dbd
CPIAUCNS,1974-02-22,325,1947-01-01,1974-01-01,c5cb168cdf60013d191a2c5dac2aa986c15917642e0fb1d902fbac1a9294534d
CPIAUCNS,1974-03-21,326,1947-01-01,1974-02-01,a3ea698a32d2e727b202726f37044cd3c3d1c445499480cd47c3735cef8c0c5b
CPIAUCNS,1974-04-19,327,1947-01-01,1974-03-01,813611af180d67746376f61ced44ddc11407a1992049565ba644d538311d912c
CPIAUCNS,1974-05-21,328,1947-01-01,1974-04-01,33c841ddfa55a563430b2853495b800daec8292b795e39894a3060e966f26e88
CPIAUCNS,1974-06-21,329,1947-01-01,1974-05-01,f3c0048e399d2d46ec8de718b0bd78be249d84a079cc5c8a55dc65bd358f3549
CPIAUCNS,1974-07-19,330,1947-01-01,1974-06-01,c865f51cb2f7362b027c308246c45fc05822de25d9d2ed51ccf40a3374fe902a
CPIAUCNS,1974-08-21,331,1947-01-01,1974-07-01,824a3bef4c8b929fad346f1b015cfb5e574a7b12e5d1bead822ede2661834277
CPIAUCNS,1974-09-20,332,1947-01-01,1974-08-01,981e85a9512aed702d0e03590e9f190b157682701453138fd381ef22fbb03cc5
CPIAUCNS,1974-10-22,333,1947-01-01,1974-09-01,32da8e6bfd265e4617adf4f311047f603d7d220c1c0fead8678d60e535ae690f
CPIAUCNS,1974-11-21,334,1947-01-01,1974-10-01,1a980fb5f2489ace1ff27ed6113de211af44babac314cc3c81672940e4fde53a
CPIAUCNS,1974-12-20,335,1947-01-01,1974-11-01,7be710b2c2607bfc9988cf73d29b7bb350dd90a533a2fbb3dfbeb2a2f3c1d9f3
CPIAUCNS,1975-01-21,336,1947-01-01,1974-12-01,24be8aa5e474210de7813296f70a3febe8b19af2abc2e924be2c2c9b2226b3ca
CPIAUCNS,1975-02-21,337,1947-01-01,1975-01-01,33c385707d04ae68051dc0298fe030e6f325977c8ae174442edf04426a58d767
CPIAUCNS,1975-03-20,338,1947-01-01,1975-02-01,9018decbb8cb3865c3eade328be86bf3f77ee4a61f9091de95492bc913cef555
CPIAUCNS,1975-04-22,339,1947-01-01,1975-03-01,724f89c649ca2f0f8883be4ff08db585551d2614a90a293fbeea977c532d4f96
CPIAUCNS,1975-05-21,340,1947-01-01,1975-04-01,28a6996a148debf654d7e93b93314ba24e54193af84e5bb8db6a4f6dcb8bf42b
CPIAUCNS,1975-06-20,341,1947-01-01,1975-05-01,0af1115dcc86c0de6f59c07d0a48e3af15a5d4899b7f0158c9ba11499c447bc1
CPIAUCNS,1975-07-22,342,1947-01-01,1975-06-01,162b70f33709589d7bd15a28e78a67da55780fd7111888157f2baed93c7589e7
CPIAUCNS,1975-08-21,343,1947-01-01,1975-07-01,31eb0695fbdda2b880fb6865b481d5656989a94513d74bdcd5fc517d06785be9
CPIAUCNS,1975-09-19,344,1947-01-01,1975-08-01,ee017d50b357843cd73ad4740c8c2077f76ccd8a84263cba7fe9f6191e25efa8
CPIAUCNS,1975-10-22,345,1947-01-01,1975-09-01,3782a09c6d3ce3b48c287afc20797bf3b51dddc27e8cfc3478dcd6200b5b7218
CPIAUCNS,1975-11-20,346,1947-01-01,1975-10-01,8091b30fe47f9d3c1e01b0dee8d68db5a547198f5b4d7c192abfb06775a0ec39
CPIAUCNS,1975-12-19,347,1947-01-01,1975-11-01,d1cd1b425d61f958ea85de0ea6b0994584c73cd1a1e2ccd1e8fbc44ca6858d6f
CPIAUCNS,1976-01-21,348,1947-01-01,1975-12-01,390633216ff2cbd7494b4fb8ae32691a3d3ac33332e3a1506d94290b48147c68
CPIAUCNS,1976-02-20,349,1947-01-01,1976-01-01,a3723e902899a726b60165d51bcba85de1f60309f05ea668f9e7872a673143ca
CPIAUCNS,1976-03-19,350,1947-01-01,1976-02-01,b08f91446027d1e6f737aacc28d28e86907c0c656d09efa2b63df0631533f2ac
CPIAUCNS,1976-04-21,351,1947-01-01,1976-03-01,47aeb60c6c4bd309c3a82552fccdb85a3da3089327420aa4994bebcb2b0f3f39
CPIAUCNS,1976-05-21,352,1947-01-01,1976-04-01,743ed6221a3444092125d9ba927e504e4c208cafc0e9f995b7aa04a75528ea81
CPIAUCNS,1976-06-22,353,1947-01-01,1976-05-01,1b16072a862aa1590b712d153efe3dde45f6f5b5cfe77c5b0b2c06a5fd8bea03
CPIAUCNS,1976-07-21,354,1947-01-01,1976-06-01,0cc3b500b543d568cc329bbf7e63cab9c78f15ae73ba556f17064e3f1129987b
CPIAUCNS,1976-08-20,355,1947-01-01,1976-07-01,6a74993ad3d96b98bbd33eea5edfe59f1d6494ef24071ebcb65ded55a6693ab2
CPIAUCNS,1976-09-21,356,1947-01-01,1976-08-01,54ef827a7d5802ad278fd76ca9dc59e9487b9d2e60ba316ada652e664222c5b7
CPIAUCNS,1976-10-21,357,1947-01-01,1976-09-01,52fdea06ef0d774a5d768a9c55323b00ac0ceca59c41affe9ea06c94c4486f6b
CPIAUCNS,1976-11-19,358,1947-01-01,1976-10-01,ca42b7ea6b5d563a73f0335c09faccc700193d6faa8e3d5416676aecb863409d
CPIAUCNS,1976-12-21,359,1947-01-01,1976-11-01,63c72c3816e8d8682569ae6b3679fdc9efd56b461b13d8b3f969d6681e29e784
CPIAUCNS,1977-01-19,360,1947-01-01,1976-12-01,5a96c769d331eb9a096daaf664df57d9421f0517e8b279a8fbbbc5cf34bdef7b
CPIAUCNS,1977-02-18,361,1947-01-01,1977-01-01,7d49f74abea2135f37ecab47d690256e37c612ba37e51b25873293b7dc63f603
CPIAUCNS,1977-03-18,362,1947-01-01,1977-02-01,d145fcc211bc29f72de3520e7555efe15d24e09aaa8a8bc17fbdcc176a9f85f0
CPIAUCNS,1977-04-21,363,1947-01-01,1977-03-01,c4f7b5cdf670a81d8d470dc6281867f8d6fd5b348bf843bf2c6e5376d2a66b5d
CPIAUCNS,1977-05-20,364,1947-01-01,1977-04-01,e265f4ef5f5cce4266ae5688579085856a6068daa053dcd681fcbb0232004d6a
CPIAUCNS,1977-06-21,365,1947-01-01,1977-05-01,da9f0327b5eca4606db5ac32817ae943f4759e083639c2f41bbf38b8c1e68672
CPIAUCNS,1977-07-21,366,1947-01-01,1977-06-01,d9034210c5383f5e64d38e44bc6861b683b3cb159d1876136b705b85cbdfa0d3
CPIAUCNS,1977-08-19,367,1947-01-01,1977-07-01,6c688571032ed31904c73792580321246bb85ced68d65de8baf54bdc9fb63854
CPIAUCNS,1977-09-21,368,1947-01-01,1977-08-01,89fae60d07d5b15051a389dca1eebb9bcc1bc530407977c658c05bc52b4212a7
CPIAUCNS,1977-10-21,369,1947-01-01,1977-09-01,942bcd1a33d76e46238cc8c888945fffc8bf477a697f548512106d9fdd9a9151
CPIAUCNS,1977-11-22,370,1947-01-01,1977-10-01,bbf7df7dbabd033e7ab6e93bfec804708994062534ce61f9b180e22f72fb92fa
CPIAUCNS,1977-12-21,371,1947-01-01,1977-11-01,df293e228bd48ae1f257a0b3f3d08279804cb7cafc71fdd34dda2ba65a438ea2
CPIAUCNS,1978-01-20,372,1947-01-01,1977-12-01,8b1d03275b419f31b8c62f80e28d9865cc92058b8ff6773d0154f5668c109eac
CPIAUCNS,1978-02-27,373,1947-01-01,1978-01-01,8a2fc550a8da73cae69aa9c6d457838ce7638dffe23a953464f955cede78f6d7
CPIAUCNS,1978-03-28,374,1947-01-01,1978-02-01,6f09e74aa8c1b169876c2967a1232cc2bce2a037f860eb6ef2bd666417d8a24b
CPIAUCNS,1978-04-28,375,1947-01-01,1978-03-01,c8d41c112a72def257dc82bea5fab98383c274124a054c163ceafdeeae5ae0a8
CPIAUCNS,1978-05-31,376,1947-01-01,1978-04-01,b600c1720e74cfbde7b38e118012a5505437bce42e419aa2afd9e66ca59cd07a
CPIAUCNS,1978-06-30,377,1947-01-01,1978-05-01,241bd38458067acb5575a56b749ed58778a337c0a2a8932616ab26185d6353dd
CPIAUCNS,1978-07-28,378,1947-01-01,1978-06-01,e553c8c3566c69fb2afd744177b621251ff844e4ae3752f04861a8aafc94193f
CPIAUCNS,1978-08-29,379,1947-01-01,1978-07-01,37c8562e85387f31a6c9d806fce6d1caba2388d620999ec4cdfedbe2612dbb26
CPIAUCNS,1978-09-26,380,1947-01-01,1978-08-01,8df348bda0cf970d4137464f83e3ff74dd3209c2f7b4c30e71fd277acddb8b0c
CPIAUCNS,1978-10-26,381,1947-01-01,1978-09-01,d7716a133d428b2c45dcdc493cf48d8ec2dc6f96685c933b2ab380977af10b6f
CPIAUCNS,1978-11-28,382,1947-01-01,1978-10-01,0ae0c3aca3d95be736be028d7772d2793dc3cbdeea38f677e85519a74f170423
CPIAUCNS,1978-12-22,383,1947-01-01,1978-11-01,83970e262d0de4d1520444607fffc1ec834e0a91b6196248ced886c9ce1a4131
CPIAUCNS,1979-01-24,384,1947-01-01,1978-12-01,1325d74b592c7b0324c39a6282e5e25a0a6e5bf664ff85410f2de893148b1fdc
CPIAUCNS,1979-02-23,385,1947-01-01,1979-01-01,1638f3e2f0f51f1bd3fb0a33af1c1b431ae1d0b5f7e75859db3a45faaf8d7a89
CPIAUCNS,1979-03-23,386,1947-01-01,1979-02-01,d3e8317ec66eef63cc8f9c6a7dc4966a89844ec15f37493c17bd2864d4a7d6af
CPIAUCNS,1979-04-26,387,1947-01-01,1979-03-01,af7c09092063c0f490a4e4265af53d6712c8af83c4af2091279b1aed39531aaf
CPIAUCNS,1979-05-25,388,1947-01-01,1979-04-01,c15b813e646e760840a03888efd83f8158684d5e3a51b07b04905dcb1db3d926
CPIAUCNS,1979-06-26,389,1947-01-01,1979-05-01,c40e4275cfc516c224383435cb09fe71a694587a508ee4f36b209694c057a98d
CPIAUCNS,1979-07-26,390,1947-01-01,1979-06-01,7618881c1f6312230a76503cb68c768d2bfd453cd477504c71ae2eb4fd422116
CPIAUCNS,1979-08-24,391,1947-01-01,1979-07-01,88d09c61232108cdf3758bfbd339974d63065fa8e98e569360709fb3caff4ca1
CPIAUCNS,1979-09-25,392,1947-01-01,1979-08-01,52ba8b0a1676786c7254212a93517d85ca17aec93b1caa6266b27bf0669a072b
CPIAUCNS,1979-10-26,393,1947-01-01,1979-09-01,74481d523007f77f2536905a3b6110f10db9c331cf20fa7ec8ca68152451cfac
CPIAUCNS,1979-11-27,394,1947-01-01,1979-10-01,df2e2c715fb0994d15c02e553020da58e085f9192173bd079e5f53185b4fa062
CPIAUCNS,1979-12-21,395,1947-01-01,1979-11-01,514df5f167d06b206157661a511255826ed9b6d1d07c131f217c25649ebed57f
CPIAUCNS,1980-01-25,396,1947-01-01,1979-12-01,fb14b71926e19ea1c9d23dfcd990f9241af0e3d9cbe82db7731d20a8a5ea1860
CPIAUCNS,1980-02-22,397,1947-01-01,1980-01-01,89f077ac2664f1b0b9b0ca1586a94112243f4b06709a6b3404dc92b7c67a39a3
CPIAUCNS,1980-03-25,398,1947-01-01,1980-02-01,cd8b1f726229f5ed5392cf1ec04bccabe9cd786e4ee6b273ceb7a9bd97499b27
CPIAUCNS,1980-04-22,399,1947-01-01,1980-03-01,6378a6d19b612b4c05ac569f3108035e9926111a4e8d7ad892eff40beefcba2d
CPIAUCNS,1980-05-23,400,1947-01-01,1980-04-01,69f64018582ca7ca2e3eb068fe4da873a46a99297ada3bc511d28730b51d4ccf
CPIAUCNS,1980-06-24,401,1947-01-01,1980-05-01,fc3f8679e24b5b2f2330676db61db3dbe8d095c41cf3adbf937c7ac3d26b3e3d
CPIAUCNS,1980-07-23,402,1947-01-01,1980-06-01,7f7fa3f9c035aa1534838ee1fa2bd5255cd63674470a53f4a992f2e1c3329e43
CPIAUCNS,1980-08-22,403,1947-01-01,1980-07-01,3c7b5563f2bda609753c956773bcb3d629b33fd7c0df0fc8bd752ed028a9f84d
CPIAUCNS,1980-09-23,404,1947-01-01,1980-08-01,618068272dcd748ae9cab11556f1fa7f39fa8cf930e9a56cf559399595cc412d
CPIAUCNS,1980-10-24,405,1947-01-01,1980-09-01,5270fdb9e48961475d4db04b86103f55d75d2c6a00af37264d5bf32144112bf7
CPIAUCNS,1980-11-25,406,1947-01-01,1980-10-01,69461d73a1dea46bf1082a14da464f17a985b7e677ca21285fae3f2a1acfd4c5
CPIAUCNS,1980-12-23,407,1947-01-01,1980-11-01,9117f5f3228dce6a9d821a1b78f6b69c292106c9477da91d2f97fc19dd73c52e
CPIAUCNS,1981-01-23,408,1947-01-01,1980-12-01,eb1040026e71e1069589dcebb6faeb248b949d995c03074fdbb51f7026d22ca1
CPIAUCNS,1981-02-25,409,1947-01-01,1981-01-01,916297ab72c1c15a02c8cf9a67b60ea26f51732a38d4069efeab8aa7871b18bb
CPIAUCNS,1981-03-24,410,1947-01-01,1981-02-01,49bfeb8baf442056c1636487143bf495b27452b95b8cbf2077aaface84d01b8d
CPIAUCNS,1981-04-23,411,1947-01-01,1981-03-01,42c96201731d6a74b0338c077fefcd38b757544a4b6b035d1d57157b0a549a2c
CPIAUCNS,1981-05-22,412,1947-01-01,1981-04-01,9f23e4191e0cee3e266572c913121a8b4cf403c1f344cbaaa07d290e6d87c67c
CPIAUCNS,1981-06-23,413,1947-01-01,1981-05-01,ce0042d6c370a823de8d08a6054ae90f187369878a1a6aabc7cf91e31befbd69
CPIAUCNS,1981-07-23,414,1947-01-01,1981-06-01,2de0eec182cd420fd616baf3fe9e4210970bdec6bfb1824c0f431295f7a0d49e
CPIAUCNS,1981-08-25,415,1947-01-01,1981-07-01,1543890a3eea9da5af3b71a85df5071502e3b2195acad0ae5d0c50ea3031eded
CPIAUCNS,1981-09-24,416,1947-01-01,1981-08-01,b418c689da005111952ca7a5cfa582f820dbd88210157c54bdcf68955f319861
CPIAUCNS,1981-10-23,417,1947-01-01,1981-09-01,7b70540395d1aad7dbc03829843f3f969f586e8faf9c4f3ba26b88dea91e1958
CPIAUCNS,1981-11-24,418,1947-01-01,1981-10-01,37a7641e70cdb31a648dccb487b2c8d7cf6241420aa3f68e2f16b6bd96c38558
CPIAUCNS,1981-12-22,419,1947-01-01,1981-11-01,30bd88700378f42487543551b12a53066b9b9e91e12976ab7f380bd1f313a6a3
CPIAUCNS,1982-01-22,420,1947-01-01,1981-12-01,5c57d5c9441adb4b7817278d577717784878c0975f8ba2049529a34ae6ae0f65
CPIAUCNS,1982-02-25,421,1947-01-01,1982-01-01,d530f6b57ca58f02c5422b37658c0d32ff8266e553acbee333f475a1fa374d7e
CPIAUCNS,1982-03-23,422,1947-01-01,1982-02-01,e43e2328bd81916f2c9c6dfb69f94978bc26f5aa11c403001b7e743a05f6c34a
CPIAUCNS,1982-04-23,423,1947-01-01,1982-03-01,ecebf7adb23920738922709e3110543a22ab2a370270f30231bda203250ddaea
CPIAUCNS,1982-05-21,424,1947-01-01,1982-04-01,a4526f7da99f6626b2f704bd0182acd59ae4901db3f1eb229a99fab2455f7ea9
CPIAUCNS,1982-06-22,425,1947-01-01,1982-05-01,2d8410aaa82a2bf9e067333513e0eaa760c9c2a89956429a7386a67df4d5383a
CPIAUCNS,1982-07-23,426,1947-01-01,1982-06-01,a3500b0fa13032b8f6cd2f6db96fd8e2af9ba25bc2b722a91f17ab90171488f1
CPIAUCNS,1982-08-24,427,1947-01-01,1982-07-01,8d4b561ebf63e2b3deab2424bb30fbdd2f9d441a84e44e923ab8e2835d2a2c80
CPIAUCNS,1982-09-23,428,1947-01-01,1982-08-01,20056028a5642fdfa65c591ff7400ec42c88bff4f793a0d60cf753134e75dadd
CPIAUCNS,1982-10-26,429,1947-01-01,1982-09-01,443f41cd97f9ad2cbd7969c78be0935143b9cce90fd246040372c448bc00ea30
CPIAUCNS,1982-11-23,430,1947-01-01,1982-10-01,85f45d8f1fa315e6158006eeca7f22b62f36b826785f5b973e77281fc6ecc5e8
CPIAUCNS,1982-12-21,431,1947-01-01,1982-11-01,4d4b228f389a54cd0e9de1b1fbec8edf9db8707ba504a9cf84c78c7d3adbcc20
CPIAUCNS,1983-01-21,432,1947-01-01,1982-12-01,6f4e21f1b47f7ea8df89dc366b39b5978ebed4b1a1ff8c266328cb93f94b6e62
CPIAUCNS,1983-02-25,433,1947-01-01,1983-01-01,a2923d5e800c620a80bc695fcb7aaed1d45894725b110de5e5d45c9ca647b6a2
CPIAUCNS,1983-03-23,434,1947-01-01,1983-02-01,db0761fb3a30a13e4a78211f5cd2eca1b3fbb48d50b27c3ac7d3b6deadf80fca
CPIAUCNS,1983-04-22,435,1947-01-01,1983-03-01,3b15cf10a111eb58c32150f2aba89eb8d68a45e433250efc6113f45154604fda
CPIAUCNS,1983-05-24,436,1947-01-01,1983-04-01,c9f5bbf1b66146f6a619925d715e4d3fe7ccc2ddd2f92f3f02e0cd662ad0c116
CPIAUCNS,1983-06-22,437,1947-01-01,1983-05-01,41193547d669ab19487d9d7d3df61ff3722871c5f552bda0732a4944f88f42f1
CPIAUCNS,1983-07-22,438,1947-01-01,1983-06-01,aef75ddc03ecf005ec090625696279311f175a03f7c381405dabd212ac6b554e
CPIAUCNS,1983-08-23,439,1947-01-01,1983-07-01,1d47864340a1d07d6ccbbeeeeed04b7efd278525a47c2142c08c299ff6540067
CPIAUCNS,1983-09-23,440,1947-01-01,1983-08-01,c2a7c1550ab97220260d380e25e21ff8d950ade911fbba1b5782650a494c874a
CPIAUCNS,1983-10-25,441,1947-01-01,1983-09-01,12fb72652cfca178c6074cae3deed1aeb786c409ccbc7ff90a803b65c29b0002
CPIAUCNS,1983-11-23,442,1947-01-01,1983-10-01,6083d15285d03bb231aa8ada1d1bd284da72bd5ea77bafd214030b059ff703bd
CPIAUCNS,1983-12-21,443,1947-01-01,1983-11-01,3e8003cc0baeaffa75d3e698a5cc32004965ca1ee3399642a12c354f4bd7b8c6
CPIAUCNS,1984-01-24,444,1947-01-01,1983-12-01,1a49283e416818eb06c3e358248019dac891a1917d8bb835f5421b68e90f9311
CPIAUCNS,1984-02-24,445,1947-01-01,1984-01-01,161efb2348439fe6ebf1dd6b19606e75126ca427ce11bc9f15ab5685babca3b4
CPIAUCNS,1984-03-23,446,1947-01-01,1984-02-01,8ef4026671ea26cb2ebe654bfaa0c759f0cd2d95787b3b54c8d1433cb1548035
CPIAUCNS,1984-04-24,447,1947-01-01,1984-03-01,4cc8547b599ac8d67df92d4c708f4c39a28dbfd10357df46e5cfb8c1dc9b45b9
CPIAUCNS,1984-05-22,448,1947-01-01,1984-04-01,63f78ee8633892b36377bfc0f5f2e97468a45d80ff0119c8243e6bc8581b9580
CPIAUCNS,1984-06-22,449,1947-01-01,1984-05-01,b35621457dfd8e755d12bb2c71776e7df47a39871c2def8da87f88ba6b5dedd9
CPIAUCNS,1984-07-24,450,1947-01-01,1984-06-01,b735411bb0e913b45350873f541ab394ff356c320f371895a1bf62c1705f96d5
CPIAUCNS,1984-08-22,451,1947-01-01,1984-07-01,2d3a091db4e2b0beb3449df04d9af2db4c1fd0d2c01f7ef262e32e9c679f899b
CPIAUCNS,1984-09-21,452,1947-01-01,1984-08-01,dee29d221dc60d11bd6fba46e5833727ca4041a07c8ce30267b316ad5f92ee97
CPIAUCNS,1984-10-24,453,1947-01-01,1984-09-01,ea54e709e817c6e3bbe23304cdb7f439a5727dfc424f0233c437cba5cb5dd4a2
CPIAUCNS,1984-11-21,454,1947-01-01,1984-10-01,5af612f1c70018181b46c75e28df5a8cc6f5fc8364ec186d2d24667d5dd36638
CPIAUCNS,1984-12-20,455,1947-01-01,1984-11-01,8fe2c75f0edb7deefb7b44ea130f59b5727be0147306ae65c866f82fc581a4b7
CPIAUCNS,1985-01-23,456,1947-01-01,1984-12-01,21b7b269c1d254914e4c379ec3b6f2fc63a8ae6d8674dfade046f516c3ee3fad
CPIAUCNS,1985-02-26,457,1947-01-01,1985-01-01,6a2dedd83974469707e973e98cb8c235c4718f595b8f83763914b5302b965451
CPIAUCNS,1985-03-22,458,1947-01-01,1985-02-01,a481ad3766b69823a2313e9e9584672d6a2a05cce2c3d51c72116974c8469c85
CPIAUCNS,1985-04-23,459,1947-01-01,1985-03-01,9ebb11f28693f5b9269663241858ae96988b11bffe68c4546dc85c5ec122b888
CPIAUCNS,1985-05-21,460,1947-01-01,1985-04-01,2b646066169a146162dbbc43f9ad4c6a8b8375fbfa87b400e532dcfb3fd9f9c4
CPIAUCNS,1985-06-20,461,1947-01-01,1985-05-01,d28dbd10fdbcb2b5a7c5386e4271432eb8ec0eba39598f04a9a4b8d70bd895e5
CPIAUCNS,1985-07-23,462,1947-01-01,1985-06-01,1a508b862ac6dde6c7def2ef215c15d85ce8421472377d6e8e58f6d7fe498ab9
CPIAUCNS,1985-08-22,463,1947-01-01,1985-07-01,f1ea2aedb294c93ac9e53d1a569abd8ef15c70516d250470e18c80dccea23e50
CPIAUCNS,1985-09-24,464,1947-01-01,1985-08-01,92cb15d96d489fc4ccbdd6da5259236e4ebf3bb721867698eccb6eef5da7bbda
CPIAUCNS,1985-10-23,465,1947-01-01,1985-09-01,5464ce7ab342bbbd0af06fb28baae931ce63ab436a726ebef2614bfda91b3fc7
CPIAUCNS,1985-11-22,466,1947-01-01,1985-10-01,a77408fec252262933bbda66629e4bea3305caec5357258eecc3bf7166ce6d22
CPIAUCNS,1985-12-20,467,1947-01-01,1985-11-01,1c048409a1bba24cd6a3165a86cc057ffa2d80329fc9baa5e56ba4ebdd0f41a5
CPIAUCNS,1986-01-22,468,1947-01-01,1985-12-01,4ee1b1e64e406c2f603875e577fd30ea422ec5207d66bc420560a173333a0a42
CPIAUCNS,1986-02-25,469,1947-01-01,1986-01-01,c822002da181164e1d682d3127cd5bbb8e31e239410541b4ad727203fb5689aa
CPIAUCNS,1986-03-25,470,1947-01-01,1986-02-01,f7ad101d6576c24e47ddd24d06ed522710eacd2bc6b40a791ae1aad4e5c0aa90
CPIAUCNS,1986-04-22,471,1947-01-01,1986-03-01,a55962aefd5f39bd7c0785bfdae1e4f7257379d9b56ab69ca049fde7c4fecd15
CPIAUCNS,1986-05-21,472,1947-01-01,1986-04-01,a1366d324198e54b3ccb45d2d9700148fecb91ab825c3d7392e66523147c2ccf
CPIAUCNS,1986-06-20,473,1947-01-01,1986-05-01,7227559cb2708aec7aac12514cb4af41c78c85e77e36626c0b24d453238ebf31
CPIAUCNS,1986-07-23,474,1947-01-01,1986-06-01,5d9332b5f50ac5455c265256d462aa3385b5115bf7d3ea48ed30d55f65cdaf8b
CPIAUCNS,1986-08-21,475,1947-01-01,1986-07-01,75920b7478df08508bd7cac459ed12e3613c09454b59f2cef4f699c9bba289eb
CPIAUCNS,1986-09-23,476,1947-01-01,1986-08-01,dc9e46dafc5536657fa15308d8817124aaf439e484c1c036603390d9e4c93a23
CPIAUCNS,1986-10-23,477,1947-01-01,1986-09-01,56b0fc9dfa1387cf4b5be7a6e52a1b6405922a6e67384f324be26f03f9db4865
CPIAUCNS,1986-11-25,478,1947-01-01,1986-10-01,7cb5600d71e1537bbf1a8aad643afac8a2bcd3ed53fcb10d2b68fbb0da6ff65d
CPIAUCNS,1986-12-19,479,1947-01-01,1986-11-01,1adea65943ae3e1716857628eebfb2d7f6ae10f0ec69296026383b199e2ad204
CPIAUCNS,1987-01-21,480,1947-01-01,1986-12-01,9d7f3eb0234bbbb6f063d0196574cde3201d8e5e089de583ff9904e1a9dfa1f6
CPIAUCNS,1987-02-27,481,1947-01-01,1987-01-01,7dad7e4587ebfc8282b40b935dc56e2cb43fbb9549c5d3a3e670ab281d737a83
CPIAUCNS,1987-03-27,482,1947-01-01,1987-02-01,7a284fa5444e1d9efd166e15197fd36d145060b2571aa6b8f6d704852b5ec3a9
CPIAUCNS,1987-04-24,483,1947-01-01,1987-03-01,a0f1598e1ba9f2fb5fb654f971cbdaaf108219bd646b64f9b5adad4ec8a78de5
CPIAUCNS,1987-05-22,484,1947-01-01,1987-04-01,8590010bf4d3bb27a800e865e71687353a253fa721a9165bdd081ad7a095618c
CPIAUCNS,1987-06-23,485,1947-01-01,1987-05-01,a8baf7edd59cf508d6e76dd005c77180e1587282622384e8a1fa208749ec88d0
CPIAUCNS,1987-07-22,486,1947-01-01,1987-06-01,261ad498e04e4d355477160dbe08811ea06561886542e9367a5e6982723fc92b
CPIAUCNS,1987-08-21,487,1947-01-01,1987-07-01,fd966ff937dbad9255f808393976d724946b939b6725ec93ea623dd5738a534a
CPIAUCNS,1987-09-23,488,1947-01-01,1987-08-01,d3f90bb4b20fa3203f18e87d74fbc905d28ab50cbfe3f01dc868a0e860a6b6ea
CPIAUCNS,1987-10-23,489,1947-01-01,1987-09-01,1a7d38e2b88cadac83ba612d3a6ba357dc22bdcf0af6ab051e53e4a83477a3e5
CPIAUCNS,1987-11-20,490,1947-01-01,1987-10-01,8b5eeb2a37762987d4d7acade8b7c80b433f002c0cb646bdbcb224ea54f0b773
CPIAUCNS,1987-12-18,491,1947-01-01,1987-11-01,3c6e24af48b1f47989c267cea3faebe45a1ddc775775bc325260e05069136319
CPIAUCNS,1988-01-20,492,1947-01-01,1987-12-01,f8ad058234ed566b7f48ef50b9c6ced52cdff88bc213c2848d521e2b77d24e89
CPIAUCNS,1988-02-26,493,1947-01-01,1988-01-01,41bc8c9de696811c26aaae79961c9b52f2d89fa58403ee44da2b096d1da8ac0f
CPIAUCNS,1988-03-23,494,1947-01-01,1988-02-01,dc34ac451d76e088bce3d61d0f329873af248e1988b47e2264f53fe93af7dbcd
CPIAUCNS,1988-04-20,495,1947-01-01,1988-03-01,8eef9d44a110b0cb911f9d184dba54328cbeb848bb6e1b69e43c8fe95a609c42
CPIAUCNS,1988-05-20,496,1947-01-01,1988-04-01,b6057267a74a155e7810e8015dac2255fd73c16acb115aa76dff806ade91994a
CPIAUCNS,1988-06-21,497,1947-01-01,1988-05-01,ac57e15db85257b8cbc10bbd3ac21d01ac281407e7d345f0055b1d39f35c6242
CPIAUCNS,1988-07-22,498,1947-01-01,1988-06-01,a580059db6c3806d494a2c5a0250a2b45a74dccba30a13284ceeb1cebdac4843
CPIAUCNS,1988-08-23,499,1947-01-01,1988-07-01,cda8a527eb2283050d7dacdb4b5b553bdc9b6079359d8c8cb924127885f7e849
CPIAUCNS,1988-09-21,500,1947-01-01,1988-08-01,fbe24e828149605871a9332b34fed8aabac17553d285ea5cf68b91fbaa7eff7a
CPIAUCNS,1988-10-21,501,1947-01-01,1988-09-01,bf1168c8b1162cc8714f4081446e8476b1b5ead2767ff0db7ff1e5ba1b048223
CPIAUCNS,1988-11-22,502,1947-01-01,1988-10-01,567b8a9b4e0300419a98670580f06d5ce1be17bd7a58e2bd0470a557f0293017
CPIAUCNS,1988-12-20,503,1947-01-01,1988-11-01,5b25875b4591bf4168a0c9e8e925b7dca08e5bc5b7acd720967156b56d9fb790
CPIAUCNS,1989-01-19,504,1947-01-01,1988-12-01,8bcd9368bbffc82464bba7bceb757ee97ea1af2d1479a0daf49f45a2333e9301
CPIAUCNS,1989-02-22,505,1947-01-01,1989-01-01,4a2312f7ccd6bbee35c6628d835dec4d1009cb7dc884c69c9a6e051faa18add0
CPIAUCNS,1989-03-21,506,1947-01-01,1989-02-01,61254b7861e94cbb7adae50bfcb0afbf952034c0631b3a5e54f6920ca8732694
CPIAUCNS,1989-04-18,507,1947-01-01,1989-03-01,2355e908fdc78af7499a62db02af9a0b20662c4f8e5e14fe371e24f9a3d57e0c
CPIAUCNS,1989-05-18,508,1947-01-01,1989-04-01,dc87bfa24a70d9cf74313208591464ce04472823372eda980ae2377b7f107d4e
CPIAUCNS,1989-06-16,509,1947-01-01,1989-05-01,2262d84107189a3800fb6f98bb7568526082238419a153eb41c093a4dfbf2dca
CPIAUCNS,1989-07-19,510,1947-01-01,1989-06-01,245a930d9a7c869d437bbf24a2a7f5e801cc87b7c0423a02cd0b1545edd28a1a
CPIAUCNS,1989-08-18,511,1947-01-01,1989-07-01,d15c0cd6e0457d7dee27b4d7006d4ac8731296fdb0d057a66e51b0e340a58de9
CPIAUCNS,1989-09-19,512,1947-01-01,1989-08-01,bdb744819025828aa7882a229ab2267d0a389b9e5159a14e2cfc9d482a02d71a
CPIAUCNS,1989-10-19,513,1947-01-01,1989-09-01,065dcfb535553a8d3e872a2e32d42896aa8b0e1039d10a913b52fb33cfa20894
CPIAUCNS,1989-11-21,514,1947-01-01,1989-10-01,9f6739d1c7becfbf1a9990ea4483517d27fdf7c7f450b28d7e50893f9b9e40d6
CPIAUCNS,1989-12-19,515,1947-01-01,1989-11-01,39af7a33a740b358e7cee4f6b0b9f4e2c1a4b4e515f5afa2c772f2e31d689b77
CPIAUCNS,1990-01-18,516,1947-01-01,1989-12-01,8bbd574438c159e85aae1d60527c62f449772995fadbd63bc32fdd9825cbd253
CPIAUCNS,1990-02-21,517,1947-01-01,1990-01-01,805b8ba334def5791092a9b230aed4235d67c3555e605fb1a58acc0975cc1bd2
CPIAUCNS,1990-03-20,518,1947-01-01,1990-02-01,05f0ea602606a03ebf28519ea3f0bcdeed2aa1bbdf74e3b282bb41ac20217811
CPIAUCNS,1990-04-17,519,1947-01-01,1990-03-01,e16ac96bca75e5088dfd4b2d015a754eb4a04780049adbfc91557733ad5eda55
CPIAUCNS,1990-05-16,520,1947-01-01,1990-04-01,4698ee0cb135e53851380bede45e161054902d0bb18e3dd9668b19bb1a4eddf7
CPIAUCNS,1990-06-15,521,1947-01-01,1990-05-01,77fafee62c98963bfe91a90d8bf4717788df3c75e4f4bc9a9047a5fff9e56978
CPIAUCNS,1990-07-18,522,1947-01-01,1990-06-01,eafc575007090472e39b4ad3448fea45a3fcce92cf1b1e9a83f4f85e8609be2f
CPIAUCNS,1990-08-16,523,1947-01-01,1990-07-01,b0331dd68008e8d37c4ddf29675a4fefbc8b7c79ed21a29edec9aa93f5bc2314
CPIAUCNS,1990-09-18,524,1947-01-01,1990-08-01,29bc3dc30a640535d885f42a9813e6b39d373131cc9f36f010f857da734005a5
CPIAUCNS,1990-10-18,525,1947-01-01,1990-09-01,2bde30e3deda4d8e32f4bc856f9fcb71ea8b82756df41c264bde0090ca66dad0
CPIAUCNS,1990-11-16,526,1947-01-01,1990-10-01,ff2214d6ad61e7ebb5c5851e8c740d40c90198e86d2fc53a827bc83c665708c2
CPIAUCNS,1990-12-18,527,1947-01-01,1990-11-01,fb346ff7fb2f007141f3f06ae6b853a07508fc6eecc7cf3bb03c6d602a432829
CPIAUCNS,1991-01-16,528,1947-01-01,1990-12-01,67d82c2a4cc2cb0e31c75647285a0891841ef3adc47770e234fff4bfa2043e53
CPIAUCNS,1991-02-20,529,1947-01-01,1991-01-01,47741befccbc4b21b19998205d5e2d8812eeff14ad23509bb7195410971dd122
CPIAUCNS,1991-03-19,530,1947-01-01,1991-02-01,3d825002afecf5adbef76d6bab7dabc3c0c536ec8d063d8e003afbfaa4d0fc4d
CPIAUCNS,1991-04-12,531,1947-01-01,1991-03-01,ff53d94ed30490d2f7aca4e43b9aa8bb968cc57c941b1f21545e061d82e5648e
CPIAUCNS,1991-05-14,532,1947-01-01,1991-04-01,97779667ad498cef1e5a673499050adf087a12fe146c939be0e417b55f93de41
CPIAUCNS,1991-06-14,533,1947-01-01,1991-05-01,fd54085ec865c6ba3093aa91d4f3cb8243592601180c18a8465f518a03fbbca5
CPIAUCNS,1991-07-17,534,1947-01-01,1991-06-01,8cbf9af9d26eff7434f3ed929bf06d2a82a07d03aba3adbeecda6d36a8336a88
CPIAUCNS,1991-08-14,535,1947-01-01,1991-07-01,b91a795a0f808897893bc1f1ed03cf460c74e6878c3499dd20e47e7884af9e13
CPIAUCNS,1991-09-13,536,1947-01-01,1991-08-01,e3e879f288ea0250febe43c0114546fdc3ff6192ecb2b0f20548e72000b63f34
CPIAUCNS,1991-10-17,537,1947-01-01,1991-09-01,426ca3733f2a96676d18c547e75883c931c1c73ce17f92f178c73c76ab8c3c0d
CPIAUCNS,1991-11-14,538,1947-01-01,1991-10-01,e3ace9b7f3eebfef8f85f78c8f5801d2bb9828c41429fd4be28c3ae5c26500b7
CPIAUCNS,1991-12-13,539,1947-01-01,1991-11-01,0b967ca28c86636200a4f108564d43ea3fb9ae9ce09fdc4984fade722662278c
CPIAUCNS,1992-01-16,540,1947-01-01,1991-12-01,90e536fce325e75fe93a365dbc37b4b8f83537c8acdea2d14bd57fd4acfb7198
CPIAUCNS,1992-02-19,541,1947-01-01,1992-01-01,845c12733725177e69df428280d72052a26d58a68c80567f8c8dbb154987ca6f
CPIAUCNS,1992-03-17,542,1947-01-01,1992-02-01,9a7eb627014eaf53347ce5559bf60a33158ce6e9852c95f7889f01eb1be357a3
CPIAUCNS,1992-04-10,543,1947-01-01,1992-03-01,9f692be105325afe47e347f81a7cf6fa434aee6275402d55b83e0b66626fcedc
CPIAUCNS,1992-05-13,544,1947-01-01,1992-04-01,cd99b345842793b51f2bb44645029babaade41fd3e642bba3806aa884fac7e63
CPIAUCNS,1992-06-12,545,1947-01-01,1992-05-01,0a92e122a3476de99a288a060468ecb265e4ebe649a051b0bb3385dfa6d857cb
CPIAUCNS,1992-07-14,546,1947-01-01,1992-06-01,257481c8d34c1c9adfbef7fe3ca005af6b0e0438c830045bbf8882f605941043
CPIAUCNS,1992-08-13,547,1947-01-01,1992-07-01,735d112d20677db3317f3b48d5dbd458a8093ae16dbb03ab139200b565556d4f
CPIAUCNS,1992-09-15,548,1947-01-01,1992-08-01,56856540060bf9c70b17b4de0e543526af48d2e660206d4c701f9259fb3b314f
CPIAUCNS,1992-10-15,549,1947-01-01,1992-09-01,5b06956ed2fc0fc911b580e1a6b8b54274530d916b590830118a3f8a3b4c2245
CPIAUCNS,1992-11-13,550,1947-01-01,1992-10-01,3b3b21f353c4a7191a66ca4e33a80f09fd1b1b807c60e66d5141327817b5d34b
CPIAUCNS,1992-12-13,551,1947-01-01,1992-11-01,228fe08723f8cc3d066c4e99246f63f7cccb3123da49bb3578d49b387b170130
CPIAUCNS,1993-01-15,552,1947-01-01,1992-12-01,a836685febf150e824c3e7977e2ddc2403ad508b85b05de22615ace167e6bba2
CPIAUCNS,1993-02-18,553,1947-01-01,1993-01-01,a7ca90d56b1cbca2efe470a5148a15bb0026fcc3c22d64a0b7bc5f8a03c02f08
CPIAUCNS,1993-03-17,554,1947-01-01,1993-02-01,463244be09e90b031685c4079c7f150fd496191fc56b9ea83fc87f63face94e4
CPIAUCNS,1993-04-09,555,1947-01-01,1993-03-01,d432101187def7aec3832ec1a867658c59e4b1e3cabee653aabcca4447598d78
CPIAUCNS,1993-05-13,556,1947-01-01,1993-04-01,5dc62c5afcd7b0a1d74f6b5dd0fe0fe6cdd4868df7d38222dc4513ed83b5dbe4
CPIAUCNS,1993-06-15,557,1947-01-01,1993-05-01,d6f90bb09ee4ccbe9ea835a7e1bdfa0034f68daebe19f25d59ccaed05045a513
CPIAUCNS,1993-07-14,558,1947-01-01,1993-06-01,401282743e01fefa3e2f2bf026c24630f6c67ce296cd9338c94bb3ba733130b6
CPIAUCNS,1993-08-13,559,1947-01-01,1993-07-01,6b05af2317e6a9e65c63faab2f5d76764ab6b0970e06ceb177d0469038e4f3bf
CPIAUCNS,1993-09-14,560,1947-01-01,1993-08-01,21667e53ccf713067cabdd15432ac66465e728e34e48ce90c11c45e83bd77c64
CPIAUCNS,1993-10-15,561,1947-01-01,1993-09-01,b3ce24b05d2cf7387235ee4d2adc8d6dc290e068c0082ec96f90fade7563dc84
CPIAUCNS,1993-11-10,562,1947-01-01,1993-10-01,88db35eaec4ff729d0a2deff1b51dcee493939c14d3dca083f0f8a9ee137c5f5
CPIAUCNS,1993-12-10,563,1947-01-01,1993-11-01,925d3208ee7eeabde44ef28c7a41d275e39c4b7637d312673080a8ce8c109e7e
CPIAUCNS,1994-01-13,564,1947-01-01,1993-12-01,de540f6accf9595c3fbee1a9ac1e3fd2089e90941f2102c8cf3ef3a3f749f427
CPIAUCNS,1994-02-17,565,1947-01-01,1994-01-01,ebba850a56b514a91db9c162d63863cc7ddc9685dd590e232637f1aea3fb2fa2
CPIAUCNS,1994-03-16,566,1947-01-01,1994-02-01,28c56b54c5d17420b6d579d6aff93c9379169d3000ca12ff6a1d5c5d2b2d5570
CPIAUCNS,1994-04-13,567,1947-01-01,1994-03-01,50269cf7546aa6648222f03d403d8e968229a5e8545d790440ead691cf9d0d3a
CPIAUCNS,1994-05-13,568,1947-01-01,1994-04-01,b72466132491f100013a3739db5e7a24400d2d6b41da56b244825e3447e744d1
CPIAUCNS,1994-06-14,569,1947-01-01,1994-05-01,c56fa03c6c635333aab4ff79387649bfda3761db39970f13d8657b4ea7d18c25
CPIAUCNS,1994-07-13,570,1947-01-01,1994-06-01,7c3b0ba261ecfc4330b21d5da534bdba3b53dbdb4d9f484e47b882c2f3ff5911
CPIAUCNS,1994-08-12,571,1947-01-01,1994-07-01,2f9071930d41cfe44ba35dd29255f9246feab3a0b30e8476bde1c9d3cb58c16b
CPIAUCNS,1994-09-13,572,1947-01-01,1994-08-01,e2dbde9873cb016a9aa662b8f4040dabc164a93986c0e64b5976de235b2fab1a
CPIAUCNS,1994-10-14,573,1947-01-01,1994-09-01,06f83f7dafefcc501774f0d299fab035a27e602de379c55e73a2b075ebfc138d
CPIAUCNS,1994-11-16,574,1947-01-01,1994-10-01,0742a7f23a771ad837dc53d8240c9c8f086d3f837b703c80a9132fb8e9064b63
CPIAUCNS,1994-12-14,575,1947-01-01,1994-11-01,e156b6001807a7f9317961799857d1adb9c30fb30e879b48451506fc47ba6377
CPIAUCNS,1995-01-11,576,1947-01-01,1994-12-01,5e2adc7e3c1a705c3a7b58ac4d9a792620fad980d62c1f83567835291b21645b
CPIAUCNS,1995-02-15,577,1947-01-01,1995-01-01,ea8278ac02738543359f14bb9d9f826cc57224e2843a33953cac2522192e13a2
CPIAUCNS,1995-03-16,578,1947-01-01,1995-02-01,c61d3aa0149449ca4c084b5dd65738c12ad12858d651dd1ac3e61c03acfc9f87
CPIAUCNS,1995-04-12,579,1947-01-01,1995-03-01,d52d64c186ea1a922fe1ce36ad8cbfff6adf08341c14c853a9c366993f2ff7d9
CPIAUCNS,1995-05-12,580,1947-01-01,1995-04-01,df173abdc52fdd0c9cecf935f4b8538bf2a9ed478564a666427dfdcda4d6dbd0
CPIAUCNS,1995-06-13,581,1947-01-01,1995-05-01,42d2a6c4c39d2ad452a1ba90a08e193baf53e82dcdb9f502673055619d7a11ba
CPIAUCNS,1995-07-14,582,1947-01-01,1995-06-01,fa0233c4f04bad3ffb6e88d80cd1b5086f74af16504fab1140c284c162c3ddaa
CPIAUCNS,1995-08-11,583,1947-01-01,1995-07-01,a064715064a2d8d49a663b49ffb1858e64ced644ff0d6db2c52ac14f15f59176
CPIAUCNS,1995-09-13,584,1947-01-01,1995-08-01,c6d2b557ef35b548b76e31ae11a85e4f59c4cbcd73e99c1b2edcf09acc1dbfd0
CPIAUCNS,1995-10-13,585,1947-01-01,1995-09-01,099df60fe23102aa3b823c32e469d7103e2f29866c7d7acf5a630564aa3269c1
CPIAUCNS,1995-11-15,586,1947-01-01,1995-10-01,5587b80bfb212243f92408c7e02c69983d046fb56dd217fe81d8b651013a9a89
CPIAUCNS,1995-12-14,587,1947-01-01,1995-11-01,4bb02555787012ba4d9df7b053be14bb6d2e851fa34480667a092ef5e36302d3
CPIAUCNS,1996-02-01,588,1947-01-01,1995-12-01,70728d661b290943e06e2c1018faa0710bc24b8b6cfdd00de535f04953e55c21
CPIAUCNS,1996-02-28,589,1947-01-01,1996-01-01,5ba07237db7000775a51a8b85fc9a9b4d37b04b958e8335adffb4f42818aa3de
CPIAUCNS,1996-03-15,590,1947-01-01,1996-02-01,bff498334f0e0a8ea3ee58c2295b18e3ad89b1fb35817a2b8c162505649dc49e
CPIAUCNS,1996-04-12,591,1947-01-01,1996-03-01,d7f3b0b1a62e816312782fcd84ae2f5a03c33c81d0825724144df70e4d05c92e
CPIAUCNS,1996-05-14,592,1947-01-01,1996-04-01,9ed07f4219fb80b30ac981d68a0c36104118cb535982257e62bbaba312ca4527
CPIAUCNS,1996-06-12,593,1947-01-01,1996-05-01,db2407d84afc34ab4e1db0703ea44106981133123fb9c18a772fae37d42958dd
CPIAUCNS,1996-07-16,594,1947-01-01,1996-06-01,89bcf37e5bb6d08378380c3f841fe1089a2c64e6313026c04019ffcab0c0886e
CPIAUCNS,1996-08-13,595,1947-01-01,1996-07-01,0e6ef150fbfd027d4bc2238f2e479fc6c894087c01b3ff5f02372b3814f1be6d
CPIAUCNS,1996-09-13,596,1947-01-01,1996-08-01,7a5030b3391264df79d6c7ebd36d82c66daa597496d365d17c6ee4c3e077550e
CPIAUCNS,1996-10-16,597,1947-01-01,1996-09-01,22864b769915d0595545a168d05c2ca8d80cd7c79aea86a636b00ab8a82fbd41
CPIAUCNS,1996-11-14,598,1947-01-01,1996-10-01,87d1784053a559cfe7ded4c67288f48634b20dd06a94bb967e37fa37d19b9a0d
CPIAUCNS,1996-12-12,599,1947-01-01,1996-11-01,a62a651591fdc7a085836eca2afeec972d2c7bf363d2054d846a0728dc8b6fdb
CPIAUCNS,1997-01-14,600,1947-01-01,1996-12-01,889ad9092e8c85914534bde63a22f7f333d5c37a5c6b193f1f59ab9ec1158ab5
CPIAUCNS,1997-02-19,601,1947-01-01,1997-01-01,535998a4d5b620fc5127f31dfb4fa0d3dc1246511ab0487c7bee59fdd7a87b0e
CPIAUCNS,1997-03-19,602,1947-01-01,1997-02-01,8be77f4fd4a1a65880c27b665348d2203c2311c26c6d4c3e99eb4ff5a5e8e298
CPIAUCNS,1997-04-15,603,1947-01-01,1997-03-01,394cd0476726cd8389a51fce8ad68dc244856cd819a9c61c4c8bdad50dcff9e8
CPIAUCNS,1997-05-15,604,1947-01-01,1997-04-01,95af5ab4e194cdfe2488b339302dc850302e901e45143da853e4825df6d35d1e
CPIAUCNS,1997-06-17,605,1947-01-01,1997-05-01,bd270e9b77a83f81e04d2ed4ef6b9095f5ad26c1e4e3a5207f631c15e2c1a3b3
CPIAUCNS,1997-07-16,606,1947-01-01,1997-06-01,be56a2ed7612164b30a88e2dab6674afa6604cd6952d8caca4aae93e45813748
CPIAUCNS,1997-08-14,607,1947-01-01,1997-07-01,9a353ae08bed3bd2ea91d53caebe805e2d3628a16ee35c662e4c4808221bccd8
CPIAUCNS,1997-09-16,608,1947-01-01,1997-08-01,44aa13d6bff7e44c9f687ab70b055559636d0f7631179e240bd999afc2439182
CPIAUCNS,1997-10-16,609,1947-01-01,1997-09-01,666817461b7ce934878deb308bc70aa6b1fbc178aa76a5be86316802b83e4fa1
CPIAUCNS,1997-11-18,610,1947-01-01,1997-10-01,5b6c5ac8b394188bb8a2325519129c35f8df1ed08012d409b46fe3ee8fe83716
CPIAUCNS,1997-12-16,611,1947-01-01,1997-11-01,319dc7e78cbf8c9b52c9de95f8ccf25f544cbf47f5317791973d665083b182b5
CPIAUCNS,1998-01-13,612,1947-01-01,1997-12-01,df68f6bd5e9b0b16f9db2e6a034ae4229ba8e8f4782c309467a9988005b03c9b
CPIAUCNS,1998-02-24,613,1947-01-01,1998-01-01,2d45118ecf50def0c216bb876a59d3a60be3ca83a494adb77c1a6b1856dfaf57
CPIAUCNS,1998-03-19,614,1947-01-01,1998-02-01,c2a250d284e3b1fe709702f29725b01f460e32fbac0117dd6d5078e2e14fe0cc
CPIAUCNS,1998-04-14,615,1947-01-01,1998-03-01,7dc6bbda4f1d4d7e1c08b704f5f09afdf400382710b22b9ab70deb2c4142c266
CPIAUCNS,1998-05-14,616,1947-01-01,1998-04-01,b3e5a78f387d4265ea7e631bf730be7b9479bddd19ffa25fb94d2a4289149873
CPIAUCNS,1998-06-16,617,1947-01-01,1998-05-01,59f5d9743d942877164b1146f876b5867ccfee3ecba692cd93b7c59c2bb230ce
CPIAUCNS,1998-07-14,618,1947-01-01,1998-06-01,bf6dc346ee895ffaf95a1940c53182a409f1324e366537105db6749e2294095c
CPIAUCNS,1998-08-18,619,1947-01-01,1998-07-01,ea85baf875e35e3a6746c79ef7105b26d84c7ec41a57440f8152ec5262da91fb
CPIAUCNS,1998-09-17,620,1947-01-01,1998-08-01,aa5e347c6510636ff09df42928d283a4a694f28411c2714f6efbd9a6e1ac4c62
CPIAUCNS,1998-10-16,621,1947-01-01,1998-09-01,3aaabfdc1cd9254f782057ff9a483e001e3719352cae06d5bf862beac3e3a232
CPIAUCNS,1998-11-17,622,1947-01-01,1998-10-01,963e844c2e461ddff4a7102dab2e4ffadc7614a543ca76e39ec15971d1ce7e7b
CPIAUCNS,1998-12-15,623,1947-01-01,1998-11-01,649cd77f3ee2cf412fd25dc7032267fe1161850af5e37c6d6843f2b005a11022
CPIAUCNS,1999-01-14,624,1947-01-01,1998-12-01,ddfd973462b0e54d3fec9c1fd4a26942143bea7de56324af909f9f7a0c732cb4
CPIAUCNS,1999-02-19,625,1947-01-01,1999-01-01,fa4bf5319a506add403313e8b66c3d78d7e9afb25ce32f43237a311ff50d0561
CPIAUCNS,1999-03-18,626,1947-01-01,1999-02-01,53acf4cbed4b30aad56c5579e5bf9690e908fa94ab026ad59f9cbf15bd8b1d82
CPIAUCNS,1999-04-13,627,1947-01-01,1999-03-01,0e4de765766c6536792532060092cd1db1f06b1d776c861b8091e3b75b068817
CPIAUCNS,1999-05-14,628,1947-01-01,1999-04-01,fe62601e09e4c66412487725bbab00abed73e651dcb2b80c45a2a2f286693dcb
CPIAUCNS,1999-06-16,629,1947-01-01,1999-05-01,7ab6027a66398651f772cfe50364830a520701eaf79382780f2fa5747b3d5c93
CPIAUCNS,1999-07-15,630,1947-01-01,1999-06-01,4fc3cc0b035faaed807e2469e7293eff527b8ac7ae27c07c3b1402ca26190e24
CPIAUCNS,1999-08-17,631,1947-01-01,1999-07-01,ecc5fe1ab2eb185794b54b0232a8028be4096ab0e09e2b7cf5a5b651407aed78
CPIAUCNS,1999-09-15,632,1947-01-01,1999-08-01,8722d5c8cb558ce1d0c1a8dfcd3a7000629897052705e5cd323a8726ed34746c
CPIAUCNS,1999-10-19,633,1947-01-01,1999-09-01,0b2bd5873302b11f5b9d56fe593fe9b5ecd25099c51eaf1d81618ec4444f0cfc
CPIAUCNS,1999-11-17,634,1947-01-01,1999-10-01,9ebc2b026e5a3e64ae8d73a70caa0ea7901a47eb0e53b5c343900292e1c861a7
CPIAUCNS,1999-12-14,635,1947-01-01,1999-11-01,20db82a55b820b379fc4ae86c9b794b54503abe6e1c1db7cdcc8276d91c254c1
CPIAUCNS,2000-01-14,636,1947-01-01,1999-12-01,2830dfff34e0823715dfe0cb38de752115376e0d045a78245157afbcd25320e3
CPIAUCNS,2000-02-18,637,1947-01-01,2000-01-01,97d1d86ca8a43275ac9cc41cae54aaf360099471377661748eb916dae57a187c
CPIAUCNS,2000-03-17,638,1947-01-01,2000-02-01,79be9d59bbe15b79cd08bae55f61817b841da3478ffa1d27533ba4ed67f88cc4
CPIAUCNS,2000-04-14,639,1947-01-01,2000-03-01,f9ecd2fb24852210d849ee862d7be1ed8e11781eba5857f52bbe146744e052a4
CPIAUCNS,2000-05-16,640,1947-01-01,2000-04-01,d90fbdfe1698a975c7352ac477a74f031acbb42708349124feb71fea3e1a9d4a
CPIAUCNS,2000-06-14,641,1947-01-01,2000-05-01,d15404250d1172912f25439f1e481b61c6aba08dde76f94b8344044887ff4e8a
CPIAUCNS,2000-07-18,642,1947-01-01,2000-06-01,cef28afb4705a0fbfc0fc2919b15cf590cc30757a51f403b9d83fc2f38cc211a
CPIAUCNS,2000-08-16,643,1947-01-01,2000-07-01,c77c9ecab9616239ce041bf15394f5981f5282ac96b1c67ca5442e750bda2f9e
CPIAUCNS,2000-09-15,644,1947-01-01,2000-08-01,b52719d6139198079b692db02b9537c9717ebb173ce39ce318bc4eecacee6f5a
CPIAUCNS,2000-09-28,644,1947-01-01,2000-08-01,96f87163955629ac0977a1bbee9ffcc4bb2a296ee568232afe31741c5c7cf35c
CPIAUCNS,2000-10-18,645,1947-01-01,2000-09-01,c17eb50a791ee59eeb71bcb6168f30b9f7d65e9a216e03266ec71495eaf3a4dc
CPIAUCNS,2000-11-16,646,1947-01-01,2000-10-01,88e2275d1b7b804810717be0c7e08f98e3c894d23192dbda16f34507b4360b69
CPIAUCNS,2000-12-15,647,1947-01-01,2000-11-01,87107359ff14f47013baf6b43cf824cdbb26dca1a08f8618b0cd10d43a0e8cf8
CPIAUCNS,2001-01-17,648,1947-01-01,2000-12-01,169ddcffa65676e172f4587c0cb82ec78dfdbffd132698dcc6a23cb9b627d810
CPIAUCNS,2001-02-21,649,1947-01-01,2001-01-01,fd1ecda3d1ab630fcbe47d81f28c47146cfc463f03aeb03d739daae508e38fda
CPIAUCNS,2001-03-21,650,1947-01-01,2001-02-01,416e6baf8fc5962d629f27dbb3fa3127e34ee0064e53c9e53c8e2b337ba1e9d6
CPIAUCNS,2001-04-17,651,1947-01-01,2001-03-01,f1d9a5a27ee8958350e157944d7d821f22bdf23df52feaff7428a6e9318b9337
CPIAUCNS,2001-05-16,652,1947-01-01,2001-04-01,a1dd3b1cad3372ae7f445fc587e5fe3d0e73b3f78ebee98366c2adc292aa215a
CPIAUCNS,2001-06-15,653,1947-01-01,2001-05-01,f7dc7a89ec35069a600cf9e75e3549b0aa5fbc3d8b7f4e802d4f765c6b1ac406
CPIAUCNS,2001-07-18,654,1947-01-01,2001-06-01,eba4fa9d347f3841fad26bc0d5e178c64b215685c6609fc8182d1e34f65b58b3
CPIAUCNS,2001-08-16,655,1947-01-01,2001-07-01,53a3ff17c7edadb42c9ed07629ac19a9e634012b7c8ebf081d7b4e8597cda0c5
CPIAUCNS,2001-09-18,656,1947-01-01,2001-08-01,b5d23a9b6035459e65b470f1ffb4bf8b3f59ee95602610aa0095fe5ac4c7f529
CPIAUCNS,2001-10-19,657,1947-01-01,2001-09-01,fed0ae27b9c833d63a735464e57dca6f9fc9d5e7c46beb697033ab56766b27b1
CPIAUCNS,2001-11-16,658,1947-01-01,2001-10-01,86fb364e0099af0d477e9f77acd8db69a90d2d0edfb2fa4f5b200d34fb85b528
CPIAUCNS,2001-12-14,659,1947-01-01,2001-11-01,8dd0dfa7677d05ed7c51a2e81fef9a3b42da8cc403dfa25fdac54b0304150eb9
CPIAUCNS,2002-01-16,660,1947-01-01,2001-12-01,53715ad01329905a008ec783df43685b83304653cdfcd2dfeb1d773a3a4fb07a
CPIAUCNS,2002-02-20,661,1947-01-01,2002-01-01,e3aceff3446255af574d8487a4410edd3404147c2258adcdd3cbbee757f20274
CPIAUCNS,2002-03-21,662,1947-01-01,2002-02-01,246b9e384353874b34e88a7576cfe2edf56f8a5630aa3f70da6cf1da06d5e111
CPIAUCNS,2002-04-16,663,1947-01-01,2002-03-01,6f9bcf91769a51d35c6ac45e476056ab8a15b5a6e50cfd5fe681adcbc199c7e1
CPIAUCNS,2002-05-15,664,1947-01-01,2002-04-01,ab3d4bb6f53841df0a0d33bbef0089ed00078f5a7f204c9f70e85ede299f1dc8
CPIAUCNS,2002-06-18,665,1947-01-01,2002-05-01,55effb162d3cb1efa8abf4abdcc63d4753bf7789d0e71fc8734536e2e28db053
CPIAUCNS,2002-07-19,666,1947-01-01,2002-06-01,1122ce43ff2f711c4dfa5c2c8716fcb605b57ee4af42aea055e4bc86906e8230
CPIAUCNS,2002-08-16,667,1947-01-01,2002-07-01,2ffb337c1f964ba5dda444f965b0e4484bf67b7bb97f48cf0060551c5df46e8d
CPIAUCNS,2002-09-18,668,1947-01-01,2002-08-01,14ea11d75c7de58be2d1320f10c222afa766eec84cfb36ee37da678f8e1f7860
CPIAUCNS,2002-10-18,669,1947-01-01,2002-09-01,f649290ebd1f3e890c539793d97a3a26421e5696e9e0dfba1f8046d814376a95
CPIAUCNS,2002-11-19,670,1947-01-01,2002-10-01,a32a31cee4fcc3f17cdb7113e770f22d016a4d6f799adedd7cce0e01c6e2b7bc
CPIAUCNS,2002-12-17,671,1947-01-01,2002-11-01,4dcdd2f9dfd71c663dbb762c87dbb57861a4972a059ec23027275ec979332a5b
CPIAUCNS,2003-01-16,672,1947-01-01,2002-12-01,665cc68842e2393ba2485bfc454871b761e2e2ac49cee3d8b05efb355173bb30
CPIAUCNS,2003-02-21,673,1947-01-01,2003-01-01,90732238101afd46d5989e06cc82ccb9b8845e7875d84281e202cbee45dc0296
CPIAUCNS,2003-03-21,674,1947-01-01,2003-02-01,92f185848a98fcc1438b77c39586caa85bd39eeada0e593c0f9d1794ea3d6f9f
CPIAUCNS,2003-04-16,675,1947-01-01,2003-03-01,01b37014340f4c9729b9eb11ea0775d0fd9e6f8ad82eb3ca21e3381b147b1d88
CPIAUCNS,2003-05-16,676,1947-01-01,2003-04-01,2295ede7705db653c206a6d6dde3843238092f54622e3816924a1fa0abb17bd0
CPIAUCNS,2003-06-17,677,1947-01-01,2003-05-01,e3a6fa596078f40a16b42403c134407238e165f193a52927b656257419e44143
CPIAUCNS,2003-07-16,678,1947-01-01,2003-06-01,d3e60b4c2bcd18490a6a38699787436036a75aebf7e987383feb8793b0203a38
CPIAUCNS,2003-08-15,679,1947-01-01,2003-07-01,515e42b423bb4e96f6f734abec746a7a46ee00541e452988a515a77ca824a63f
CPIAUCNS,2003-09-16,680,1947-01-01,2003-08-01,255ecb2511c35f83dd54d3e0e8ff8b58aee2be173a2d517c8cbf7bce6357b83f
CPIAUCNS,2003-10-16,681,1947-01-01,2003-09-01,af81199cd8bbe92ae2ed471dbeac020895c2da28f6309613b9d4a66e6c058d5f
CPIAUCNS,2003-11-18,682,1947-01-01,2003-10-01,0996f5a84d834a0007dacc931bd18233d93afc84a64f19a414adb7591952685f
CPIAUCNS,2003-12-16,683,1947-01-01,2003-11-01,93d288c670907297e6711039701f7af23c9295fba3fac24cc05ee2488e90d46b
CPIAUCNS,2004-01-15,684,1947-01-01,2003-12-01,4ca6f150ecd00f7ae14188da4abf820dce2669d0541927871f9628ae5d5bf8d4
CPIAUCNS,2004-02-20,685,1947-01-01,2004-01-01,05233b3a152452c71e0efc3e3ec08e90e952a72f24786a18fa52be50195fc12b
CPIAUCNS,2004-03-17,686,1947-01-01,2004-02-01,b609dbbac14a06edd857003bc639c74acee702becd53b589b75263a00c41ceb9
CPIAUCNS,2004-04-14,687,1947-01-01,2004-03-01,9ed16090cb4928ea441a3ff4faf6534916cb4c3a88eda8f00cb64f1b0b60ae01
CPIAUCNS,2004-05-14,688,1947-01-01,2004-04-01,fcf07c958c19afb7a3cf1cf41a0bca192e63d7373389e237b8a50616e64678c6
CPIAUCNS,2004-06-15,689,1947-01-01,2004-05-01,b46a965060642379f8fdda9d4264cf09392c0361dd307731bdbd2a3ae3d73cf9
CPIAUCNS,2004-07-16,690,1947-01-01,2004-06-01,73d449e56740a3731504f6b63da705a8484043487c181017c4e9c96f02c55f8d
CPIAUCNS,2004-08-17,691,1947-01-01,2004-07-01,353933d4ea54353299f5a2024ef65701aef514d0bbeaab38e56c14447245fa24
CPIAUCNS,2004-09-16,692,1947-01-01,2004-08-01,33da3a952418de37306ab7dc5b5429c638f7eedfa201ff57b1151de447b59ad3
CPIAUCNS,2004-10-19,693,1947-01-01,2004-09-01,423a6e21488aa0f365152ffcba322d7f07c2d9004be43d65e61ee955cf899360
CPIAUCNS,2004-11-17,694,1947-01-01,2004-10-01,9cb953200805cb0e33b9733339b3bc36eaf97aa73ff1cc4dff51751bf67c7e53
CPIAUCNS,2004-12-17,695,1947-01-01,2004-11-01,2f57e92123ece146d9926d11c1eea9707fe18b703b2fcd7651a1495e972a79f2
CPIAUCNS,2005-01-19,696,1947-01-01,2004-12-01,d3f2c1733f7ba235351c4d48aed6137d44879a1c5c9af378aa6c886ffe0d2be3
CPIAUCNS,2005-02-23,697,1947-01-01,2005-01-01,3e5493c05fa6261f519923329654e716db628811b3fbeca5b11efc83039f9023
CPIAUCNS,2005-03-23,698,1947-01-01,2005-02-01,0b080d892dd9a8c13a3a44de70019aa226cf6a509bb33619c527ecce1fc323f6
CPIAUCNS,2005-04-20,699,1947-01-01,2005-03-01,802587eaf8044d1bcc964837211d0e05b59e79c861e2ab47c42ae180932c3d4e
CPIAUCNS,2005-05-18,700,1947-01-01,2005-04-01,7e3f96b8ae02bdb4ca891b5d0264aa06c5f1a34f8cc0dec7791f010253435111
CPIAUCNS,2005-06-15,701,1947-01-01,2005-05-01,bcb6f148cf89444af4991f87c22ccf1f3469a8eb4afd023ddfe39da796b70cca
CPIAUCNS,2005-07-14,702,1947-01-01,2005-06-01,f85ca112f2f87988eabf9ef09c000bb94b8e6c97a4b6a49e0a24117cab0990aa
CPIAUCNS,2005-08-16,703,1947-01-01,2005-07-01,6d2742551eb9cb98385bca5232c1e14dad65e41dc1d537d67ac1c5c544c618a8
CPIAUCNS,2005-09-15,704,1947-01-01,2005-08-01,265bcd8d749cfb2549e9a0844b871e36f44d19449a9e276884b645326fe8c9e3
CPIAUCNS,2005-10-14,705,1947-01-01,2005-09-01,f47848dab84fbe662c272a2783a45861023f242c7f8c70fe1013d3379ad0f575
CPIAUCNS,2005-11-16,706,1947-01-01,2005-10-01,90884a4149bb5e90937de9d0f97cd6f34cf75bef14dbbe2b94bbf0ffb8c592f7
CPIAUCNS,2005-12-15,707,1947-01-01,2005-11-01,5948f55bf29c686e0c8b3202241d1cdbf8b162025d46a99aed2d2e696e9b7f52
CPIAUCNS,2006-01-18,708,1947-01-01,2005-12-01,25308c31d86ad675c4c9873882232d2ace49941ff8b305074c13bfd5b91407a8
CPIAUCNS,2006-02-22,709,1947-01-01,2006-01-01,e4225338aa011f6bb802c70a455e5dd638c30fcfaedba2c6faa976c949b72863
CPIAUCNS,2006-03-16,710,1947-01-01,2006-02-01,c28f4f091e8d722bed2166244b898998a87b4d9bf954dfce536e9d1bab865f79
CPIAUCNS,2006-04-19,711,1947-01-01,2006-03-01,0ba902438bae249d5aee82b97f579b964714180e7d7fb8b29f72da0c4a660ea9
CPIAUCNS,2006-05-17,712,1947-01-01,2006-04-01,ea67752a34044cf777d3959aa4d5d6c8185844b25ff0742aedff94b83a03e1d7
CPIAUCNS,2006-06-14,713,1947-01-01,2006-05-01,5e1dbb7188269bf7faf570c259a3444464541201154de7162fca84e7eaf7db05
CPIAUCNS,2006-07-19,714,1947-01-01,2006-06-01,ad42104292f24b47f333e4a6f3869459c21d0c4bcb50a8b1802deb9f11ad7c50
CPIAUCNS,2006-08-16,715,1947-01-01,2006-07-01,371f11aee573e20cc9a5eaec956467366b3c53aa40f3bd6681f8c251351893a6
CPIAUCNS,2006-09-15,716,1947-01-01,2006-08-01,8c724682a47736bb4cca4341a4778bf651b093ebd3b9d26ded90b4ab82b9fae9
CPIAUCNS,2006-10-18,717,1947-01-01,2006-09-01,940c4e7e9075f200de3689142ea4f4cfd702bc0e74879fd9a5d0924d068bca8b
CPIAUCNS,2006-11-16,718,1947-01-01,2006-10-01,96ed0703979d60557a70b25540c3dcb7872880cfdc0acbe74f210749a88b3bf5
CPIAUCNS,2006-12-15,719,1947-01-01,2006-11-01,60b56a6bbd19cc0441e0d71c5f9146bee48384cee15385fb6df971d5632c2f9c
CPIAUCNS,2007-01-18,720,1947-01-01,2006-12-01,726661c51695528caf69ff5ed8ef2c2a26981e04a7f1cb267ed4e33ac25d47ed
CPIAUCNS,2007-02-21,721,1947-01-01,2007-01-01,4d98345770073fc4afcb336256fce86564ad077f0957e3862d45eb732f1e5cd5
CPIAUCNS,2007-03-16,722,1947-01-01,2007-02-01,db4eb5d447232d1f853a6986f14e491d0b49a2f5ab9ff905ace395e536627869
CPIAUCNS,2007-04-17,723,1947-01-01,2007-03-01,ae7263f9cec9cbcd8f66af0392ac1b9579adc5499e9b37f00f3645b174f35dc9
CPIAUCNS,2007-05-15,724,1947-01-01,2007-04-01,bb89bc3122edf9c66583b508e33077e525e08dafebf0d5e4b8f133b06937389c
CPIAUCNS,2007-06-15,725,1947-01-01,2007-05-01,f6dab8ae8e1a8670aea2efacaa4dcd9488c45dae02163bfa07db8f01b332cf8f
CPIAUCNS,2007-07-18,726,1947-01-01,2007-06-01,f670c57cd56f838b33514fa5854d85c488c954133e862d679c989bef826a87c0
CPIAUCNS,2007-08-15,727,1947-01-01,2007-07-01,0a80c9bf0f801d9ac365dc24b2c169667b81cdbbae4520c502b5a134c484e889
CPIAUCNS,2007-09-19,728,1947-01-01,2007-08-01,ba52db2e7ba3d53f34734d1a641c204ae752a0753561256dbbdedb6b4bb911df
CPIAUCNS,2007-10-17,729,1947-01-01,2007-09-01,cc26d53e34e597ccfd5813e592826ea46a04d3f486460b0d93580885886d8cc9
CPIAUCNS,2007-11-15,730,1947-01-01,2007-10-01,3b14d3d4df8bf4cec75bb4060e575ffe5b777dea9e7100fb6d98bc4ebc35f23a
CPIAUCNS,2007-12-14,731,1947-01-01,2007-11-01,1aa5dc783133bc5c33c12c4e22b335188cffe55fdda80c2129609615f12df55a
CPIAUCNS,2008-01-16,732,1947-01-01,2007-12-01,b1c49c1d4575f770b3052cfa38d1f82b8e609beae5ad690ce521968208736fcb
CPIAUCNS,2008-02-20,733,1947-01-01,2008-01-01,4b5ec2c5fd3d86809c86d9fbb3ac239dc3f675bb48fe19dab80ef9b525c86c7f
CPIAUCNS,2008-03-14,734,1947-01-01,2008-02-01,203c5cb21e5eeecb0f8df47f1db4ee979c6c79d8571da8d3d580e379e68214fb
CPIAUCNS,2008-04-16,735,1947-01-01,2008-03-01,a62568050eaf04450ee86a9cf05d4eb6ef3fe2d87f2a8883f083d9cba6d657de
CPIAUCNS,2008-05-14,736,1947-01-01,2008-04-01,a046b84aa3d0f9bafc70a2e709b47c1a5c4d47ce1dbb417da07dcc9f36cadad0
CPIAUCNS,2008-06-13,737,1947-01-01,2008-05-01,6bd9e8e531ee4df3b729e463fa0be07b83887525c94c1093e45268b882b52746
CPIAUCNS,2008-07-16,738,1947-01-01,2008-06-01,b8b8e5ac313d52962730b2f455def364e3a8645e4c01a008e1d1807c9ef63dfb
CPIAUCNS,2008-08-14,739,1947-01-01,2008-07-01,5c14e5bab1dfbd6a472e45bde495a062960db382f47a90b216f6a8ed1cacafb1
CPIAUCNS,2008-09-16,740,1947-01-01,2008-08-01,76e3204f2b5a9831a439262419503b3a0be781b3ce2ef2459d10f9920c659ad7
CPIAUCNS,2008-10-16,741,1947-01-01,2008-09-01,c4dc844a0373ab0e896c4f2e28be239ae0f2ecccc7ac5b79949c653dbca4b461
CPIAUCNS,2008-11-19,742,1947-01-01,2008-10-01,0d9393752ca4be3c01c8984dd67396cfcf80358003378945cb9ea67e71e1c98e
CPIAUCNS,2008-12-16,743,1947-01-01,2008-11-01,c62792371c2b3f1714e8be8809bedb258bb4b3ff9761fff6a22b3ee942f36c5c
CPIAUCNS,2009-01-16,744,1947-01-01,2008-12-01,37b7968a560bcf77a3fe02d2ac656c5ad032c7a2e3eab5e9c08f3b82c202aa6a
CPIAUCNS,2009-02-20,745,1947-01-01,2009-01-01,1888059ab58e453ddd458047b7d325cccccfb7193f5e2981e43635223391924f
CPIAUCNS,2009-03-18,746,1947-01-01,2009-02-01,cf5d62a82b4b244a940830e7e8dfa71394bb80fbddd4c10164ead0a369c63574
CPIAUCNS,2009-04-15,747,1947-01-01,2009-03-01,44d2a1aa09ae918f37468b82421b57bbed8b3dc047832c76e3fb94965aae85ee
CPIAUCNS,2009-05-15,748,1947-01-01,2009-04-01,5032082d37262c053a348b2d691eacf46e3754f14001a56f891d8198f40c5395
CPIAUCNS,2009-06-17,749,1947-01-01,2009-05-01,396227e5975528289fa957e4d439d8401ff32a9173af748e7e6d26d556259c2c
CPIAUCNS,2009-07-15,750,1947-01-01,2009-06-01,cbdeb4f9c84184410c3092866aabf0558775ddc804e689cd82c335f9dee6677a
CPIAUCNS,2009-08-14,751,1947-01-01,2009-07-01,e1994a64e7ad477d75cae7a957848766a423b05dee2396a54acfa1d435ca8002
CPIAUCNS,2009-09-16,752,1947-01-01,2009-08-01,85a03ad69e1f60078f3db185612988191a95722aa5af33390a0e398fb3496da3
CPIAUCNS,2009-10-15,753,1947-01-01,2009-09-01,f292b466c0951a1e61c55592a3f009bac3ced774e457a50908dfb7894f4b4a75
CPIAUCNS,2009-11-18,754,1947-01-01,2009-10-01,4580725c199a8a4eb76d93553e4acc4aef7aa00164b27e1481181363cda563b4
CPIAUCNS,2009-12-16,755,1947-01-01,2009-11-01,c367dad33e5606b6c0d3979ac12424627d0b7e153c241299ac8992ff844749e6
CPIAUCNS,2010-01-15,756,1947-01-01,2009-12-01,eca3334de791fea73ab910e20552fe144782664df2b496ce97eb451ad6d66b88
CPIAUCNS,2010-02-19,757,1947-01-01,2010-01-01,a7167f57a28bc6faad158e67e68d76e98d50c3fa0d2d245230c30fe4fe8cdc08
CPIAUCNS,2010-03-18,758,1947-01-01,2010-02-01,8cc6b694f9a310dc063c183f9f65a00ca0852dd1f717950a3a02b130309080c3
CPIAUCNS,2010-04-14,759,1947-01-01,2010-03-01,67dc2fb053cd42c25e6b12da8f85662827a6a1b2845f88b0077a19d58a580874
CPIAUCNS,2010-05-19,760,1947-01-01,2010-04-01,5d1021ee303a16cd4d1d6dae7f4d746be5981754edff1ac2b895052fe109b38c
CPIAUCNS,2010-06-17,761,1947-01-01,2010-05-01,95fde9960aa40f9dfc1eb9d7a1d1f9c682956c0f33686c3699d7bd5f94b21846
CPIAUCNS,2010-07-16,762,1947-01-01,2010-06-01,588c221d858042ec876d6b0ef8623061f99301fef6f4e50bd420cb0608e2a6a9
CPIAUCNS,2010-08-13,763,1947-01-01,2010-07-01,01ee2d5326e8027c50760446ca0d763d2703d2c0670547b625ef6e375c86f949
CPIAUCNS,2010-09-17,764,1947-01-01,2010-08-01,0e2ac28ce2edbe8c0f8e0676afaaa8ed17376852c5ef84a980ad5f125af185da
CPIAUCNS,2010-10-15,765,1947-01-01,2010-09-01,f4376d1101596e177ffb4854b4647c46eacafbf8cae8b27be6ebeb7547b6a1fa
CPIAUCNS,2010-11-17,766,1947-01-01,2010-10-01,87689e3ed5d7f6b9372c38d5c3179dba8763f6acfe04b4a1fae9d7d66fb8ed40
CPIAUCNS,2010-12-15,767,1947-01-01,2010-11-01,f300a05bacb16bcf17fc7adcd451daafc5dda10e221db10d96e59693e70546de
CPIAUCNS,2011-01-14,768,1947-01-01,2010-12-01,6220ca01a678e6fab192ee8fe910838f2d5f1d346cd3dd5f6984ef1453923838
CPIAUCNS,2011-02-17,769,1947-01-01,2011-01-01,42763e358c3c979d18a53b8369e74fcbc13fa5aace4125c12ccea3ef6b8464ed
CPIAUCNS,2011-03-17,770,1947-01-01,2011-02-01,4bb7262219429cc46f53f10669ef2dcb78b3010da2b285f8cfbe9854050b552f
CPIAUCNS,2011-04-15,771,1947-01-01,2011-03-01,a47dde9dffa2cf85464707ace508f63efdcd23d12329a3de32d1d3d4bb809326
CPIAUCNS,2011-05-13,772,1947-01-01,2011-04-01,8c69e682b9009087f38be4865e7d6bbcd0a49feca030d05f361410da9b90ac33
CPIAUCNS,2011-06-15,773,1947-01-01,2011-05-01,90f9e3ae58af74e275f85c745279658a0c744511684600bdcddc1a347fded924
CPIAUCNS,2011-07-15,774,1947-01-01,2011-06-01,59006f9d048a3f104b35d74f6a7b11f797377cc3f1322a03fe8e3421bde07795
CPIAUCNS,2011-08-18,775,1947-01-01,2011-07-01,c8ea38ecd17d26a95596f04604352158b312d3f2de674f39c5fe2f1dfdc7fd9b
CPIAUCNS,2011-09-15,776,1947-01-01,2011-08-01,5103ea5ad5c4539b6581b40cb6249e35345a796d90246573c5383980db58c25f
CPIAUCNS,2011-10-19,777,1947-01-01,2011-09-01,fd13df906ecad1ac86ae3e88696570a37ce650ef09ef8c9171baa9df292501d0
CPIAUCNS,2011-11-16,778,1947-01-01,2011-10-01,4e862577b9cc02879cfd88935d764f8c157b2b2bc3981eb9b95915ac644f336d
CPIAUCNS,2011-12-16,779,1947-01-01,2011-11-01,ee415ef18406492d6f55ef0582094a4699a976b6ca999ec034d5aa54835e29a2
CPIAUCNS,2012-01-19,780,1947-01-01,2011-12-01,01e89a01bd282a086460ba6ce83d437e0dba8d69a5b7f05188072a96c779d3ec
CPIAUCNS,2012-02-17,781,1947-01-01,2012-01-01,c7befae94cb73093c32eeaa5e9991c0b9bbfa8814980a3da91078f08402f7faa
CPIAUCNS,2012-03-16,782,1947-01-01,2012-02-01,4f6f0e6d1cc33c5b7e23f4eadaa90165b3c9783e8c425cecd88d955f70542c68
CPIAUCNS,2012-04-13,783,1947-01-01,2012-03-01,ddd162aa1b56f4bc29bd6c71b98e413b13918eea0293ffc05b5ae23d81b5b806
CPIAUCNS,2012-05-15,784,1947-01-01,2012-04-01,2a7ae3a84098e49f8a8d5e3181d7b97b2fa2859cd6277f42591622d9c3c7bda2
CPIAUCNS,2012-06-14,785,1947-01-01,2012-05-01,9fa5259d9d809b51e65fc8ff2e6e4cf7029d2623b8677f7cfd061978df7f62c3
CPIAUCNS,2012-07-17,786,1947-01-01,2012-06-01,7ce2ba60b832691f92b040a711ebe6bc029ed0ff83c96d8e18ab85f55dbc4bac
CPIAUCNS,2012-08-15,787,1947-01-01,2012-07-01,5c63b1e7140970ff8e137a4efb185a10a91b27f3548bd8c19b7faa29f47ee396
CPIAUCNS,2012-09-14,788,1947-01-01,2012-08-01,b5b6b225bbad4acad7df762fd8cbfed72462814da729d6d855c9c278d5b7714e
CPIAUCNS,2012-10-16,789,1947-01-01,2012-09-01,903ad27a02bfe02f47ad90e44539e9d52d72ddd08b65e98c525aeb77a45b0fa7
CPIAUCNS,2012-11-15,790,1947-01-01,2012-10-01,1b4615effc3b718f542fa85b4e9aa5e4de029a9414f61ff0d7c6434a17abf77c
CPIAUCNS,2012-12-14,791,1947-01-01,2012-11-01,47522a4f7a715c456af2b151831d012db4ed90865d373b6714ade2544b544a47
CPIAUCNS,2013-01-16,792,1947-01-01,2012-12-01,d98d183adc7eeab297ac672747f48d527a22c48630231f21c74b746ecc1852b3
CPIAUCNS,2013-02-21,793,1947-01-01,2013-01-01,1487b08b860511b1ba0d1669bdbe4ec89e7205e867644dce10a274d8b9c11ee2
CPIAUCNS,2013-03-15,794,1947-01-01,2013-02-01,36cd9ffe2c9ac9b1914c3d02ea8d616e4cfdf5b54946bbdf396715f0417cd214
CPIAUCNS,2013-04-16,795,1947-01-01,2013-03-01,6f550e3729401e1e37c25c1b2ba39bda3eac2490ee3a6e27d3ee417133058f27
CPIAUCNS,2013-05-16,796,1947-01-01,2013-04-01,f97d02ae5e63272b5e7dac71dcc8222a0d72b258c7c523c574eb4944e2ee2265
CPIAUCNS,2013-06-18,797,1947-01-01,2013-05-01,46758a1945930a37f97778705921547a53dd5015034d1d06eb50b1b861150e5b
CPIAUCNS,2013-07-16,798,1947-01-01,2013-06-01,6305276dd21db40f0228aca296f95f0ac6bfe5a463a387150864fbbe2755831b
CPIAUCNS,2013-08-15,799,1947-01-01,2013-07-01,1813876c1787612ba59c4913c683f0ec2b99ad3d1b7f49055e4cc456277d0a53
CPIAUCNS,2013-09-17,800,1947-01-01,2013-08-01,191d65927b31ec2de323150f520968e9dd97d46956e090ce6e30b5390ed95b50
CPIAUCNS,2013-10-30,801,1947-01-01,2013-09-01,211009b20208e02338d85e12ce0d596c404728a684a1bcc697bfd02a63fa5e5c
CPIAUCNS,2013-11-20,802,1947-01-01,2013-10-01,599c2f2caeced2c48beea6e1ad553de14986c5ed59da796e95d84c4acc9e536c
CPIAUCNS,2013-12-17,803,1947-01-01,2013-11-01,4c25f77d0bd0855e82ec758bb8fba63a1e72a7e4db9a4b8df1d00ba39722e55b
CPIAUCNS,2014-01-16,804,1947-01-01,2013-12-01,5693f6e16e7fd59ce378ee179ac8e5de202ebd220db58c64e60c9a78a7464c96
CPIAUCNS,2014-02-20,805,1947-01-01,2014-01-01,6e4091609a60416de2cd1344fff2f335689dfa19ad64ac2ebc8d34dd6b8d24dd
CPIAUCNS,2014-03-18,806,1947-01-01,2014-02-01,e3f2e2c50f3d42987dfd9248a68d328e2252a2e9006dad9e8a8b6ae968ce92b2
CPIAUCNS,2014-04-15,807,1947-01-01,2014-03-01,c40da775a6181b01427109f1908f790961041008621db7426ad828834570fb5e
CPIAUCNS,2014-05-15,808,1947-01-01,2014-04-01,95b46b0a21542d05258dc78b9bd5e3ac4837e3d4ea42e677d34e7d299cf37a64
CPIAUCNS,2014-06-17,809,1947-01-01,2014-05-01,82934eeca7f1b6d17bb3649a2f7b208d77a7903f33436c57ea7ca8edb6baff9e
CPIAUCNS,2014-07-22,810,1947-01-01,2014-06-01,91828f70e030d6055c2b0942bd95cfa95c26f684e38c70afc9ae75127b79d641
CPIAUCNS,2014-08-19,811,1947-01-01,2014-07-01,b1b803b0358a388467c5f17b9a2c0499f9ef406d35f420a6eff7042179261c80
CPIAUCNS,2014-09-17,812,1947-01-01,2014-08-01,7f39de46fce569b97488b047ab49adcd088a9fc9b83ebb2cca4286faffa2543f
CPIAUCNS,2014-10-22,813,1947-01-01,2014-09-01,5a9231991012c07b73f11650f14ab861c72d8e00850491c3ffec83624544ab59
CPIAUCNS,2014-11-20,814,1947-01-01,2014-10-01,aa7e9b280439b6a5410574f7724ed60559515e294cb40eaf1af969a61afe8491
CPIAUCNS,2014-12-17,815,1947-01-01,2014-11-01,0ed10997250a5a7fb3e3f7bf307a5753967b3a118a51797ecd19344d4702e97a
CPIAUCNS,2015-01-16,816,1947-01-01,2014-12-01,7076cf2b28840e4b5ea83aaa4606cfa12dec5e9ca97d817ab2df7b37f1ade5d7
CPIAUCNS,2015-02-26,817,1947-01-01,2015-01-01,62b00d85d7b8de18e39ff419e47754e50a80a03b168411389f8e9117f2ea74d7
CPIAUCNS,2015-03-24,818,1947-01-01,2015-02-01,a7d9edb551abd417b65739828db354ff6a8846e946ddf9912e56bf8b0ca27a17
CPIAUCNS,2015-04-17,819,1947-01-01,2015-03-01,e91896c6402a2d1fb6a3081def366cb981b70e08fd8028cd14335b8a4a696fa0
CPIAUCNS,2015-05-22,820,1947-01-01,2015-04-01,4150517195899f794a3d10bd1d77ca6df372fa6c912078b9760e51808c4912ef
CPIAUCNS,2015-06-18,821,1947-01-01,2015-05-01,f0d01cb75938351290d21ae9108280145609eb8d351416e68ca744f6c6ab7c63
CPIAUCNS,2015-07-17,822,1947-01-01,2015-06-01,1dd3ce93826753a44132877aafaaf146649e00324281383227802ca375e7eb6b
CPIAUCNS,2015-08-19,823,1947-01-01,2015-07-01,d27f070907697edb018c70482827c28626f4f999d0c43adf6f9d821a7ad51c70
CPIAUCNS,2015-09-16,824,1947-01-01,2015-08-01,b43ec84073790eeeff6269ff9caaf5f03af2271155247998be65f21f6834b5f7
CPIAUCNS,2015-10-15,825,1947-01-01,2015-09-01,0a88aa1de04eeba4e2a1161376197be6f554f19e23091cffcd121f8cd92d32df
CPIAUCNS,2015-11-17,826,1947-01-01,2015-10-01,06079f29a39b0fdc9516f8c7fc448a3d5a61824208e8d51580b21fa7e277cb39
CPIAUCNS,2015-12-15,827,1947-01-01,2015-11-01,b3b6ce06db6da5290a785c84f3b1191b8babcf77c515472b0c7308c2a5d15d35
CPIAUCNS,2016-01-20,828,1947-01-01,2015-12-01,d68ef279944fadbd23785d0f175794929cacdc7d461722ad0ed22eab81bcc3c1
CPIAUCNS,2016-02-19,829,1947-01-01,2016-01-01,415c49e416002e63ab23e2720aaf891c8a35ad99a1340b9a6ebfe5a4481322b3
CPIAUCNS,2016-03-16,830,1947-01-01,2016-02-01,607926b037130829673c7e6345bb39d3578b7a8378727ec5656aea98db4c4804
CPIAUCNS,2016-04-14,831,1947-01-01,2016-03-01,1a0da530f04f59412144e06968fc23276eb4ccdf001134f902f58d9b4fb72f07
CPIAUCNS,2016-05-17,832,1947-01-01,2016-04-01,b949998bac89ee01ae2a5c534da5b9d940afd88e4754ed1796a66a68c62e7f98
CPIAUCNS,2016-06-16,833,1947-01-01,2016-05-01,2788f0901d34e314a09697e7773311ac2783b77cbca7970c8886a6281ed44343
CPIAUCNS,2016-07-15,834,1947-01-01,2016-06-01,7dd4473c33dcfdd200d3ce36cad978e5a63469cedf6cd9a10a8a1c8515a845bc
CPIAUCNS,2016-08-16,835,1947-01-01,2016-07-01,9ceb10f325357358db821c6f27de1f4ef1b0a5b7eecd30608ae5556f4b12c703
CPIAUCNS,2016-09-16,836,1947-01-01,2016-08-01,b078e00fdd116779b8d4ba555393c7e7731f40d38bd615e041a8f15a998f2703
CPIAUCNS,2016-10-18,837,1947-01-01,2016-09-01,9a06c1f531026959638216aaf0a07ea08c09f7e6dc36c9188578fa7c5e87a656
CPIAUCNS,2016-11-17,838,1947-01-01,2016-10-01,1042efe2e97638febc87ec8d6cfc02c8a778f01e136bc3dea982ed18502409e7
CPIAUCNS,2016-12-15,839,1947-01-01,2016-11-01,cb04cdb17cb2be11e904b7878d2693daf7b0e12c7cf4057b91583d95062189c0
CPIAUCNS,2017-01-18,840,1947-01-01,2016-12-01,e56eef6067f80af1fb29a02d43b8b824917e9d025174bcaa9fa2ec1cfd928efa
CPIAUCNS,2017-02-15,841,1947-01-01,2017-01-01,e397e736c0e0c1a3be9e55abaf896d2f10bb09fbd5c887047c61e3637fbb4b7c
CPIAUCNS,2017-03-15,842,1947-01-01,2017-02-01,198539da906adbb618a44f42e346dc408f124d9b63e39bc9dd6a02b2d2908649
CPIAUCNS,2017-04-14,843,1947-01-01,2017-03-01,8e38c90f73302d857662d758c23e4914e28af7e96eae7ff0663f29a7325019a4
CPIAUCNS,2017-05-12,844,1947-01-01,2017-04-01,fab5d34ca15aa33f7ba9bd19e37faf508f891e1399be5147be1be4b32e505ea4
CPIAUCNS,2017-06-14,845,1947-01-01,2017-05-01,54b2b13e56dd747a34bb4a93d3c2f35d5f2733c973790ab23040204a2f2981fb
CPIAUCNS,2017-07-14,846,1947-01-01,2017-06-01,e18207d11440b348075fdfa3eef26c5a7984eb906eed6ea620061107e0b23007
CPIAUCNS,2017-08-11,847,1947-01-01,2017-07-01,3b6771e90092aee7019d56589551f7640281c34905f99347f840626b5d55882f
CPIAUCNS,2017-09-14,848,1947-01-01,2017-08-01,4e3d8d075bdbbeadf36c48bf429f47984ce4336b08ea7e2c2484ed51dd5ed656
CPIAUCNS,2017-10-13,849,1947-01-01,2017-09-01,9c603244d4be0b03aa372bf1fa930449be46685ac08c6304c17eea9151945ab4
CPIAUCNS,2017-11-15,850,1947-01-01,2017-10-01,59b2b432bef05c7481e67413acca5f2b7d6367738e371a114c1b37f08c16e321
CPIAUCNS,2017-12-13,851,1947-01-01,2017-11-01,b318b0caaaa477fd331ec7593b2eb4124cbad18073201d49dd108284801186f2
CPIAUCNS,2018-01-12,852,1947-01-01,2017-12-01,21f1bd85f77177dc810120c349e2dcb4567ab7d10e44d696253958b189483e43
CPIAUCNS,2018-02-14,853,1947-01-01,2018-01-01,46acaa1985db64aa7d60d1122f353abb93968db66b511b4ff8387f8f51c54ade
CPIAUCNS,2018-03-13,854,1947-01-01,2018-02-01,f9c36c3b2bcdd336ddd4568d67ea8f3c30fa981e3bf1d76b2b1b3ef56d1e518e
CPIAUCNS,2018-04-11,855,1947-01-01,2018-03-01,530eb763a8500c2351684315011aa4d3e984e4390e6f332c581ab9d617aafcfe
CPIAUCNS,2018-05-10,856,1947-01-01,2018-04-01,288b4450e25966d66b2c4fb8727038f3810b0d7506320bd477a9cad3c3d41ac4
CPIAUCNS,2018-06-12,857,1947-01-01,2018-05-01,5cc632fb146383d442a618e3dc422ec4f393539752fcf4136a2c664e00dbcbc2
CPIAUCNS,2018-07-12,858,1947-01-01,2018-06-01,d16751091c515b6ef04b72a5a9d99905d66c908b1b43a0e841d42cdfc21740db
CPIAUCNS,2018-08-10,859,1947-01-01,2018-07-01,ff16d5d47312958f140fcd92736926354af60c9dafaad47d5f81526e82ac0b44
CPIAUCNS,2018-09-13,860,1947-01-01,2018-08-01,052c92994495a3b9de1c49707a96a4a1f1e60867906310e8852de39d9e343335
CPIAUCNS,2018-10-11,861,1947-01-01,2018-09-01,3ee7803347f3275e4bcbfb0767cb3e447e35ab2a55c24c466d84ae5c63fa671f
CPIAUCNS,2018-11-14,862,1947-01-01,2018-10-01,12659a20d72eae01bffe0633a4c27698c2193ef3da2748253a3ea49352c87f52
CPIAUCNS,2018-12-12,863,1947-01-01,2018-11-01,7f2625cb3910385e6b8846507a427241f07e15bce8a5d9a580d5d628b30e714f
CPIAUCNS,2019-01-11,864,1947-01-01,2018-12-01,2caa1501e3d45ac27e53eb50e0afbf6061676b229f489f0f821a55b49b6a2b63
CPIAUCNS,2019-02-13,865,1947-01-01,2019-01-01,c8dc0808342dde4d069b05ada4ed943b89632cfb2db56e71d6f4313064aa6516
CPIAUCNS,2019-03-12,866,1947-01-01,2019-02-01,9b7fd2e147c75511117c2473a0177b394ae5f702765036f44cf9a532db109ab6
CPIAUCNS,2019-04-10,867,1947-01-01,2019-03-01,3259e7da26a002beee5dcd073872b71958bf6add5497adfd1e1fbe4c64d715a5
CPIAUCNS,2019-05-10,868,1947-01-01,2019-04-01,5c19b711feae3ae61d8705a3aa9dc6a6de39661e754f7dccf5d188679a41f913
CPIAUCNS,2019-06-12,869,1947-01-01,2019-05-01,a37a5fa35a8003af867bede2ea59f78fd4b6536d81e381b3ee5bb36cbf14b76f
CPIAUCNS,2019-07-11,870,1947-01-01,2019-06-01,d8333bcedea481461a8314fcd277a1fdaa45e8438e2dab1a8ca27efbddae432e
CPIAUCNS,2019-08-13,871,1947-01-01,2019-07-01,f3b52526698cb69caf24291685f88f079395db84ed2a99c6d839a5d9b4c7f903
CPIAUCNS,2019-09-12,872,1947-01-01,2019-08-01,13c5d9a5fb7664d9200ff28b97897c5e5ddbf9a801361cc32d6a28801fef7cdb
CPIAUCNS,2019-10-10,873,1947-01-01,2019-09-01,293f60065149b1f3fd59c6136d49a25adebc5bb38d2a619e61a983f3658f65c8
CPIAUCNS,2019-11-13,874,1947-01-01,2019-10-01,521d4fe9570af3eb8e756483b3be8b93bd0e22f69d9dd3fd1e57940231556e4e
CPIAUCNS,2019-12-11,875,1947-01-01,2019-11-01,f6d86d18d2c276b362b8d5cc1321c2f439188bb07027ad666c3784f0c8cc163b
CPIAUCNS,2020-01-14,876,1947-01-01,2019-12-01,29654bb440fa5a3628c3e17d43c5e62778fd5f936c5496d3d7dc5059da157942
CPIAUCNS,2020-02-13,877,1947-01-01,2020-01-01,7de472f046a3d223577684e17ab97b4cb9445949debd1fc48caa40876719dd87
CPIAUCNS,2020-03-11,878,1947-01-01,2020-02-01,18e1e0feac07fb44e881120675464d12ea1256fc5f72c28c72c0ad711ac94fc1
CPIAUCNS,2020-04-10,879,1947-01-01,2020-03-01,6b84a17f907be74c2598db9bbc141a5660d6a04b8bf8d848422d2460238a9bd1
CPIAUCNS,2020-05-12,880,1947-01-01,2020-04-01,c9a4c93ad0f0082af3d4de7dcb5e7e51318d09207c3405357e228ef8adfd29cf
CPIAUCNS,2020-06-10,881,1947-01-01,2020-05-01,274531295bdbf419a28ca9382dd762056a93204169eebc7b2f0dd6a142dbefe5
CPIAUCNS,2020-07-14,882,1947-01-01,2020-06-01,7a4c5d608c4d4d8342d25239a17a7ec9f818f74b74abb9a10d961ea115d678d4
CPIAUCNS,2020-08-12,883,1947-01-01,2020-07-01,3d3734cb446ece274bf4ac14cdc4c4251ad5332f0c26c957bc3f34f1ae17b388
CPIAUCNS,2020-09-11,884,1947-01-01,2020-08-01,c81411abbe987e0c4bf8453ff8b76585d5b9a68c23b369cde058916cacb7cfcc
CPIAUCNS,2020-10-13,885,1947-01-01,2020-09-01,248acc719f55238c9e958157cde179490953885ed96c9f442823d8284a34901e
CPIAUCNS,2020-11-12,886,1947-01-01,2020-10-01,5e19390b3f8fcf1ca36afda7b6f06c2f8904cc96d878c30184adf6b41b1530ef
CPIAUCNS,2020-12-10,887,1947-01-01,2020-11-01,dc894527ecb7bf6e58893956005f6912090e688564a564fae42a7469d76700cd
CPIAUCNS,2021-01-13,888,1947-01-01,2020-12-01,10a4109dda40ace9ea590eb09aa05d6a9fe264553a918361e102191c79fd49ef
CPIAUCNS,2021-02-10,889,1947-01-01,2021-01-01,1377dc30ae853bb03868e2bd02ac0275efc0a3957118bfc98f618d27cdd2b032
CPIAUCNS,2021-03-10,890,1947-01-01,2021-02-01,d1b055b9955582acf04adcf5769999b1b647561fdd5dc2d969c16f96b41c3605
CPIAUCNS,2021-04-13,891,1947-01-01,2021-03-01,dd2f7e4dc8b70324589e0f3e9abf8240c73c93532c01b3f61088611d4670d20e
CPIAUCNS,2021-05-12,892,1947-01-01,2021-04-01,464c50fd4516d2448b692f7d16b6d21bb8043e97a875da75b43b20dd354c6fe5
CPIAUCNS,2021-06-10,893,1947-01-01,2021-05-01,8d56c6edd3004687040365ec5d23899b231ffa403a19ab39f48c9ea9938f91be
CPIAUCNS,2021-07-13,894,1947-01-01,2021-06-01,31dbfac72fd90f3deed2bf1c483fb3795794da1b79d8219bcf342d6ea0d53702
CPIAUCNS,2021-08-11,895,1947-01-01,2021-07-01,a2c1a0a5be893f3c6526004c55b76f5d08056972968249c8518e9e05aea94664
CPIAUCNS,2021-09-14,896,1947-01-01,2021-08-01,456d0135ba0dea787dd9aa3fa85ea9a591c065facdfada85f5daa1661f4c47fe
CPIAUCNS,2021-10-13,897,1947-01-01,2021-09-01,9b95f9c091983faea8f247bcad092b3ed8bb9c6330f1d24ef66be0ca0368f011
CPIAUCNS,2021-11-10,898,1947-01-01,2021-10-01,7fcef51ca15668d28a337699cac46ff49536b8b02c928ba9b19e7f9813312b77
CPIAUCNS,2021-12-10,899,1947-01-01,2021-11-01,b2796c968938579cdf1c726249d362e72ea4584426f79f4d7f86015a6c58f9b6
CPIAUCNS,2022-01-12,900,1947-01-01,2021-12-01,bc6beecd82ca80ac8520cd84ba54342570e319f757f855820603c609929a3d44
CPIAUCNS,2022-02-10,901,1947-01-01,2022-01-01,a203ba6cf2f2daf9a70b32f4a3e158a282d734e4528932c4143b2b723bddeeaa
CPIAUCNS,2022-03-10,902,1947-01-01,2022-02-01,f7ccac943e0de9912ef7186f9f1aab725cb68e2f292ca800f84f865bd236fdde
CPIAUCNS,2022-04-12,903,1947-01-01,2022-03-01,bab01126ae17efd04da5ace8f57f0309fb19570603fa7ce521127f9875ab52a4
CPIAUCNS,2022-05-11,904,1947-01-01,2022-04-01,93fe3555f23dfa3adac22e260c436ac361eb6cad93300a3f6e9a72994c6abb4f
CPIAUCNS,2022-06-10,905,1947-01-01,2022-05-01,da29f4fbe384259909bade73fab7f4be70f3cd37ae9e2aa4372b4c6da8bcaec3
CPIAUCNS,2022-07-13,906,1947-01-01,2022-06-01,412738d9a2ecf7b6b4e380a5c008fc394a606fa48a6eea537b4487f2659e74d7
CPIAUCNS,2022-08-10,907,1947-01-01,2022-07-01,07c9e26ed6676acee2911cc9d5f081cc28809059fc15fa9d0f2e2717062c1e50
CPIAUCNS,2022-09-13,908,1947-01-01,2022-08-01,fcd619ec233c1b4804874b3d57df68f6135f0bf6afec2d5c9318626f0b3cb5fe
CPIAUCNS,2022-10-13,909,1947-01-01,2022-09-01,4e728fa5299118dcfb13dc13602ec56cfe8e47448082e86fecc53c9d4966cd11
CPIAUCNS,2022-11-10,910,1947-01-01,2022-10-01,0a26d968459942bd11d6da4774702e293b39dafc16020099f863e001630fe024
CPIAUCNS,2022-12-13,911,1947-01-01,2022-11-01,8a489cf6d1f2426d64727ba1693b412983a37e264ad3a10ebc3ff322164b7698
CPIAUCNS,2023-01-12,912,1947-01-01,2022-12-01,38bbad6739dedb5ee651a45c52c7a3f33d615f238b6a5ab308b56667899fb784
CPIAUCNS,2023-02-14,913,1947-01-01,2023-01-01,f066c095e2ffd21f73bdc51df531efd432e4cac1b5bd46d8f5a3dfeb45c3f018
CPIAUCNS,2023-03-14,914,1947-01-01,2023-02-01,a10c0f1597302378b6fddce56cf74df71d5775d23984bb21befc5f12d4a65da0
CPIAUCNS,2023-04-12,915,1947-01-01,2023-03-01,37bcc1e8ef18fd4c248c342aff2127a63b78e4c3478234ff5673afd38813de45
CPIAUCNS,2023-05-10,916,1947-01-01,2023-04-01,1f7dab8de716b8f3ecedb8aecd65bc78223ecbff785cfa83aba6cf1f80469903
CPIAUCNS,2023-06-13,917,1947-01-01,2023-05-01,6b1cd3ada64f44157f3c3c7cbc6661ac6769fce2136ea8a99725d59f1d560ac7
CPIAUCNS,2023-07-12,918,1947-01-01,2023-06-01,3df45386cca3b9aa4add6373d28c4bef432ef6a7071e29e6b950494d87adc77b
CPIAUCNS,2023-08-10,919,1947-01-01,2023-07-01,efce81cee299d0ec0ab3497850b1a10f467550bc4308cb7b3a68f232b4455f68
CPIAUCNS,2023-09-13,920,1947-01-01,2023-08-01,f45cb996f8fe7ccd23247230f18724d9184d2fe9530ca77b1f289d4de970f63c
CPIAUCNS,2023-10-12,921,1947-01-01,2023-09-01,17680a9e51b611d15d00bb890deb7a34ab4c395e237b331ee31145674bc8e9e7
CPIAUCNS,2023-11-14,922,1947-01-01,2023-10-01,bdcd60a67747a8676e8893d63d50730dff5d278f5dd5bb241fb04655fae10425
CPIAUCNS,2023-12-12,923,1947-01-01,2023-11-01,6ad7e22cf43b997373dd6f5a7e335fece45080fd92b41d89c107fdf175701c9a
CPIAUCNS,2024-01-11,924,1947-01-01,2023-12-01,4e9ecef139214e91f37c4bf5beaae338da47535b4eb638cee91b4f18d707cf3c
CPIAUCNS,2024-02-13,925,1947-01-01,2024-01-01,232ed82fc8e5b1071794b8b7cab570924f2555b86facf3f04af10c4fdad2df9b
CPIAUCNS,2024-03-12,926,1947-01-01,2024-02-01,0a80d8eee6ba148363743adcf46f75285d677018a0e91ed2ea569836478df37d
CPIAUCNS,2024-04-10,927,1947-01-01,2024-03-01,206e00706c444ea6ef782d46507df43ea6c209f73ba312291aa4b4ff7f29abf6
CPIAUCNS,2024-05-15,928,1947-01-01,2024-04-01,adefd34a0fe1268b62a83121051b729b3e47c5d7110fdd846bb3686aee1b1171
CPIAUCNS,2024-06-12,929,1947-01-01,2024-05-01,aff82c80675102c2f35c4873abfdb63d07dec84771ceeb2a4910ec3a2fef08ba
CPIAUCNS,2024-07-11,930,1947-01-01,2024-06-01,d4c1ff11573a9ca77dd534e7ee4c116107c81dc60f7ef793f744a3657db86ec3
CPIAUCNS,2024-08-14,931,1947-01-01,2024-07-01,89cc5ee77de4da72e5066927c021d4021a0dd50092cc7ea0e92301e94717dfa2
CPIAUCNS,2024-09-11,932,1947-01-01,2024-08-01,86c7d5b648347529866f604f8b63be33f8c6231efaa056f045fa5ad2c593b73d
CPIAUCNS,2024-10-10,933,1947-01-01,2024-09-01,92bacb89261d74f539af3dc675c7e1fb05d3efc95c6b06e094ad63048e8b88ee
CPIAUCNS,2024-11-13,934,1947-01-01,2024-10-01,55da4ca1b312e2e1490b500a2c996f7acceaaa03d7a24a269125c8d00bf146ae
CPIAUCNS,2024-12-11,935,1947-01-01,2024-11-01,133d8a68437766e18e0933c2399f3588adae3a912444be24cfd7e45893140b0a
CPIAUCNS,2025-01-15,936,1947-01-01,2024-12-01,7b5b36c5b801f53372c1ab410bc8cc40f7d7e194096f57659f0ca25a7dd8e51f
CPIAUCNS,2025-02-12,937,1947-01-01,2025-01-01,6e931a16fb57e633fa3c003451ec797d13ff749e65dd8035a871356876b182e9
CPIAUCNS,2025-03-12,938,1947-01-01,2025-02-01,573c71cc473a002eaf2af0603639455bbca9d4d311e384beb9d783312ba2bc7c
CPIAUCNS,2025-04-10,939,1947-01-01,2025-03-01,756df629acb3cf54ab6b2e08c95a91d614b8208031f249f8fb9d172f66ce1a44
CPIAUCNS,2025-05-13,940,1947-01-01,2025-04-01,b2b494d34e4635612f71e26cf89a0827a2255189622b474df07cfe676acc664f
CPIAUCNS,2025-06-11,941,1947-01-01,2025-05-01,37dd655de45ed5606701fe21f6449f3b28e26d5098869b73c0adeee4a8b5856c
CPIAUCNS,2025-07-15,942,1947-01-01,2025-06-01,459e067c3d5567cbb28c0638e755c5717ace1f2cf67303cb6b3c5154cd3bb857
CPIAUCNS,2025-08-12,943,1947-01-01,2025-07-01,4d2d0a80756ed38961f66f11bb0dc02ffaff00738d9db5639b624f10813d3f65
CPIAUCNS,2025-09-11,944,1947-01-01,2025-08-01,d4719a20e9a88556c2ff43b5fa8fa71e4acd204fd670311b732ed3478dd38203
CPIAUCNS,2025-10-24,945,1947-01-01,2025-09-01,e0ea992400559c793f3f8d70935ffcea21adf152b4af94310477b21061b2f460
CPIAUCNS,2025-12-18,946,1947-01-01,2025-11-01,5c0e201e6238ef64b82282a4441e08d9ed3df750346341d8499a388d7b7c9b44
CPIAUCNS,2026-01-13,947,1947-01-01,2025-12-01,fcdab81d5e1ae542f0863290025ce7deae94b58b3e62ca0744837b5477b1f4cf
CPIAUCNS,2026-02-13,948,1947-01-01,2026-01-01,9c4727d75af4b3a26acfc8d4e590ef71954b8109ab56d2c35355adfb3dd2ceda
CPIAUCNS,2026-03-11,949,1947-01-01,2026-02-01,ec8518f7f64d49b7dc59df5971134bf6add71f3cf58af69c8e7f06cd0ff497cc
CPIAUCNS,2026-04-10,950,1947-01-01,2026-03-01,d37a4eba43999c44915c5d2ff01f0da6daf6892cdda743fd3594620347d43cf8
CPIAUCNS,2026-05-12,951,1947-01-01,2026-04-01,85a744839b487d80ef1a330f6fc34acad27b75f4a49d688cc70b1ef776c2fcc2
CPIAUCNS,2026-06-10,952,1947-01-01,2026-05-01,f93ab759565b1050d675130b9dc01ce99a9f1a1e389532bceba938aaa92ab55a
CPIAUCNS,2026-07-14,953,1947-01-01,2026-06-01,d8cee1f7ec70b088e8de1136749e4fdc48a29dea2e59406b6a0b35ac6b459e94
CPIAUCNS,2026-08-12,954,1947-01-01,2026-07-01,63bcf207124f61842f6996166dbc5ba3b4eeb94014c34f368eb6f80dd7d7d473
CPIAUCNS,2026-09-11,955,1947-01-01,2026-08-01,53a5ebf1efa6f53d437e15be23fef2f17c7af67793e76fefb2ae74fb63c92ec7
